n,regime,epsilon,minimax,legacy_converse,continuous_converse,absolute_improvement,legacy_selected_branch,legacy_selected_order,continuous_selected_branch,continuous_selected_order,legacy_reverse,continuous_reverse,reverse_absolute_improvement,legacy_reverse_order,continuous_reverse_order,continuous_reverse_a,continuous_reverse_objective,continuous_reverse_endpoint,continuous_reverse_adjacent_mesh_best,legacy_forward,continuous_forward,forward_absolute_improvement,legacy_forward_order,continuous_forward_order,continuous_forward_a,continuous_forward_log_bound,continuous_forward_endpoint,continuous_forward_adjacent_mesh_best,minimax_minus_continuous_converse
1,constant,0.01,0.987766202,0.987766202,0.987766202,0.0,reverse,inf,reverse,inf,0.987766202,0.987766202,0.0,inf,inf,1.0,4.403552829659857,order_infinity,0.987766202,0.9490092592151418,0.9490107177365261,1.4585213843343325e-06,1.8181818181818181,1.808946272311107,0.44719198391536435,-0.05233518671993834,finite,0.9490092592151418,0.0
1,linear,1.0,0.0,0.0,0.0,0.0,reverse,1.000010000100001,reverse,1.000010000100001,0.0,0.0,0.0,1.000010000100001,1.000010000100001,9.999999999961955e-06,0.0,finite,0.0,0.0,0.0,0.0,1.000010000100001,1.000010000100001,9.999999999961955e-06,-inf,finite,0.0,0.0
2,constant,0.01,0.9850334186495197,0.9850334186495195,0.9850334186495195,0.0,reverse,inf,reverse,inf,0.9850334186495195,0.9850334186495195,0.0,inf,inf,1.0,4.201935473331622,order_infinity,0.9850334186495195,0.9231352681485233,0.9231357127351353,4.445866119695552e-07,1.5625000000000002,1.5654740342384763,0.3612158501968068,-0.0799790209051852,finite,0.9231352681485233,1.1102230246251565e-16
2,linear,0.5,0.396994783288868,0.3755277664940007,0.37554920470332637,2.1438209325652657e-05,forward,10.000000000000002,forward,9.567030416702943,0.34224100925109924,0.34224351778627277,2.508535173528781e-06,4.76190476190476,4.734342011858868,0.7887774061326497,0.4189205039773018,finite,0.34224100925109924,0.3755277664940007,0.37554920470332637,2.1438209325652657e-05,10.000000000000002,9.567030416702943,0.8954743576173737,-0.97936577853755,finite,0.3755277664940007,0.021445578585541636
3,constant,0.01,0.9816901867007649,0.9816901867007656,0.9816901867007656,0.0,reverse,inf,reverse,inf,0.9816901867007656,0.9816901867007656,0.0,inf,inf,1.0,4.000318117003387,order_infinity,0.9816901867007656,0.9001925578637914,0.9002023929171241,9.835053332740706e-06,1.4492753623188408,1.4595321189860224,0.31484892521945473,-0.10513565992074568,finite,0.9001925578637914,-6.661338147750939e-16
3,linear,0.3333333333333333,0.5400037668641167,0.49084244975373026,0.4908718428827162,2.9393128985921724e-05,reverse,4.999999999999998,reverse,4.908027829832599,0.49084244975373026,0.4908718428827162,2.9393128985921724e-05,4.999999999999998,4.908027829832599,0.796252174056212,0.6750555119676579,finite,0.49084244975373026,0.4882594917750735,0.4882595608233297,6.904825622378041e-08,4.545454545454546,4.540841411183843,0.7797764974709191,-0.7169081275976543,finite,0.4882594917750735,0.04913192398140048
4,constant,0.01,0.9776001442679447,0.9776001442679452,0.9776001442679452,0.0,reverse,inf,reverse,inf,0.9776001442679452,0.9776001442679452,0.0,inf,inf,1.0,3.798700760675152,order_infinity,0.9776001442679452,0.8789592366880301,0.8789683127703494,9.076082319259271e-06,1.3888888888888888,1.3968890068455828,0.28412350938449077,-0.1290064311272373,finite,0.8789592366880301,-4.440892098500626e-16
4,linear,0.25,0.6253542760004445,0.5673531100889875,0.5673564101058227,3.3000168352392834e-06,reverse,4.76190476190476,reverse,4.734342011858868,0.5673531100889875,0.5673564101058227,3.3000168352392834e-06,4.76190476190476,4.734342011858868,0.7887774061326497,0.8378410079546036,finite,0.5673531100889875,0.5398023364073488,0.5398182466065254,1.5910199176683015e-05,3.333333333333333,3.373323276167157,0.7035564284439938,-0.6165227764379853,finite,0.5398023364073488,0.05799786589462175
5,constant,0.01,0.9733479544584683,0.9728320950659215,0.9728321799756722,8.490975067498852e-08,reverse,58.34600886166606,reverse,57.48423811504208,0.9728320950659215,0.9728321799756722,8.490975067498852e-08,58.34600886166606,57.48423811504208,0.9826039270452064,3.605722093421381,finite,0.9728320950659216,0.8589385325338,0.8589402634062288,1.7308724287179444e-06,1.3513513513513513,1.3543477500711911,0.2616371977230847,-0.15205590143439993,finite,0.8589385325338,0.0005157744827961608
5,linear,0.2,0.6632255709470057,0.6134710143834408,0.613475249446299,4.235062858293226e-06,reverse,4.545454545454546,reverse,4.517323414840833,0.6134710143834408,0.613475249446299,4.235062858293226e-06,4.545454545454546,4.517323414840833,0.7786299743970767,0.950559375349871,finite,0.6134710143834408,0.5662923686648017,0.5663033317713071,1.0963106505390563e-05,2.7777777777777777,2.8014906095220606,0.6430471704595141,-0.5686254224763526,finite,0.5662923686648017,0.049750321500706685
6,constant,0.01,0.9707473689674382,0.9674618393024703,0.9674724301475325,1.05908450621639e-05,reverse,34.91221794698342,reverse,38.52042880198526,0.9674618393024703,0.9674724301475325,1.05908450621639e-05,34.91221794698342,38.52042880198526,0.9740397490084933,3.4256672460993625,finite,0.9674618393024703,0.8398449235500067,0.839858248054601,1.3324504594236508e-05,1.3157894736842106,1.3230500999740415,0.244170723376522,-0.1745221537010031,finite,0.8398449235500067,0.003274938819905704
6,linear,0.16666666666666666,0.6967437017886704,0.6439552495304851,0.6439630022413747,7.752710889596948e-06,reverse,4.347826086956522,reverse,4.313207455062599,0.6439552495304851,0.6439630022413747,7.752710889596948e-06,4.347826086956522,4.313207455062599,0.7681539758014059,1.032720627241796,finite,0.6439552495304851,0.5801970971695264,0.5802064006874013,9.30351787487016e-06,2.4390243902439024,2.456131031667193,0.592855598049583,-0.5443713754918418,finite,0.5801970971695264,0.052780699547295695
7,constant,0.01,0.9670688492567686,0.9627752342004751,0.9627752933928568,5.919238177387598e-08,reverse,8.333333333333334,reverse,8.358945005515205,0.9627752342004751,0.9627752933928568,5.919238177387598e-08,8.333333333333334,8.358945005515205,0.8803676780574339,3.290782582051097,finite,0.9627752342004751,0.8215630771115072,0.8215630792919868,2.180479574676042e-09,1.2987012987012987,1.2987857582844609,0.23005007283042647,-0.19654655894812154,finite,0.8215630771115072,0.00429355586391178
7,linear,0.14285714285714285,0.7186235200858947,0.6653124674159441,0.6653219661923824,9.498776438299217e-06,reverse,4.166666666666667,reverse,4.131517354140529,0.6653124674159441,0.6653219661923824,9.498776438299217e-06,4.166666666666667,4.131517354140529,0.7579581751005309,1.0945863024147784,finite,0.6653124674159441,0.586954535693648,0.5869546093470408,7.365339282916494e-08,2.2222222222222223,2.2234855467657675,0.5502556778682112,-0.5328077886395598,finite,0.586954535693648,0.05330155389351232
8,constant,0.01,0.9650309040837114,0.9587934136253012,0.9587957946612161,2.381035914877927e-06,reverse,7.142857142857142,reverse,7.0453488763978145,0.9587934136253012,0.9587957946612161,2.381035914877927e-06,7.142857142857142,7.0453488763978145,0.8580623873219341,3.189214956505874,finite,0.9587934136253012,0.8039447674031163,0.803947587362149,2.8199590327293578e-06,1.282051282051282,1.2792644448710169,0.2183007946407624,-0.21822120177619458,finite,0.8039447674031163,0.0062351094224952774
8,linear,0.125,0.7304513320845086,0.6808632697196935,0.6808706062455008,7.336525807311034e-06,reverse,4.0,reverse,3.9714633587558468,0.6808632697196935,0.6808706062455008,7.336525807311034e-06,4.0,3.9714633587558468,0.7482036444336545,1.1421586353852282,finite,0.6808632697196935,0.5892682970487714,0.5892823812405978,1.4084191826468917e-05,2.0408163265306123,2.055634742923978,0.5135322539949003,-0.528849785361226,finite,0.5892682970487714,0.049580725839007855
9,constant,0.01,0.9614503967420583,0.954892645941277,0.9548938147937653,1.1688524883535223e-06,reverse,6.249999999999999,reverse,6.299094027446802,0.954892645941277,0.9548938147937653,1.1688524883535223e-06,6.249999999999999,6.299094027446802,0.8412470117698294,3.0987358976145103,finite,0.954892645941277,0.7869315748961426,0.7869346811875736,3.1062914309654133e-06,1.2658227848101264,1.2631196318259568,0.20830935185893118,-0.23961003122955757,finite,0.7869315748961426,0.0065565819482930054
9,linear,0.1111111111111111,0.747800781663298,0.6924802355422102,0.692482907128583,2.6715863727933e-06,reverse,3.846153846153846,reverse,3.830151811050787,0.6924802355422102,0.692482907128583,2.6715863727933e-06,3.846153846153846,3.830151811050787,0.7389137430232422,1.179224606706727,finite,0.6924802355422102,0.588713367980261,0.5887159250984351,2.5571181740957627e-06,1.923076923076923,1.928626268493735,0.48149622540348164,-0.529811512016986,finite,0.588713367980261,0.05531787453471504
10,constant,0.01,0.9594654014016932,0.9510049503399017,0.951012842514602,7.89217470031911e-06,reverse,5.882352941176469,reverse,5.778529380951069,0.9510049503399017,0.951012842514602,7.89217470031911e-06,5.882352941176469,5.778529380951069,0.8269455887346525,3.0161971073583915,finite,0.9510049503399018,0.7704659829664141,0.7704661166213719,1.336549577679591e-07,1.25,1.249479086690184,0.1996664764922502,-0.2607596010210254,finite,0.7704659829664141,0.008452558887091177
10,linear,0.1,0.7520390409523334,0.7012990089635186,0.7012990190416061,1.00780874756623e-08,reverse,3.7037037037037033,reverse,3.7046215630971746,0.7012990089635186,0.7012990190416061,1.00780874756623e-08,3.7037037037037033,3.7046215630971746,0.7300668953716368,1.2083122696730855,finite,0.7012990089635187,0.5861609206019669,0.5861734447874036,1.252418543673528e-05,1.8181818181818181,1.8290830954586192,0.4532779825679474,-0.5341395523329432,finite,0.5861609206019669,0.05074002191072735
11,constant,0.01,0.955947259710399,0.9471122468974836,0.9471281722754424,1.592537795880311e-05,reverse,5.263157894736841,reverse,5.382173148054055,0.9471122468974836,0.9471281722754424,1.592537795880311e-05,5.263157894736841,5.382173148054055,0.814201443823569,2.9398846391685614,finite,0.9471122468974836,0.7544904299928666,0.7544961894618759,5.759469009269935e-06,1.2345679012345678,1.2377565315920318,0.1920866709434559,-0.2817050512019955,finite,0.7544904299928666,0.008819087434956518
11,linear,0.09090909090909091,0.7648039769089541,0.7080475241783764,0.7080534594153668,5.935236990439741e-06,reverse,3.571428571428571,reverse,3.592318089708122,0.7080475241783764,0.7080534594153668,5.935236990439741e-06,3.571428571428571,3.592318089708122,0.7216282146993139,1.2311845736646914,finite,0.7080475241783764,0.582236178567856,0.5822399517323691,3.773164513054539e-06,1.7543859649122808,1.7489220260412157,0.4282192201195174,-0.5408726280181789,finite,0.582236178567856,0.05675051749358728
12,constant,0.01,0.9538775628986088,0.9432198195832088,0.9432261499855971,6.330402388288192e-06,reverse,4.999999999999998,reverse,5.064799413868964,0.9432198195832088,0.9432261499855971,6.330402388288192e-06,4.999999999999998,5.064799413868964,0.8025588146172787,2.8686794463360674,finite,0.9432198195832088,0.7389580277209935,0.7389879385710212,2.9910850027681235e-05,1.2345679012345678,1.227541064552028,0.18536330158133282,-0.3024736794512681,finite,0.7389580277209935,0.010651412913011749
12,linear,0.08333333333333333,0.7665700778438078,0.7132131544937361,0.7132413651652421,2.8210671505934926e-05,reverse,3.4482758620689653,reverse,3.491141963806643,0.7132131544937361,0.7132413651652421,2.8210671505934926e-05,3.4482758620689653,3.491141963806643,0.7135607745639687,1.2491144106631495,finite,0.7132131544937361,0.5772839864961781,0.577305405846159,2.1419349980900115e-05,1.6949152542372883,1.6829610633815162,0.4058091884842932,-0.5493838529435725,finite,0.5772839864961781,0.05332871267856576
13,constant,0.01,0.9504614934170542,0.9392951790267846,0.9392983354414411,3.156414656535489e-06,reverse,4.76190476190476,reverse,4.802048061142546,0.9392951790267846,0.9392983354414411,3.156414656535489e-06,4.76190476190476,4.802048061142546,0.7917555202972977,2.801784158581661,finite,0.9392951790267847,0.7239100760130119,0.7239107320639145,6.560509026032335e-07,1.2195121951219512,1.218535607579977,0.17934281626286708,-0.3230871924525369,finite,0.7239100760130119,0.01116315797561307
13,linear,0.07692307692307693,0.7754631986435334,0.7171694677160924,0.7172090231237163,3.955540762390353e-05,reverse,3.4482758620689653,reverse,3.3993919652793667,0.7171694677160924,0.7172090231237163,3.955540762390353e-05,3.4482758620689653,3.3993919652793667,0.705829745373944,1.2630472518468017,finite,0.7171694677160924,0.5716155942003954,0.5716394055813592,2.3811380963745243e-05,1.639344262295082,1.6277205918101874,0.38564394587654605,-0.5592468962169613,finite,0.5716155942003954,0.05825417551981715
14,constant,0.01,0.9483317821442327,0.9353363407754893,0.9353391739382863,2.8331627969224726e-06,reverse,4.545454545454546,reverse,4.579234321852583,0.9353363407754893,0.9353391739382863,2.8331627969224726e-06,4.545454545454546,4.579234321852583,0.7816228806576034,2.7385997312991845,finite,0.9353363407754893,0.7092133623724615,0.7092386638374463,2.530146498480601e-05,1.2048192771084336,1.2105188997835197,0.17390798261899698,-0.34356318873082087,finite,0.7092133623724615,0.012992608205946499
14,linear,0.07142857142857142,0.776006776481205,0.7202003642946109,0.7202061202932717,5.755998660816886e-06,reverse,3.333333333333333,reverse,3.315690903088728,0.7202003642946109,0.7202061202932717,5.755998660816886e-06,3.333333333333333,3.315690903088728,0.6984037326674657,1.2737020908044006,finite,0.7202003642946107,0.5654252405413163,0.5654340081642657,8.767622949434895e-06,1.5873015873015872,1.58077542276167,0.3673990716195694,-0.5701616866736011,finite,0.5654252405413163,0.055800656187933284
15,constant,0.01,0.9449819332708432,0.9313401857356529,0.9313448753157612,4.689580108241387e-06,reverse,4.347826086956522,reverse,4.386811311476147,0.9313401857356529,0.9313448753157612,4.689580108241387e-06,4.347826086956522,4.386811311476147,0.7720439907264889,2.6786595001116247,finite,0.931340185735653,0.6949476157638755,0.6949494490967171,1.8333328415387484e-06,1.2048192771084336,1.2033223420951937,0.16896747860691608,-0.36391617117530883,finite,0.6949476157638755,0.013637057955082077
15,linear,0.06666666666666667,0.782406456881898,0.7224138457916416,0.722417379103197,3.5333115554481154e-06,reverse,3.2258064516129026,reverse,3.2389171617366657,0.7224138457916416,0.722417379103197,3.5333115554481154e-06,3.2258064516129026,3.2389171617366657,0.6912548391747652,1.2816366571478583,finite,0.7224138457916416,0.5588286077908744,0.5588294907167086,8.829258342224477e-07,1.5384615384615388,1.5403825142242884,0.3508106001166965,-0.5819108779082987,finite,0.5588286077908744,0.059989077778700994
16,constant,0.01,0.942826000530566,0.9273027776226327,0.927312805072322,1.0027449689364865e-05,reverse,4.166666666666667,reverse,4.218225050669343,0.9273027776226327,0.927312805072322,1.0027449689364865e-05,4.166666666666667,4.218225050669343,0.7629334641969088,2.6215900457517454,finite,0.9273027776226328,0.680986645838429,0.6810236400842513,3.699424582226385e-05,1.1904761904761905,1.1968152648809123,0.16444915991316023,-0.38415825965502937,finite,0.680986645838429,0.015513195458243922
16,linear,0.0625,0.7821454058785777,0.7239401410309558,0.7239824949057325,4.23538747766905e-05,reverse,3.1249999999999996,reverse,3.168151744281823,0.7239401410309558,0.7239824949057325,4.23538747766905e-05,3.1249999999999996,3.168151744281823,0.6843585532779818,1.287290991021628,finite,0.7239401410309558,0.5519045748312392,0.5519304869516973,2.591212045810476e-05,1.5151515151515154,1.5052564038882135,0.3356613548250587,-0.5943331700701497,finite,0.5519045748312392,0.058162910972845205
17,constant,0.01,0.9394972730075942,0.9232196039492189,0.9232411244855614,2.1520536342523044e-05,reverse,4.0,reverse,4.068786476124191,0.9232196039492189,0.9232411244855614,2.1520536342523044e-05,4.0,4.068786476124191,0.7542264736997034,2.5670862573189006,finite,0.923219603949219,0.6674438870181824,0.667444054540601,1.675224186037383e-07,1.1904761904761905,1.190894139857161,0.16029480158501527,-0.4042997056425942,finite,0.6674438870181824,0.01625614852203283
17,linear,0.058823529411764705,0.7869739816956319,0.7249970284880871,0.7250091370587464,1.2108570659252749e-05,reverse,3.1249999999999996,reverse,3.102635432572387,0.7249970284880871,0.7250091370587464,1.2108570659252749e-05,3.1249999999999996,3.102635432572387,0.6776933604568222,1.2910174075357193,finite,0.7249970284880871,0.5448119463469735,0.544816448273562,4.501926588518224e-06,1.4705882352941178,1.4744277816282052,0.32177078290283995,-0.607306333204711,finite,0.5448119463469735,0.06196484463688556
18,constant,0.01,0.9373297689022958,0.9191067781268656,0.9191285641945746,2.1786067708973178e-05,reverse,4.0,reverse,3.935028725465134,0.9191067781268656,0.9191285641945746,2.1786067708973178e-05,4.0,3.935028725465134,0.7458722490312198,2.5148945975442523,finite,0.9191067781268656,0.6541704525930382,0.6541953497540071,2.4897160968873067e-05,1.1904761904761905,1.185476053781253,0.15645702263630673,-0.4243492721972064,finite,0.6541704525930382,0.01820120470772124
18,linear,0.05555555555555555,0.786362055734274,0.7255782017933385,0.7255816794497737,3.477656435157961e-06,reverse,3.03030303030303,reverse,3.0417350075185676,0.7255782017933385,0.7255816794497737,3.477656435157961e-06,3.03030303030303,3.0417350075185676,0.6712402633601554,1.293101619505553,finite,0.7255782017933385,0.537547117224548,0.5375486290728937,1.5118483457365883e-06,1.4492753623188408,1.447152080755069,0.30898762244930206,-0.6207360503789707,finite,0.537547117224548,0.06078037628450028
19,constant,0.01,0.9338678174151743,0.9149680920259868,0.9149742747269767,6.182700989842971e-06,reverse,3.846153846153846,reverse,3.8143211075393455,0.9149680920259868,0.9149742747269767,6.182700989842971e-06,3.846153846153846,3.8143211075393455,0.7378301480639868,2.464801418010313,finite,0.914968092025987,0.6412456802220151,0.6412636988409793,1.8018618964221744e-05,1.1764705882352942,1.1804937608886155,0.15289683594155465,-0.44431452001035976,finite,0.6412456802220151,0.01889354268819765
19,linear,0.05263157894736842,0.7899106122629268,0.7257114376058602,0.7257672149902379,5.577738437767543e-05,reverse,2.9411764705882346,reverse,2.984919515169255,0.7257114376058602,0.7257672149902379,5.577738437767543e-05,2.9411764705882346,2.984919515169255,0.6649825916852915,1.2937779529555593,finite,0.7257114376058602,0.5301628435076163,0.5301748727466292,1.2029239012889548e-05,1.4285714285714286,1.4228473888185655,0.2971839370416732,-0.6345483782784855,finite,0.5301628435076163,0.06414339727268892
20,constant,0.01,0.93180053386412,0.9107777179538239,0.9107777239744932,6.020669296447068e-09,reverse,3.7037037037037033,reverse,3.7046215630971746,0.9107777179538239,0.9107777239744932,6.020669296447068e-09,3.7037037037037033,3.7046215630971746,0.7300668953716368,2.416624539346171,finite,0.9107777179538239,0.6286361553479975,0.628636540442207,3.8509420940968653e-07,1.1764705882352942,1.175891740046297,0.1495815763102237,-0.4642020264287201,finite,0.6286361553479975,0.021022809889626792
20,linear,0.05,0.788874324704401,0.7256170482703641,0.7256197930800621,2.744809697974304e-06,reverse,2.9411764705882346,reverse,2.9317393545118913,0.7256170482703641,0.7256197930800621,2.744809697974304e-06,2.9411764705882346,2.9317393545118913,0.6589055577328118,1.2932405179480302,finite,0.7256170482703641,0.5227110208937077,0.5227329659031537,2.1945009445967223e-05,1.4084507042253522,1.4010527084887054,0.28625097832423096,-0.6486845267554315,finite,0.5227110208937077,0.06325453162433892
21,constant,0.01,0.9282840867019291,0.9065296450219408,0.9065386246434155,8.979621474725086e-06,reverse,3.571428571428571,reverse,3.6043160133591883,0.9065296450219408,0.9065386246434155,8.979621474725086e-06,3.571428571428571,3.6043160133591883,0.7225548491604071,2.370207025826433,finite,0.9065296450219409,0.6162745855440142,0.6163023821955631,2.779665154895028e-05,1.1764705882352942,1.1716239999456686,0.14648385484901918,-0.48401755570328053,finite,0.6162745855440142,0.021745462058513576
21,linear,0.047619047619047616,0.791656855626963,0.7251630248367269,0.7251834650109228,2.0440174195890393e-05,reverse,2.857142857142857,reverse,2.8818113597264765,0.7251630248367269,0.7251834650109228,2.0440174195890393e-05,2.857142857142857,2.8818113597264765,0.6529960239677473,1.2916515494504135,finite,0.7251630248367269,0.5152285123643712,0.5152530366818688,2.4524317497665038e-05,1.3888888888888888,1.3813978500194413,0.27609558681018187,-0.6630971656202628,finite,0.5152285123643712,0.06647339061604018
22,constant,0.01,0.9261907796519346,0.9022245571497934,0.9022568815659578,3.232441616440873e-05,reverse,3.571428571428571,reverse,3.512108560861098,0.9022245571497934,0.9022568815659578,3.232441616440873e-05,3.571428571428571,3.512108560861098,0.7152707603791096,2.325412482246576,finite,0.9022245571497934,0.6042194788527578,0.6042506443005248,3.116544776693431e-05,1.1627906976744187,1.1676520188101203,0.14358046413602205,-0.5037661931177316,finite,0.6042194788527578,0.02393389808597679
22,linear,0.045454545454545456,0.7902481906959546,0.724476854586247,0.7244945117915091,1.765720526214487e-05,reverse,2.857142857142857,reverse,2.834806931582035,0.724476854586247,0.7244945117915091,1.765720526214487e-05,2.857142857142857,2.834806931582035,0.647242290521025,1.289147729685623,finite,0.724476854586247,0.5077405385115491,0.5077593005207234,1.876200917427795e-05,1.36986301369863,1.3635817753366763,0.26663730911694383,-0.6777477615634057,finite,0.5077405385115491,0.0657536789044455
23,constant,0.01,0.9225092161141607,0.897927755650776,0.8979325525842787,4.796933502748679e-06,reverse,3.4482758620689653,reverse,3.426943462975957,0.897927755650776,0.8979325525842787,4.796933502748679e-06,3.4482758620689653,3.426943462975957,0.7081947774149737,2.282121435053033,finite,0.8979277556507761,0.5924697375122978,0.5924715334467937,1.795934495896212e-06,1.1627906976744187,1.1639431000528466,0.14085147293317263,-0.5234524519425781,finite,0.5924697375122978,0.02457666352988197
23,linear,0.043478260869565216,0.79248531429714,0.7235769407892279,0.7235831000140378,6.1592248099540114e-06,reverse,2.7777777777777777,reverse,2.790442414295356,0.7235769407892279,0.7235831000140378,6.1592248099540114e-06,2.7777777777777777,2.790442414295356,0.6416338875595393,1.2858450457379584,finite,0.7235769407892279,0.5002631097655277,0.5002713514704054,8.24170487767617e-06,1.3513513513513513,1.3473579711022459,0.2578067436808048,-0.6926046248291172,finite,0.5002631097655277,0.06890221428310217
24,constant,0.01,0.9204511138474951,0.8935632499782454,0.8935658189558418,2.5689775963178008e-06,reverse,3.333333333333333,reverse,3.3479508215424585,0.8935632499782454,0.8935658189558418,2.5689775963178008e-06,3.333333333333333,3.3479508215424585,0.701309830011397,2.2402285032494373,finite,0.8935632499782454,0.5809484833795487,0.580955940068203,7.456688654206012e-06,1.1627906976744187,1.1604695197753072,0.1382798229861114,-0.5430803596560714,finite,0.5809484833795487,0.026885294891653366
24,linear,0.041666666666666664,0.7908162737345857,0.7224398797425089,0.7224745303978306,3.4650655321710744e-05,reverse,2.7777777777777777,reverse,2.7484712628903925,0.7224398797425089,0.7224745303978306,3.4650655321710744e-05,2.7777777777777777,2.7484712628903925,0.6361613768708778,1.28184256765723,finite,0.7224398797425089,0.49280476162638165,0.4928051312836784,3.696572967726297e-07,1.3333333333333333,1.3325217039101998,0.2495431803732998,-0.7076414543095725,finite,0.49280476162638165,0.06834174333675513
25,constant,0.01,0.9168327927070004,0.8891247493467342,0.8891569625898083,3.2213243074008524e-05,reverse,3.2258064516129026,reverse,3.274405965209803,0.8891247493467342,0.8891569625898083,3.2213243074008524e-05,3.2258064516129026,3.274405965209803,0.6946010938701895,2.1996401558064265,finite,0.8891247493467344,0.56965127325848,0.5696953537473772,4.408048889725791e-05,1.1627906976744187,1.157207372219448,0.13585064871988722,-0.562653528141863,finite,0.56965127325848,0.0276758301171921
25,linear,0.04,0.7925701429903392,0.7211886343442111,0.7211901915442706,1.5572000594543667e-06,reverse,2.7027027027027026,reverse,2.708678640780384,0.7211886343442111,0.7211901915442706,1.5572000594543667e-06,2.7027027027027026,2.708678640780384,0.6308163010020653,1.2772254197399648,finite,0.7211886343442111,0.48536776732527975,0.4853736662950641,5.898969784368102e-06,1.3157894736842106,1.3189021110800923,0.24179361637303987,-0.722836238716591,finite,0.48536776732527975,0.07137995144606868
26,constant,0.01,0.9146165437503456,0.884700347275937,0.8847063482808467,6.001004909661489e-06,reverse,3.2258064516129026,reverse,3.2056990837112207,0.884700347275937,0.8847063482808467,6.001004909661489e-06,3.2258064516129026,3.2056990837112207,0.6880555617084604,2.1602729120333817,finite,0.884700347275937,0.5586468980279448,0.5586817929103097,3.4894882364966406e-05,1.1494252873563218,1.1541360810477252,0.1335510461710896,-0.5821752113596433,finite,0.5586468980279448,0.029910195469498913
26,linear,0.038461538461538464,0.7908373151427008,0.7197020141326786,0.7197482972000375,4.628306735887655e-05,reverse,2.7027027027027026,reverse,2.670876079139576,0.7197020141326786,0.7197482972000375,4.628306735887655e-05,2.7027027027027026,2.670876079139576,0.6255910156931914,1.2720671410448925,finite,0.7197020141326786,0.4779489432975109,0.47798763447164067,3.8691174129745765e-05,1.2987012987012987,1.306355307804043,0.23451147323695584,-0.7381704161314884,finite,0.4779489432975109,0.07108901794266331
27,constant,0.01,0.9111199212137715,0.8802099670559351,0.8802144096620304,4.442606095222956e-06,reverse,3.1249999999999996,reverse,3.141313051226268,0.8802099670559351,0.8802144096620304,4.442606095222956e-06,3.1249999999999996,3.141313051226268,0.6816617816522196,2.1220518815203544,finite,0.8802099670559352,0.5479024838108449,0.5479077458927921,5.262081947177144e-06,1.1494252873563218,1.1512377869979247,0.1313697211001964,-0.6016483531170165,finite,0.5479024838108449,0.03090551155174115
27,linear,0.037037037037037035,0.7920422408983513,0.7181639206730029,0.7181644623905443,5.417175413802156e-07,reverse,2.6315789473684212,reverse,2.634896668549817,0.7181639206730029,0.7181644623905443,5.417175413802156e-07,2.6315789473684212,2.634896668549817,0.620478475707977,1.2664315781377418,finite,0.7181639206730029,0.4706453016523048,0.47065580657267886,1.050492037407702e-05,1.2987012987012987,1.2947592805578019,0.2276556615456853,-0.7536282237173466,finite,0.4706453016523048,0.07387777850780697
28,constant,0.01,0.9086663168182687,0.8756463642108084,0.8756816379677264,3.527375691791956e-05,reverse,3.1249999999999996,reverse,3.080806096962267,0.8756463642108084,0.8756816379677264,3.527375691791956e-05,3.1249999999999996,3.080806096962267,0.6754096270498754,2.084909567865671,finite,0.8756463642108085,0.5373647161128187,0.5373661211457086,1.4050328899228859e-06,1.1494252873563218,1.1484967387313951,0.12929661332379694,-0.6210756269433482,finite,0.5373647161128187,0.03298467885054235
28,linear,0.03571428571428571,0.790197849576294,0.7164027603463426,0.7164521581503829,4.9397804040229865e-05,reverse,2.6315789473684212,reverse,2.600593787849495,0.7164027603463426,0.7164521581503829,4.9397804040229865e-05,2.6315789473684212,2.600593787849495,0.6154724337679325,1.2603744157321017,finite,0.7164027603463426,0.463382584485798,0.4633853928283112,2.8083425132052753e-06,1.282051282051282,1.284009822467428,0.22118975844098931,-0.7691961892150121,finite,0.463382584485798,0.07374569142591114
29,constant,0.01,0.9053452394008317,0.8711077194493302,0.8711085729484984,8.534991682296322e-07,reverse,3.03030303030303,reverse,3.023797065470471,0.8711077194493302,0.8711085729484984,8.534991682296322e-07,3.03030303030303,3.023797065470471,0.6692899760307127,2.048784879770883,finite,0.8711077194493303,0.5270296205167422,0.5270502048515302,2.0584334788020797e-05,1.1494252873563218,1.1458991938959027,0.12732288727760177,-0.6404594696053096,finite,0.5270296205167422,0.03423666645233325
29,linear,0.034482758620689655,0.7910525051943942,0.7146223037407788,0.714623073746596,7.700058171078439e-07,reverse,2.564102564102564,reverse,2.567835925557198,0.7146223037407788,0.714623073746596,7.700058171078439e-07,2.564102564102564,2.567835925557198,0.6105670186918158,1.2539444242525344,finite,0.7146223037407788,0.45613409444080977,0.45618231790007857,4.822345926880356e-05,1.282051282051282,1.2740172846194482,0.2150812927952526,-0.784862729418139,finite,0.45613409444080977,0.07642943144779824
30,constant,0.01,0.9026219885196797,0.8664772152502898,0.8664957954542498,1.8580203960061326e-05,reverse,2.9411764705882346,reverse,2.9699567908631628,0.8664772152502898,0.8664957954542498,1.8580203960061326e-05,2.9411764705882346,2.9699567908631628,0.6632947647331365,2.013622306913061,finite,0.8664772152502899,0.5168932990451612,0.5169536246017177,6.0325556556439786e-05,1.1494252873563218,1.1434333122125289,0.12544090738006164,-0.6598021094608755,finite,0.5168932990451612,0.03612619306542986
30,linear,0.03333333333333333,0.7892335201835659,0.7126435122328348,0.7126874076761305,4.3895443295638437e-05,reverse,2.564102564102564,reverse,2.5365064909833435,0.7126435122328348,0.7126874076761305,4.3895443295638437e-05,2.564102564102564,2.5365064909833435,0.6057569718213796,1.247184484079672,finite,0.7126435122328348,0.4490504298052897,0.44905144082773374,1.0110224440418314e-06,1.2658227848101264,1.2647045317312633,0.20930148116802214,-0.8006178302571787,finite,0.4490504298052897,0.07654611250743537
31,constant,0.01,0.8995842416839874,0.8618320775358115,0.8618439213248882,1.1843789076704248e-05,reverse,2.9411764705882346,reverse,2.918997487985427,0.8618320775358115,0.8618439213248882,1.1843789076704248e-05,2.9411764705882346,2.918997487985427,0.6574166287857414,1.9793712280370095,finite,0.8618320775358116,0.5070286351589349,0.507070318069252,4.168291031703131e-05,1.1363636363636365,1.1410881045408696,0.12364348027064749,-0.6791055905914647,finite,0.5070286351589349,0.037740320359099244
31,linear,0.03225806451612903,0.7896202699753009,0.7106514950919535,0.7106541032926259,2.6082006724381657e-06,reverse,2.5,reverse,2.506500673005313,0.7106514950919535,0.7106541032926259,2.6082006724381657e-06,2.5,2.506500673005313,0.6010374101352255,1.2401324321329155,finite,0.7106514950919535,0.441965166286436,0.44199673236403814,3.1566077602129816e-05,1.25,1.2560043196777448,0.20382439428506774,-0.8164527897733088,finite,0.44196516628643606,0.07896616668267498
32,constant,0.01,0.8965571037447803,0.8571487263691723,0.8571535963160791,4.869946906849165e-06,reverse,2.857142857142857,reverse,2.870667248376848,0.8571487263691723,0.8571535963160791,4.869946906849165e-06,2.857142857142857,2.870667248376848,0.6516489326426019,1.94598532609359,finite,0.8571487263691724,0.49738277515235574,0.4973945058278164,1.1730675460674966e-05,1.1363636363636365,1.1388540718288367,0.12192437579457129,-0.6983717934562738,finite,0.49738277515235574,0.039403507428701134
32,linear,0.03125,0.7880004705041789,0.7084991478267967,0.7085310410017145,3.189317491780752e-05,reverse,2.5,reverse,2.4777244666853653,0.7084991478267967,0.7085310410017145,3.189317491780752e-05,2.5,2.4777244666853653,0.5964038724056457,1.2328217660031355,finite,0.7084991478267967,0.43501733578973306,0.43502141900432806,4.083214594996498e-06,1.25,1.2478582695471507,0.1986269399305249,-0.8323600100152478,finite,0.43501733578973306,0.07946942950246438
33,constant,0.01,0.8938753194457124,0.8523956198079572,0.8524254918519631,2.9872044005951892e-05,reverse,2.857142857142857,reverse,2.8247443491266537,0.8523956198079572,0.8524254918519631,2.9872044005951892e-05,2.857142857142857,2.8247443491266537,0.645985662274472,1.9134220907558266,finite,0.8523956198079573,0.4879204207878935,0.48792066763727154,2.4684937804941853e-07,1.1363636363636365,1.1367227937120468,0.1202780435725839,-0.7176024526613923,finite,0.4879204207878935,0.04144982759374927
33,linear,0.030303030303030304,0.7878255608181113,0.7063167857583679,0.706325196105018,8.410346650111755e-06,reverse,2.4390243902439024,reverse,2.4500928150033108,0.7063167857583679,0.706325196105018,8.410346650111755e-06,2.4390243902439024,2.4500928150033108,0.5918521968325315,1.2252822330344533,finite,0.7063167857583679,0.428097357252356,0.42812810076547125,3.0743513115272236e-05,1.2345679012345678,1.2402149146987749,0.19368813570276935,-0.8483328273280009,finite,0.428097357252356,0.0815003647130933
34,constant,0.01,0.8904887215010554,0.8476599697907836,0.84766030144414,3.316533563335611e-07,reverse,2.7777777777777777,reverse,2.7810325898049215,0.8476599697907836,0.84766030144414,3.316533563335611e-07,2.7777777777777777,2.7810325898049215,0.6404213299527907,1.8816423927984125,finite,0.8476599697907837,0.4786380810009189,0.478643521643618,5.440642699083842e-06,1.1363636363636365,1.1346865665903665,0.11869935765176792,-0.7367991723233454,finite,0.4786380810009189,0.04282842005691545
34,linear,0.029411764705882353,0.7864224265415687,0.7040256320641862,0.7040427692627632,1.7137198576988588e-05,reverse,2.4390243902439024,reverse,2.423529003048097,0.7040256320641862,0.7040427692627632,1.7137198576988588e-05,2.4390243902439024,2.423529003048097,0.5873785711900745,1.2175403258504496,finite,0.7040256320641862,0.4213165319573879,0.4213188481116649,2.3161542770377963e-06,1.2345679012345678,1.2330291019038693,0.18898913378772547,-0.8643653730162398,finite,0.4213165319573879,0.08237965727880547
35,constant,0.01,0.8879488031742924,0.8428125926417341,0.842858737651638,4.614500990385295e-05,reverse,2.7027027027027026,reverse,2.7393576623226465,0.8428125926417341,0.842858737651638,4.614500990385295e-05,2.7027027027027026,2.7393576623226465,0.6349509179636952,1.8506101179947287,finite,0.8428125926417342,0.46953233114182985,0.46955800604591685,2.5674904087003014e-05,1.1363636363636365,1.1327385095131128,0.11718371751143879,-0.75596343941171,finite,0.46953233114182985,0.04509006552265438
35,linear,0.02857142857142857,0.7857919177765134,0.7016672860517756,0.7016892949715848,2.2008919809191063e-05,reverse,2.380952380952381,reverse,2.3979632325948717,0.7016672860517756,0.7016892949715848,2.2008919809191063e-05,2.380952380952381,2.3979632325948717,0.5829794275378087,1.209619701318842,finite,0.7016672860517756,0.4145470051838244,0.41459528219277697,4.8277008952546385e-05,1.2195121951219512,1.2262609183161812,0.18451286747918827,-0.8804524582232597,finite,0.4145470051838244,0.08410262280492853
36,constant,0.01,0.8844573277645892,0.8380211698954494,0.8380215294833342,3.5958788480172643e-07,reverse,2.7027027027027026,reverse,2.6995639041206525,0.8380211698954494,0.8380215294833342,3.5958788480172643e-07,2.7027027027027026,2.6995639041206525,0.6295697988576652,1.8202918506267531,finite,0.8380211698954495,0.46059981171255315,0.4606592628616232,5.945114907002225e-05,1.1363636363636365,1.1308725361240388,0.11572704433391967,-0.7750966353874815,finite,0.46059981171255315,0.04643579828125499
36,linear,0.027777777777777776,0.7846091836688688,0.6992651479778587,0.6992697322698024,4.584291943721119e-06,reverse,2.380952380952381,reverse,2.3733323218785944,0.6992651479778587,0.6992697322698024,4.584291943721119e-06,2.380952380952381,2.3733323218785944,0.5786515058251694,1.2015415364869493,finite,0.6992651479778587,0.4079585003534062,0.4079586416367942,1.412833879887998e-07,1.2195121951219512,1.2198749333335834,0.18024383264661856,-0.8965894782533819,finite,0.4079585003534062,0.0853394513990664
37,constant,0.01,0.8818060802596724,0.8331136999254352,0.8331494201646774,3.572023924225398e-05,reverse,2.6315789473684212,reverse,2.661512156935983,0.8331136999254352,0.8331494201646774,3.572023924225398e-05,2.6315789473684212,2.661512156935983,0.6242737432575804,1.7906565986015655,finite,0.8331136999254354,0.4518765280672468,0.4519426234867655,6.60954195186858e-05,1.1235955056179776,1.1290830175161801,0.11432553276741708,-0.7942000463959384,finite,0.4518765280672468,0.04865666009499503
37,linear,0.02702702702702703,0.7835673214936456,0.6967401924304841,0.6967885409831807,4.8348552696531044e-05,reverse,2.325581395348837,reverse,2.3495783621392374,0.6967401924304841,0.6967885409831807,4.8348552696531044e-05,2.325581395348837,2.3495783621392374,0.5743917223133078,1.1933248323369876,finite,0.6967401924304841,0.40137489380535074,0.4014098384380449,3.494463269415604e-05,1.2195121951219512,1.2138398090653624,0.17616806391447626,-0.9127723326112414,finite,0.40137489380535074,0.08677878051046495
38,constant,0.01,0.8784217539471829,0.8282413797589088,0.828243165206271,1.7854473621792266e-06,reverse,2.6315789473684212,reverse,2.625076958125683,0.8282413797589088,0.828243165206271,1.7854473621792266e-06,2.6315789473684212,2.625076958125683,0.619058787246373,1.7616755536570448,finite,0.828241379758909,0.44337216789695255,0.4434035957992483,3.142790229576642e-05,1.1235955056179776,1.1273648256980011,0.11297569588366736,-0.8132748722269261,finite,0.44337216789695255,0.05017858874091197
38,linear,0.02631578947368421,0.7827425014205,0.6942496470079016,0.6942497461354984,9.912759679764349e-08,reverse,2.325581395348837,reverse,2.3266485422899095,0.6942496470079016,0.6942497461354984,9.912759679764349e-08,2.325581395348837,2.3266485422899095,0.5701972249681551,1.1849866741142951,finite,0.6942496470079016,0.3949366206419501,0.3949495049484803,1.2884306530180911e-05,1.2048192771084336,1.2081271985968531,0.1722725875541722,-0.9289973578261461,finite,0.3949366206419501,0.08849275528500156
39,constant,0.01,0.8755461157412208,0.8232723657410899,0.8233035307240459,3.1164982956077836e-05,reverse,2.564102564102564,reverse,2.590145942960416,0.8232723657410899,0.8233035307240459,3.1164982956077836e-05,2.564102564102564,2.590145942960416,0.6139213689028478,1.7333218813164804,finite,0.8232723657410899,0.43502786061149257,0.4350378525944023,9.991982909740571e-06,1.1235955056179776,1.1257133212433654,0.11167436581856678,-0.8323222342208563,finite,0.43502786061149257,0.052242585017174825
39,linear,0.02564102564102564,0.7812221304773588,0.6916168994799692,0.6916569926168005,4.0093136831287346e-05,reverse,2.325581395348837,reverse,2.30449453743432,0.6916168994799692,0.6916569926168005,4.0093136831287346e-05,2.325581395348837,2.30449453743432,0.5660653632473621,1.1765424553331525,finite,0.6916168994799692,0.38857275156827953,0.3885780335683693,5.2820000897568775e-06,1.2048192771084336,1.2027120031078393,0.1685457554127889,-0.9452612707379828,finite,0.38857275156827953,0.08956513786055831
40,constant,0.01,0.8723350861743935,0.8183285721248308,0.8183312919703342,2.7198455033738966e-06,reverse,2.564102564102564,reverse,2.556616992132404,0.8183285721248308,0.8183312919703342,2.7198455033738966e-06,2.564102564102564,2.556616992132404,0.608858110903062,1.7055705361895899,finite,0.8183285721248309,0.4268405940000209,0.4268412211766282,6.271766073151497e-07,1.1235955056179776,1.12412438433602,0.11041872773655374,-0.8513431822674123,finite,0.4268405940000209,0.05400379420405932
40,linear,0.025,0.7805901861340014,0.6890033592989562,0.6890135917889523,1.023248999609816e-05,reverse,2.2727272727272725,reverse,2.2830717482799225,0.6890033592989562,0.6890135917889523,1.023248999609816e-05,2.2727272727272725,2.2830717482799225,0.561993616383977,1.168006071259383,finite,0.6890033592989563,0.3822325396012121,0.38229561041353705,6.307081232492795e-05,1.2048192771084336,1.1975715586770543,0.16497682935565852,-0.9615611203924141,finite,0.3822325396012121,0.09157659434504917
41,constant,0.01,0.8692361044581668,0.8132959123543788,0.8133272320426247,3.131968824587883e-05,reverse,2.5,reverse,2.524397378530896,0.8132959123543788,0.8133272320426247,3.131968824587883e-05,2.5,2.524397378530896,0.6038658538847151,1.6783980989692715,finite,0.8132959123543788,0.41880741254179227,0.41880967395791624,2.2614161239720154e-06,1.1235955056179776,1.122594146851383,0.10920611620435686,-0.8703387010216018,finite,0.41880741254179227,0.0559088724155421
41,linear,0.024390243902439025,0.7787754209398873,0.6863118841691214,0.6863225613846528,1.067721553138501e-05,reverse,2.2727272727272725,reverse,2.26233913831069,0.6863118841691214,0.6863225613846528,1.067721553138501e-05,2.2727272727272725,2.26233913831069,0.5579796224775082,1.159390086628992,finite,0.6863118841691214,0.37609588244335707,0.3761022439878763,6.361544519217777e-06,1.1904761904761905,1.1926854787707184,0.161555986218023,-0.9778942470576093,finite,0.37609588244335707,0.09245285955523452
42,constant,0.01,0.8662874482320141,0.8082897281139036,0.808292140742818,2.4126289143167057e-06,reverse,2.5,reverse,2.493403054691506,0.8082897281139036,0.808292140742818,2.4126289143167057e-06,2.5,2.493403054691506,0.5989416961215185,1.6517826320808733,finite,0.8082897281139038,0.4109254163392491,0.4109393199372768,1.3903598027664721e-05,1.1235955056179776,1.1211190836601093,0.10803409327820257,-0.8893097154410559,finite,0.4109254163392491,0.057995307489196124
42,linear,0.023809523809523808,0.7781063823262515,0.6835446026623007,0.6835866598010085,4.205713870786276e-05,reverse,2.2222222222222223,reverse,2.2422593004607134,0.6835446026623007,0.6835866598010085,4.205713870786276e-05,2.2222222222222223,2.2422593004607134,0.5540212499979232,1.150705881528045,finite,0.6835446026623007,0.3699899616989181,0.3699977896936917,7.827994773557112e-06,1.1904761904761905,1.1880353961337178,0.15827423723708126,-0.9942582471625434,finite,0.3699899616989181,0.09451972252524299
43,constant,0.01,0.8629373426168558,0.8031907595105404,0.8032268135645426,3.605405400219919e-05,reverse,2.4390243902439024,reverse,2.4635577192781457,0.8031907595105404,0.8032268135645426,3.605405400219919e-05,2.4390243902439024,2.4635577192781457,0.5940829832503324,1.6257035514338667,finite,0.8031907595105405,0.4031917600711876,0.4032263969533835,3.463688219590422e-05,1.1235955056179776,1.119695840963915,0.10690031755487486,-0.9082570957335719,finite,0.4031917600711876,0.05971052905231322
43,linear,0.023255813953488372,0.7762334077460142,0.680808379905126,0.6808084156866114,3.5781485441255256e-08,reverse,2.2222222222222223,reverse,2.2227970792646374,0.680808379905126,0.6808084156866114,3.5781485441255256e-08,2.2222222222222223,2.2227970792646374,0.550116378445653,1.1419637786870376,finite,0.680808379905126,0.36391946359940136,0.36398197085803985,6.250725863848894e-05,1.1904761904761905,1.1836044455782921,0.15512314630466392,-1.0106509431818582,finite,0.36391946359940136,0.0954249920594028
44,constant,0.01,0.8601266858543986,0.7981309222330035,0.798132050789937,1.1285569334607004e-06,reverse,2.4390243902439024,reverse,2.4347907130167816,0.7981309222330035,0.798132050789937,1.1285569334607004e-06,2.4390243902439024,2.4347907130167816,0.5892870813684973,1.6001415121287805,finite,0.7981309222330035,0.3956036519656257,0.39566726461879725,6.361265317156306e-05,1.1235955056179776,1.1183216015157529,0.10580284003759026,-0.9271816617894951,finite,0.3956036519656257,0.06199463506446157
44,linear,0.022727272727272728,0.7753714701264642,0.677952691238229,0.6779901535597426,3.746232151358164e-05,reverse,2.2222222222222223,reverse,2.203920443475246,0.677952691238229,0.6779901535597426,3.746232151358164e-05,2.2222222222222223,2.203920443475246,0.5462631135527048,1.1331731548982462,finite,0.677952691238229,0.35804223137156094,0.3580543968299056,1.2165458344648439e-05,1.1764705882352942,1.1793776210480678,0.15209515412770147,-1.0270703576718794,finite,0.35804223137156094,0.09738131656672167
45,constant,0.01,0.8567504305724697,0.7929625001469555,0.7930086566804515,4.615653349604454e-05,reverse,2.380952380952381,reverse,2.407038308131599,0.7929625001469555,0.7930086566804515,4.615653349604454e-05,2.380952380952381,2.407038308131599,0.5845516888444439,1.5750783063035627,finite,0.7929625001469556,0.3881700001988095,0.38825839785686583,8.839765805634947e-05,1.1111111111111112,1.1169936130067906,0.10473973319494653,-0.946084187163143,finite,0.3881700001988095,0.06374177389201818
45,linear,0.022222222222222223,0.7735858541204796,0.6751178823422654,0.675134016065874,1.613372360853571e-05,reverse,2.173913043478261,reverse,2.1855991404893933,0.6751178823422654,0.675134016065874,1.613372360853571e-05,2.173913043478261,2.1855991404893933,0.5424595565241288,1.1243425388207446,finite,0.6751178823422654,0.35221273012020793,0.35221457860462463,1.848484416699936e-06,1.1764705882352942,1.1753410244324964,0.14918310582850486,-1.0435146908050197,finite,0.35221273012020793,0.09845183805460567
46,constant,0.01,0.8537875578303817,0.7878574027702931,0.7878574387486963,3.5978403145620064e-08,reverse,2.380952380952381,reverse,2.3802412386964398,0.7878574027702931,0.7878574387486963,3.5978403145620064e-08,2.380952380952381,2.3802412386964398,0.5798745170268292,1.5504967715766225,finite,0.7878574027702933,0.38094219458014944,0.3809963809733715,5.4186393222077633e-05,1.1111111111111112,1.1157092296895783,0.10370912654524855,-0.9649654026581047,finite,0.38094219458014944,0.06593011908168545
46,linear,0.021739130434782608,0.7724766147353261,0.6722374360937025,0.6722419833782575,4.547284555012077e-06,reverse,2.173913043478261,reverse,2.1678056713013882,0.6722374360937025,0.6722419833782575,4.547284555012077e-06,2.173913043478261,2.1678056713013882,0.5387040391864669,1.1154796970745517,finite,0.6722374360937023,0.3464256821890794,0.34646194235249483,3.626016341545801e-05,1.1764705882352942,1.17148220339942,0.14638054500683928,-1.0599823008649618,finite,0.3464256821890794,0.10023463135706867
47,constant,0.01,0.8505114644552144,0.7826264247234928,0.7826792071004944,5.278237700168109e-05,reverse,2.380952380952381,reverse,2.354345462747297,0.7826264247234928,0.7826792071004944,5.278237700168109e-05,2.380952380952381,2.354345462747297,0.5752534979156817,1.526380708771026,finite,0.7826264247234929,0.37384897219572794,0.37387790220414946,2.8930008421523823e-05,1.1111111111111112,1.1144662398084975,0.10270947267829894,-0.9838259995635921,finite,0.37384897219572794,0.06783225735471998
47,linear,0.02127659574468085,0.7708296960560497,0.6692487209695743,0.6693158901607945,6.716919122018439e-05,reverse,2.127659574468085,reverse,2.15051412563838,0.6692487209695743,0.6693158901607945,6.716919122018439e-05,2.127659574468085,2.15051412563838,0.5349949167605909,1.106591710226832,finite,0.6692487209695743,0.34075613531225446,0.3407958411646465,3.9705852392046825e-05,1.1627906976744187,1.1677896217591313,0.14368137773512402,-1.0764716872568154,finite,0.34075613531225446,0.10151380589525516
48,constant,0.01,0.8473992328774992,0.7774736670509803,0.7774747738379525,1.106786972182583e-06,reverse,2.325581395348837,reverse,2.3293009295956564,0.7774736670509803,0.7774747738379525,1.106786972182583e-06,2.325581395348837,2.3293009295956564,0.5706866436645478,1.5027148077932138,finite,0.7774736670509803,0.3668878270779119,0.36689974868771014,1.1921609798237753e-05,1.1111111111111112,1.113262355676742,0.1017391409124679,-1.002666632582405,finite,0.3668878270779119,0.0699244590395467
48,linear,0.020833333333333332,0.7694803694214659,0.6663526028878669,0.6663574404433842,4.837555517278602e-06,reverse,2.127659574468085,reverse,2.1337004274631504,0.6663526028878669,0.6663574404433842,4.837555517278602e-06,2.127659574468085,2.1337004274631504,0.53133064645399,1.0976850400261882,finite,0.6663526028878669,0.3352121521237876,0.3352155652768293,3.4131530416980915e-06,1.1627906976744187,1.1642527521064976,0.14107997753006207,-1.0929814756622536,finite,0.3352121521237876,0.10312292897808173
49,constant,0.01,0.8442094252778979,0.7722097188783749,0.7722449525157893,3.5233637414422425e-05,reverse,2.325581395348837,reverse,2.3050614942458076,0.7722097188783749,0.7722449525157893,3.5233637414422425e-05,2.325581395348837,2.3050614942458076,0.566172094542237,1.4794845806981425,finite,0.772209718878375,0.36005629992070365,0.3600588018183779,2.501897674256348e-06,1.1111111111111112,1.112095682686574,0.10079679692288342,-1.0214879224858597,finite,0.36005629992070365,0.0719644727621086
49,linear,0.02040816326530612,0.7679944992874312,0.6633536776283138,0.6633682207035362,1.4543075222417379e-05,reverse,2.127659574468085,reverse,2.117341983158312,0.6633536776283138,0.6633682207035362,1.4543075222417379e-05,2.127659574468085,2.117341983158312,0.5277097379855662,1.0887655890365588,finite,0.6633536776283138,0.3297143854154735,0.3297203509895639,5.965574090438519e-06,1.1627906976744187,1.160861968002737,0.13857114147644972,-1.1095104050297189,finite,0.3297143854154735,0.10462627858389506
50,constant,0.01,0.8409426263391871,0.7669835313133353,0.7669905576443304,7.026330995141272e-06,reverse,2.2727272727272725,reverse,2.2815844003863255,0.7669835313133353,0.7669905576443304,7.026330995141272e-06,2.2727272727272725,2.2815844003863255,0.5617080832816543,1.4566763011059285,finite,0.7669835313133353,0.3533519772108911,0.3533520329413349,5.5730443759838266e-08,1.1111111111111112,1.1109642766070058,0.09988104833208644,-1.0402904585256563,finite,0.3533519772108911,0.07395206869485671
50,linear,0.02,0.7664447610583457,0.6603026732638786,0.6603497114016876,4.70381378090412e-05,reverse,2.0833333333333335,reverse,2.1014180225837453,0.6603026732638786,0.6603497114016876,4.70381378090412e-05,2.0833333333333335,2.1014180225837453,0.524130853902892,1.079838753651937,finite,0.6603026732638786,0.3242661534458309,0.32430938846781265,4.3235021981780086e-05,1.1627906976744187,1.1576083689152652,0.13614999091873523,-1.1260573161409047,finite,0.3242661534458309,0.10609504965665806
51,constant,0.01,0.8378666178222404,0.7616943447956069,0.7617124042335247,1.8059437917772314e-05,reverse,2.2727272727272725,reverse,2.258830275303641,0.7616943447956069,0.7617124042335247,1.8059437917772314e-05,2.2727272727272725,2.258830275303641,0.557292988794576,1.4342769492474565,finite,0.761694344795607,0.34677249037537716,0.34677649935518606,4.00897980890047e-06,1.1111111111111112,1.1098663752019695,0.09899063315795682,-1.0590748006302537,finite,0.34677249037537716,0.07615421358871566
51,linear,0.0196078431372549,0.7650720095247096,0.657302315147833,0.6573032971792863,9.820314532671404e-07,reverse,2.0833333333333335,reverse,2.085908619390794,0.657302315147833,0.6573032971792863,9.820314532671404e-07,2.0833333333333335,2.085908619390794,0.5205926133561605,1.0709094713304845,finite,0.6573023151478329,0.31893676922374875,0.31898182857496865,4.5059351219900456e-05,1.1494252873563218,1.1544837868659472,0.1338120020596574,-1.1426211415346184,finite,0.31893676922374875,0.10776871234542329
52,constant,0.01,0.8345547330051679,0.7563901951689223,0.7564113073731809,2.111220425859983e-05,reverse,2.2222222222222223,reverse,2.236762175967935,0.7563901951689223,0.7564113073731809,2.111220425859983e-05,2.2222222222222223,2.236762175967935,0.5529252011035726,1.4122741620118324,finite,0.7563901951689225,0.3403155149443851,0.3403293405925294,1.3825648144283331e-05,1.1111111111111112,1.1088004370092588,0.09812445357861119,-1.0778414814078885,finite,0.3403155149443851,0.07814342563198706
52,linear,0.019230769230769232,0.7633985460957851,0.6542063180050275,0.6542302758970193,2.3957891991832625e-05,reverse,2.0833333333333335,reverse,2.070795566776404,0.6542063180050275,0.6542302758970193,2.3957891991832625e-05,2.0833333333333335,2.070795566776404,0.5170938087545288,1.0619822627672804,finite,0.6542063180050275,0.3137293257071459,0.3137367888718974,7.4631647514755706e-06,1.1494252873563218,1.1514807736660237,0.13155302036329042,-1.1592008966038791,finite,0.3137293257071459,0.10916827019876574
53,constant,0.01,0.8314573221245164,0.7510831602575961,0.751088081845272,4.921587675843497e-06,reverse,2.2222222222222223,reverse,2.2153459696409867,0.7510831602575961,0.751088081845272,4.921587675843497e-06,2.2222222222222223,2.2153459696409867,0.5486032368289376,1.3906561874495036,finite,0.7510831602575962,0.33397876973024593,0.3340077749519787,2.9005221732769648e-05,1.1111111111111112,1.1077648204273114,0.0972813167922611,-1.0965910079770347,finite,0.33397876973024593,0.08036924027924441
53,linear,0.018867924528301886,0.7620431749963633,0.6510946410414152,0.6511318666641388,3.7225622723568996e-05,reverse,2.0408163265306123,reverse,2.056061633298658,0.6510946410414152,0.6511318666641388,3.7225622723568996e-05,2.0408163265306123,2.056061633298658,0.5136332569974362,1.0530612696242982,finite,0.6510946410414152,0.3085721298035325,0.3085733588920283,1.2290884958132686e-06,1.1494252873563218,1.1485922713038919,0.12936903287291723,-1.175795671710196,finite,0.3085721298035325,0.11091130833222451
54,constant,0.01,0.8281906263773279,0.7456963007540751,0.7457435417647644,4.724101068931397e-05,reverse,2.173913043478261,reverse,2.1945498250587065,0.7456963007540751,0.7457435417647644,4.724101068931397e-05,2.173913043478261,2.1945498250587065,0.5443256796535714,1.3694118432542002,finite,0.7456963007540751,0.3277600160214764,0.32780909625821786,4.908023674143891e-05,1.1111111111111112,1.1067582657289856,0.09646032836146692,-1.115323863642474,finite,0.3277600160214764,0.08244708461256345
54,linear,0.018518518518518517,0.7602941509058992,0.6480090911231274,0.648009216987741,1.258646136204078e-07,reverse,2.0408163265306123,reverse,2.0416904612223465,0.6480090911231274,0.648009216987741,1.258646136204078e-07,2.0408163265306123,2.0416904612223465,0.510209789881025,1.0441502883511276,finite,0.6480090911231274,0.3034674262680476,0.3034906047873885,2.317851934086068e-05,1.1494252873563218,1.1458118987043993,0.12725640122019402,-1.1924046251812155,finite,0.3034674262680476,0.11228493391815819
55,constant,0.01,0.8249921401755389,0.7403784787909764,0.7403785002458634,2.1454886978133914e-08,reverse,2.173913043478261,reverse,2.174344242023197,0.7403784787909764,0.7403785002458634,2.1454886978133914e-08,2.173913043478261,2.174344242023197,0.5400912235178024,1.348530478805923,finite,0.7403784787909764,0.32165705679186357,0.32173067082965867,7.361403779510001e-05,1.1111111111111112,1.1057792420604797,0.09566036152331223,-1.1340405094319794,finite,0.32165705679186357,0.08461363992967552
55,linear,0.01818181818181818,0.7588209818995715,0.6448341313893322,0.6448634091523636,2.9277763031410053e-05,reverse,2.0408163265306123,reverse,2.0276669128200107,0.6448341313893322,0.6448634091523636,2.9277763031410053e-05,2.0408163265306123,2.0276669128200107,0.5068223515028739,1.0352528005579156,finite,0.6448341313893321,0.29841717132175555,0.29848757342606974,7.040210431419336e-05,1.1494252873563218,1.1431336032260917,0.1252116137800057,-1.2090269770794533,finite,0.29841717132175555,0.11395757274720786
56,constant,0.01,0.8217488177384866,0.7349494542361927,0.7349937690910382,4.431485484546194e-05,reverse,2.173913043478261,reverse,2.154701143479013,0.7349494542361927,0.7349937690910382,4.431485484546194e-05,2.173913043478261,2.154701143479013,0.5358985151948334,1.3280019404083312,finite,0.734949454236193,0.3156677981256555,0.315769934635269,0.00010213650961349297,1.0989010989010988,1.1048268350989816,0.09488078291435605,-1.1527413855076205,finite,0.3156677981256555,0.08675504864744843
56,linear,0.017857142857142856,0.7571223622035086,0.6416607598107094,0.6416954659247542,3.470611404488011e-05,reverse,2.0,reverse,2.013976819651591,0.6416607598107094,0.6416954659247542,3.470611404488011e-05,2.0,2.013976819651591,0.5034699554421905,1.0263720003408967,finite,0.6416607598107094,0.2935290325732568,0.29356329601097414,3.4263437717341194e-05,1.1363636363636365,1.140552076357508,0.12323161675035336,-1.2256620036432266,finite,0.2935290325732568,0.11542689627875435
57,constant,0.01,0.8184437953125752,0.7295821245785645,0.729590158500478,8.03392191350838e-06,reverse,2.127659574468085,reverse,2.135595049088123,0.7295821245785645,0.729590158500478,8.03392191350838e-06,2.127659574468085,2.135595049088123,0.5317464327204777,1.3078165393975352,finite,0.7295821245785646,0.30985178140743447,0.30992439062378985,7.260921635537931e-05,1.0989010989010988,1.1038995638686475,0.0941204863824101,-1.1714269124652645,finite,0.30985178140743447,0.08885363681209713
57,linear,0.017543859649122806,0.7555252921529797,0.6385062885575634,0.6385063556654462,6.710788280628321e-08,reverse,2.0,reverse,2.000606368908776,0.6385062885575634,0.6385063556654462,6.710788280628321e-08,2.0,2.000606368908776,0.5001515462807176,1.0175108189084006,finite,0.6385062885575634,0.28871115046724566,0.28871679127853905,5.640811293394776e-06,1.1363636363636365,1.1380619992381373,0.12131324948075005,-1.2423090323192973,finite,0.28871115046724566,0.11701893648753348
58,constant,0.01,0.8152478325116898,0.7241534247982192,0.7241684767999841,1.5052001764881418e-05,reverse,2.127659574468085,reverse,2.1170013433881985,0.7241534247982192,0.7241684767999841,1.5052001764881418e-05,2.127659574468085,2.1170013433881985,0.5276337433024348,1.287965022837422,finite,0.7241534247982193,0.3041429218039634,0.30419160621182517,4.868440786176542e-05,1.0989010989010988,1.1029964335147127,0.09337875480386941,-1.190097492529666,finite,0.3041429218039634,0.09107935571170567
58,linear,0.017241379310344827,0.7538856458903622,0.6352679141788269,0.6352969969177444,2.9082738917551865e-05,reverse,2.0,reverse,1.9875430748092702,0.6352679141788269,0.6352969969177444,2.9082738917551865e-05,2.0,1.9875430748092702,0.4968662502592743,1.0086719468107948,finite,0.6352679141788269,0.28394609531312853,0.2839470683299044,9.730167758736918e-07,1.1363636363636365,1.1356585902972607,0.11945367336300593,-1.2589674373117326,finite,0.28394609531312853,0.11858864897261778
59,constant,0.01,0.8119721563426642,0.7186954821809102,0.7187295301855168,3.404800460660162e-05,reverse,2.0833333333333335,reverse,2.098897481013876,0.7186954821809102,0.7187295301855168,3.404800460660162e-05,2.0833333333333335,2.098897481013876,0.5235593881808137,1.2684385465493497,finite,0.7186954821809104,0.2985392450005528,0.29856921091610533,2.9965915552543354e-05,1.0989010989010988,1.1021164694810113,0.0926548802315766,-1.2087535106598923,finite,0.2985392450005528,0.0932426261571474
59,linear,0.01694915254237288,0.7521816487682778,0.6320298325516728,0.6320682625352272,3.8429983554411073e-05,reverse,1.9607843137254901,reverse,1.9747746203571803,0.6320298325516728,0.6320682625352272,3.8429983554411073e-05,1.9607843137254901,1.9747746203571803,0.4936130990891869,0.9998578540393596,finite,0.6320298325516728,0.2792351929656066,0.27925312913796224,1.7936172355625946e-05,1.1363636363636365,1.1333374925106747,0.1176502969254931,-1.2756366355881337,finite,0.2792351929656066,0.12011338623305057
60,constant,0.01,0.8087493494233586,0.7132734971534526,0.7132741224828634,6.253294108082841e-07,reverse,2.0833333333333335,reverse,2.081262219875412,0.7132734971534526,0.7132741224828634,6.253294108082841e-07,2.0833333333333335,2.081262219875412,0.5195223406016269,1.2492286502527166,finite,0.7132734971534527,0.2930388130582451,0.29305489411974317,1.6081061498085525e-05,1.0989010989010988,1.1012585480364803,0.09194802457335932,-1.2273953355687377,finite,0.2930388130582451,0.09547522694049526
60,linear,0.016666666666666666,0.7505397189807211,0.6288205267032508,0.6288209834008205,4.566975696507214e-07,reverse,1.9607843137254901,reverse,1.9622898629413803,0.6288205267032508,0.6288209834008205,4.566975696507214e-07,1.9607843137254901,1.9622898629413803,0.49039129290458294,0.9910708082261356,finite,0.6288205267032508,0.274579578850392,0.2746339707691345,5.439191874245797e-05,1.1363636363636365,1.1310944568527794,0.11590053868493355,-1.292316083288304,finite,0.274579578850392,0.12171873557990065
61,constant,0.01,0.8054775342055341,0.7077470064398939,0.7078030549210466,5.6048481152704e-05,reverse,2.0833333333333335,reverse,2.064075219318587,0.7077470064398939,0.7078030549210466,5.6048481152704e-05,2.0833333333333335,2.064075219318587,0.515521532044685,1.2303272346176808,finite,0.7077470064398941,0.2876397237436107,0.28764640296094496,6.679217334271126e-06,1.0989010989010988,1.1004220069005355,0.09125772319238287,-1.2460233206669091,finite,0.2876397237436107,0.09767447928448758
61,linear,0.01639344262295082,0.7487982197029113,0.6255322575912958,0.6255559517837075,2.369419241166071e-05,reverse,1.9607843137254901,reverse,1.9500780252358554,0.6255322575912958,0.6255559517837075,2.369419241166071e-05,1.9607843137254901,1.9500780252358554,0.4872000058156374,0.9823128911485824,finite,0.6255322575912959,0.27002714892128893,0.2700885873533572,6.14384320682948e-05,1.1235955056179776,1.1289256646345978,0.11420208493207336,-1.3090052724884957,finite,0.27002714892128893,0.12324226791920379
62,constant,0.01,0.8021693476153295,0.7023103668677606,0.7023171259183119,6.759050551252699e-06,reverse,2.0408163265306123,reverse,2.0473177461046577,0.7023103668677606,0.7023171259183119,6.759050551252699e-06,2.0408163265306123,2.0473177461046577,0.5115560337897445,1.2117265400532375,finite,0.7023103668677607,0.2823401098708919,0.28234154033504244,1.430464150520283e-06,1.0989010989010988,1.099605708286594,0.09058311314316442,-1.2646378049376414,finite,0.2823401098708919,0.09985222169701768
62,linear,0.016129032258064516,0.7471143537469365,0.6222249299937109,0.6222739243743381,4.8994380627220835e-05,reverse,1.923076923076923,reverse,1.9381288372203047,0.6222249299937109,0.6222739243743381,4.8994380627220835e-05,1.923076923076923,1.9381288372203047,0.4840384288207506,0.9735860137180555,finite,0.6222249299937109,0.26559338749463424,0.26561597183115415,2.2584336519915205e-05,1.1235955056179776,1.1268275227062252,0.1125527377975577,-1.3257037282814355,finite,0.26559338749463424,0.12484042937259832
63,constant,0.01,0.798876558047349,0.6968010858082387,0.6968171308796058,1.6045071367098984e-05,reverse,2.0408163265306123,reverse,2.0309720635298874,0.6968010858082387,0.6968171308796058,1.6045071367098984e-05,2.0408163265306123,2.0309720635298874,0.5076249358831793,1.1934191270726726,finite,0.6968010858082389,0.2771381386562677,0.2771381630012649,2.4344997240355326e-08,1.0989010989010988,1.0988090831764656,0.08992379539749136,-1.2832391137478216,finite,0.2771381386562677,0.10205942716774319
63,linear,0.015873015873015872,0.7453807903919236,0.6189731284555284,0.6189756250328674,2.496577338972905e-06,reverse,1.923076923076923,reverse,1.9264326891782095,0.6189731284555284,0.6189756250328674,2.496577338972905e-06,1.923076923076923,1.9264326891782095,0.480905818501976,0.9648919296101451,finite,0.6189731284555285,0.2612120005272761,0.26121511750330095,3.1169760248417333e-06,1.1235955056179776,1.1247964879177683,0.11095028234733592,-1.342411006136373,finite,0.2612120005272761,0.12640516535905622
64,constant,0.01,0.7955868516339603,0.6912643915844383,0.6913038620046482,3.947042020990832e-05,reverse,2.0,reverse,2.0150213293526,0.6912643915844383,0.6913038620046482,3.947042020990832e-05,2.0,2.0150213293526,0.5037273375556343,1.175397858095359,finite,0.6912643915844385,0.2720320110840156,0.27203417978621,2.16870219438281e-06,1.0989010989010988,1.0980312027718566,0.08927906832190899,-1.301827559602106,finite,0.2720320110840156,0.10428298962931204
64,linear,0.015625,0.7436725668493221,0.6156468504886599,0.6156617472818776,1.4896793217755722e-05,reverse,1.923076923076923,reverse,1.9149803459251558,0.6156468504886599,0.6156617472818776,1.4896793217755722e-05,1.923076923076923,1.9149803459251558,0.4778014290706023,0.9562322476761423,finite,0.6156468504886599,0.25688375263729557,0.2568850194051664,1.2667678708222496e-06,1.1235955056179776,1.122829585387772,0.10939290074490898,-1.3591266895086964,finite,0.25688375263729557,0.12801081956744453
65,constant,0.01,0.7923510248975766,0.6857780533463591,0.6857781081057128,5.475935371812568e-08,reverse,2.0,reverse,1.9994498817751336,0.6857780533463591,0.6857781081057128,5.475935371812568e-08,2.0,1.9994498817751336,0.4998624326046177,1.1576558805582502,finite,0.6857780533463592,0.26701996128435207,0.2670275498774967,7.5885931446473265e-06,1.0989010989010988,1.0972713763462756,0.08864842229838568,-1.320403442843108,finite,0.26701996128435207,0.10657291679186376
65,linear,0.015384615384615385,0.7418681785035695,0.6122645734314707,0.6123329565706106,6.8383139139927e-05,reverse,1.8867924528301885,reverse,1.903763260881764,0.6122645734314707,0.6123329565706106,6.8383139139927e-05,1.8867924528301885,1.903763260881764,0.4747246043939145,0.947608443259167,finite,0.6122645734314707,0.25260927827739427,0.2526246755253297,1.539724793542252e-05,1.1235955056179776,1.120923632385676,0.10787856450872806,-1.3758503876715285,finite,0.25260927827739427,0.12953522193295886
66,constant,0.01,0.7890425952162786,0.6801942209856644,0.6802406544344684,4.643344880395084e-05,reverse,2.0,reverse,1.9842425668387305,0.6801942209856644,0.6802406544344684,4.643344880395084e-05,2.0,1.9842425668387305,0.4960293581478866,1.1401866112238588,finite,0.6801942209856645,0.2621002559227354,0.26211628120056085,1.6025277825459927e-05,1.0989010989010988,1.096528966636944,0.08803138774618838,-1.3389670523044295,finite,0.2621002559227354,0.10880194078181027
66,linear,0.015151515151515152,0.7401635117435643,0.608981193228119,0.6089898923345899,8.699106470833051e-06,reverse,1.8867924528301885,reverse,1.8927732190041908,0.608981193228119,0.6089898923345899,8.699106470833051e-06,1.8867924528301885,1.8927732190041908,0.4716746887796145,0.9390218685242222,finite,0.608981193228119,0.2483890930887749,0.24843308788543006,4.399479665515016e-05,1.1235955056179776,1.1190760466255456,0.1064056790283437,-1.3925817337460598,finite,0.2483890930887749,0.13117361940897443
67,constant,0.01,0.7857183733566646,0.6746776970726254,0.6746922825171233,1.4585444497949851e-05,reverse,1.9607843137254901,reverse,1.969385460983096,0.6746776970726254,0.6746922825171233,1.4585444497949851e-05,1.9607843137254901,1.969385460983096,0.4922273877756715,1.12298372158235,finite,0.6746776970726256,0.2572711936004207,0.25729842887335075,2.7235272930026255e-05,1.0989010989010988,1.0958031515484337,0.08742733712077597,-1.3575186659184808,finite,0.2572711936004207,0.11102609083954129
67,linear,0.014925373134328358,0.7384202772406905,0.6056274547872291,0.6056331698717298,5.7150845006459505e-06,reverse,1.8867924528301885,reverse,1.8820021461250338,0.6056274547872291,0.6056331698717298,5.7150845006459505e-06,1.8867924528301885,1.8820021461250338,0.46865097786473864,0.9304737618992858,finite,0.6056274547872291,0.24422360425635606,0.24430926349643917,8.565924008310799e-05,1.1235955056179776,1.1172839885379982,0.10497240606792194,-1.4093203829091319,finite,0.24422360425635606,0.1327871073689607
68,constant,0.01,0.7824040354343597,0.669126636951187,0.6691337699973995,7.133046212470795e-06,reverse,1.9607843137254901,reverse,1.9548651320864523,0.669126636951187,0.6691337699973995,7.133046212470795e-06,1.9607843137254901,1.9548651320864523,0.4884557591281566,1.1060411242561878,finite,0.6691266369511872,0.25253110426605946,0.25257209373329326,4.098946723379848e-05,1.0989010989010988,1.0950936001671498,0.08683604776124629,-1.3760585512839105,finite,0.25253110426605946,0.11327026543696017
68,linear,0.014705882352941176,0.7365930032752929,0.6022032996637273,0.6022633820535831,6.008238985577563e-05,reverse,1.8867924528301885,reverse,1.8714428092999722,0.6022032996637273,0.6022633820535831,6.008238985577563e-05,1.8867924528301885,1.8714428092999722,0.46565292028664357,0.9219652567138414,finite,0.6022032996637273,0.24020524626531797,0.24025221520436252,4.696893904454491e-05,1.1111111111111112,1.1155451245888297,0.10357727539835516,-1.4260660107606633,finite,0.24020524626531797,0.13432962122170977
69,constant,0.01,0.7790973842037516,0.6634995520814047,0.6635658904867074,6.633840530279045e-05,reverse,1.923076923076923,reverse,1.9406688342691476,0.6634995520814047,0.6635658904867074,6.633840530279045e-05,1.923076923076923,1.9406688342691476,0.4847137325330428,1.0893529603240977,finite,0.6634995520814049,0.24787834863813957,0.24793542093166068,5.7072293521115425e-05,1.0989010989010988,1.094399523577225,0.08625691216372662,-1.3945869661960937,finite,0.24787834863813957,0.11553149371704419
69,linear,0.014492753623188406,0.7348683458917027,0.5988584090076887,0.5988811008882544,2.2691880565695044e-05,reverse,1.8518518518518516,reverse,1.861087951529428,0.5988584090076887,0.5988811008882544,2.2691880565695044e-05,1.8518518518518516,1.861087951529428,0.4626798807771511,0.9134973891118554,finite,0.5988584090076888,0.23624298413051495,0.23626096243736494,1.7978306849991688e-05,1.1111111111111112,1.1138570736473503,0.10221874631951006,-1.4428183118335374,finite,0.23624298413051495,0.13598724500344828
70,constant,0.01,0.775840719044134,0.6579863734247118,0.6579894134211157,3.0399964039418137e-06,reverse,1.923076923076923,reverse,1.9267848190565,0.6579863734247118,0.6579894134211157,3.0399964039418137e-06,1.923076923076923,1.9267848190565,0.4810006856449721,1.0729135874896067,finite,0.6579863734247119,0.24331131763806724,0.2433865985913511,7.528095328385165e-05,1.0989010989010988,1.093720401505933,0.08568954311987795,-1.4131041591419307,finite,0.24331131763806724,0.11785130562301827
70,linear,0.014285714285714285,0.7330237495809996,0.5954866480617682,0.5954868789495724,2.3088780420899013e-07,reverse,1.8518518518518516,reverse,1.8509308144715333,0.5954866480617682,0.5954868789495724,2.3088780420899013e-07,1.8518518518518516,1.8509308144715333,0.4597312918551663,0.9050711053077594,finite,0.5954866480617682,0.23233161908552613,0.23233453186452668,2.9127790005523124e-06,1.1111111111111112,1.1122176075487076,0.10089537046264863,-1.4595769982321822,finite,0.23233161908552613,0.13753687063142717
71,constant,0.01,0.7724914345913967,0.6523828675809715,0.6524051039247054,2.22363437338835e-05,reverse,1.923076923076923,reverse,1.9132015482818456,0.6523828675809715,0.6524051039247054,2.22363437338835e-05,1.923076923076923,1.9132015482818456,0.47731591535766216,1.0567175690263924,finite,0.6523828675809716,0.2388284318336936,0.23892385652331066,9.542468961706851e-05,1.0989010989010988,1.0930556749475482,0.08513351797200419,-1.4316103697644993,finite,0.2388284318336936,0.12008633066669128
71,linear,0.014084507042253521,0.7312237584161135,0.5920482464488106,0.5920812506856274,3.3004236816847055e-05,reverse,1.8518518518518516,reverse,1.8409651197266592,0.5920482464488106,0.5920812506856274,3.3004236816847055e-05,1.8518518518518516,1.8409651197266592,0.45680665576734175,0.8966872682470646,finite,0.5920482464488106,0.22847139651069595,0.22847195797544742,5.614647514695648e-07,1.1111111111111112,1.1106246803894873,0.09960581854771319,-1.4763417983869715,finite,0.22847139651069595,0.1391425077304861
72,constant,0.01,0.7691487931139229,0.6467725024916067,0.6468137226788672,4.122018726049337e-05,reverse,1.8867924528301885,reverse,1.899908171560634,0.6467725024916067,0.6468137226788672,4.122018726049337e-05,1.8867924528301885,1.899908171560634,0.47365877205603363,1.040759663438781,finite,0.6467725024916068,0.2344515493780053,0.23454546499873544,9.391562073013393e-05,1.0869565217391304,1.0924049372558755,0.08458853864941057,-1.4501058292965936,finite,0.2344515493780053,0.12233507043505576
72,linear,0.013888888888888888,0.7294273094504397,0.5886156766922719,0.5886647336181994,4.905692592749311e-05,reverse,1.8181818181818181,reverse,1.8311843380890067,0.5886156766922719,0.5886647336181994,4.905692592749311e-05,1.8181818181818181,1.8311843380890067,0.45390533372321035,0.8883466637264247,finite,0.5886156766922719,0.22466248473513095,0.2246722835888286,9.79885369764566e-06,1.1111111111111112,1.109076393654416,0.09834885520825881,-1.4931124559132436,finite,0.22466248473513095,0.14076257583224028
73,constant,0.01,0.7658156807043127,0.6412160232275564,0.6412160257972663,2.569709889321814e-09,reverse,1.8867924528301885,reverse,1.886894478026881,0.6412160232275564,0.6412160257972663,2.569709889321814e-09,1.8867924528301885,1.886894478026881,0.470028657328153,1.0250348147818134,finite,0.6412160232275566,0.2301768399572393,0.23024973357260628,7.289361536697014e-05,1.0869565217391304,1.0917676374822163,0.08405418362999514,-1.4685907609696214,finite,0.2301768399572393,0.12459965490704639
73,linear,0.0136986301369863,0.7275749092970546,0.5852343975546901,0.5852378294434163,3.431888726201926e-06,reverse,1.8181818181818181,reverse,1.8215829654363627,0.5852343975546901,0.5852378294434163,3.431888726201926e-06,1.8181818181818181,1.8215829654363627,0.45102692604481587,0.8800500060224479,finite,0.5852343975546901,0.2209049815667985,0.22093456029737563,2.9578730577128898e-05,1.1111111111111112,1.107570915196217,0.09712327555762859,-1.5098887285644866,finite,0.2209049815667985,0.1423370798536383
74,constant,0.01,0.7625126568897196,0.6355721372298018,0.635612764706115,4.0627476313281896e-05,reverse,1.8867924528301885,reverse,1.8741507235312305,0.6355721372298018,0.635612764706115,4.0627476313281896e-05,1.8867924528301885,1.8741507235312305,0.4664249852243348,1.009538143589995,finite,0.6355721372298019,0.22598007048048505,0.22603500995670506,5.493947622001172e-05,1.0869565217391304,1.091143313155225,0.08353010283467605,-1.4870653803945153,finite,0.22598007048048505,0.12689989218360453
74,linear,0.013513513513513514,0.725711449757948,0.5817900097842899,0.5818010250429214,1.1015258631563718e-05,reverse,1.8181818181818181,reverse,1.8121551341185909,0.5817900097842899,0.5818010250429214,1.1015258631563718e-05,1.8181818181818181,1.8121551341185909,0.4481708650808269,0.8717979430736336,finite,0.58179000978429,0.21719892029144958,0.21725784885542868,5.892856397909929e-05,1.1111111111111112,1.106106276738529,0.09592774127581533,-1.5266703872709302,finite,0.21719892029144958,0.14391042471502657
75,constant,0.01,0.759225011117911,0.629978989184307,0.6300046860295132,2.5696845206257812e-05,reverse,1.8518518518518516,reverse,1.8616676108689088,0.629978989184307,0.6300046860295132,2.5696845206257812e-05,1.8518518518518516,1.8616676108689088,0.46284718380352374,0.9942649383686982,finite,0.6299789891843071,0.2218598198839287,0.22189967893795484,3.9859054026147867e-05,1.0869565217391304,1.0905315676753482,0.0830159991318101,-1.5055298959218106,finite,0.2218598198839287,0.12922032508839776
75,linear,0.013333333333333334,0.7239052644752062,0.5782823612366406,0.5783547934137744,7.243217713381878e-05,reverse,1.8181818181818181,reverse,1.8028955957838049,0.5782823612366406,0.5783547934137744,7.243217713381878e-05,1.8181818181818181,1.8028955957838049,0.4453367114886914,0.8635910612551444,finite,0.5782823612366406,0.213553170301333,0.2136412195150255,8.804921369248708e-05,1.0989010989010988,1.104681124370234,0.09476139499524025,-1.5434572152558172,finite,0.213553170301333,0.14555047106143182
76,constant,0.01,0.7558627641607915,0.6243909304144889,0.6243925314795619,1.601065072964758e-06,reverse,1.8518518518518516,reverse,1.8494363061754882,0.6243909304144889,0.6243925314795619,1.601065072964758e-06,1.8518518518518516,1.8494363061754882,0.4592947069002155,0.979210647606,finite,0.624390930414489,0.21781469301373602,0.2178421613402162,2.746832648017894e-05,1.0869565217391304,1.0899319448343396,0.08251152309147934,-1.5239845089792192,finite,0.21781469301373602,0.1314702326812296
76,linear,0.013157894736842105,0.7220715329596511,0.5748785100145304,0.5748995945244766,2.1084509946200924e-05,reverse,1.7857142857142856,reverse,1.7937993012576818,0.5748785100145304,0.5748995945244766,2.1084509946200924e-05,1.7857142857142856,1.7937993012576818,0.4425240330404452,0.8554298897822242,finite,0.5748785100145305,0.21003307050684586,0.21008375231561446,5.068180876860451e-05,1.0989010989010988,1.1032936553602564,0.09362299407633956,-1.5602490072219002,finite,0.21003307050684586,0.1471719384351745
77,constant,0.01,0.7525111817572291,0.6187184807590125,0.6187770377510566,5.855699204415643e-05,reverse,1.8518518518518516,reverse,1.8374484755907643,0.6187184807590125,0.6187770377510566,5.855699204415643e-05,1.8518518518518516,1.8374484755907643,0.45576705236401976,0.9643708722666612,finite,0.6187184807590126,0.21384332015364088,0.21386091302679608,1.7592873155197752e-05,1.0869565217391304,1.089344071684969,0.08201639317389761,-1.5424294143894017,finite,0.21384332015364088,0.13373414400617245
77,linear,0.012987012987012988,0.7201452229831954,0.5714356362663648,0.5714358761038244,2.398374595591335e-07,reverse,1.7857142857142856,reverse,1.7848610985562519,0.5714356362663648,0.5714358761038244,2.398374595591335e-07,1.7857142857142856,1.7848610985562519,0.4397323126102723,0.8473149047747153,finite,0.5714356362663648,0.20656032532768048,0.2065845373322619,2.421200458141426e-05,1.0989010989010988,1.1019425528739397,0.09251167641005134,-1.5770455686006022,finite,0.20656032532768048,0.14870934687937098
78,constant,0.01,0.7491498287264114,0.6131422441904386,0.613158936420511,1.66922300723904e-05,reverse,1.8181818181818181,reverse,1.8256958982590024,0.6131422441904386,0.613158936420511,1.66922300723904e-05,1.8181818181818181,1.8256958982590024,0.4522636541202684,0.9497413587330362,finite,0.6131422441904388,0.2099443565611469,0.20995442394139024,1.0067380243339308e-05,1.0869565217391304,1.088767561387018,0.08153031421503233,-1.56086480066936,finite,0.2099443565611469,0.13599089230590045
78,linear,0.01282051282051282,0.7183386414770031,0.5679328143140194,0.567964074368499,3.1260054479620436e-05,reverse,1.7857142857142856,reverse,1.7760763654403278,0.5679328143140194,0.567964074368499,3.1260054479620436e-05,1.7857142857142856,1.7760763654403278,0.43696114679614106,0.8392465330116963,finite,0.5679328143140195,0.2031349136940197,0.20314267488585552,7.761191835820025e-06,1.0989010989010988,1.1006263440558204,0.09142643604641616,-1.5938467148610318,finite,0.2031349136940197,0.15037456710850405
79,constant,0.01,0.7458420080297106,0.6075340660859687,0.6075389538493629,4.887763394134659e-06,reverse,1.8181818181818181,reverse,1.8141709456725033,0.6075340660859687,0.6075389538493629,4.887763394134659e-06,1.8181818181818181,1.8141709456725033,0.4487840286576161,0.9353179921609157,finite,0.6075340660859688,0.20611648201218571,0.2061212171853874,4.735173201680931e-06,1.0869565217391304,1.088202020876024,0.08105298389817313,-1.5792908503125582,finite,0.20611648201218571,0.13830305418034772
79,linear,0.012658227848101266,0.71646378052558,0.5644249886442219,0.564484614694785,5.962605056308856e-05,reverse,1.7543859649122808,reverse,1.7674408082552784,0.5644249886442219,0.564484614694785,5.962605056308856e-05,1.7543859649122808,1.7674408082552784,0.4342101894845657,0.8312251554026538,finite,0.5644249886442219,0.19975676702502812,0.1997572757195962,5.086945680798927e-07,1.0989010989010988,1.0993436488475803,0.09036632808287036,-1.6106522708709543,finite,0.19975676702502812,0.15197916583079507
80,constant,0.01,0.7425377681716976,0.6018445876555285,0.6019178110911055,7.322343557703004e-05,reverse,1.8181818181818181,reverse,1.8028663990873095,0.6018445876555285,0.6019178110911055,7.322343557703004e-05,1.8181818181818181,1.8028663990873095,0.4453277289397351,0.9210967902206625,finite,0.6018445876555286,0.20235840035407707,0.2023598481296373,1.44777556024267e-06,1.0869565217391304,1.0876472510087278,0.08058426197228936,-1.5977077400546444,finite,0.20235840035407707,0.14061995708059205
80,linear,0.0125,0.7145241588993864,0.560990473577452,0.5609979122392764,7.43866182439934e-06,reverse,1.7543859649122808,reverse,1.7589497433313865,0.560990473577452,0.5609979122392764,7.43866182439934e-06,1.7543859649122808,1.7589497433313865,0.43147892440290164,0.8232511101990859,finite,0.560990473577452,0.19642577320697716,0.19642746114503107,1.687938053912541e-06,1.0989010989010988,1.0980932448737404,0.08933052391649964,-1.6274620703053224,finite,0.19642577320697716,0.15352624666010994
81,constant,0.01,0.7391821004765763,0.5962842306805116,0.5962962238023076,1.1993121796005646e-05,reverse,1.7857142857142856,reverse,1.791775174729276,0.5962842306805116,0.5962962238023076,1.1993121796005646e-05,1.7857142857142856,1.791775174729276,0.4418942654727357,0.9070738971969817,finite,0.5962842306805118,0.19866883906664007,0.19866890355861092,6.449197084701375e-08,1.0869565217391304,1.0871026901371503,0.0801237002974956,-1.6161156411250757,finite,0.19866883906664007,0.14288587667426866
81,linear,0.012345679012345678,0.7126749219109026,0.5574991454610547,0.5575043725129467,5.227051891987244e-06,reverse,1.7543859649122808,reverse,1.7505992200685692,0.5574991454610547,0.5575043725129467,5.227051891987244e-06,1.7543859649122808,1.7505992200685692,0.4287670252927275,0.8153246959681644,finite,0.5574991454610547,0.19314178026890216,0.19315236316026038,1.0582891358218438e-05,1.0989010989010988,1.0968739955962206,0.08831825349598461,-1.6442759550999577,finite,0.19314178026890216,0.15517054939795594
82,constant,0.01,0.7358370338165742,0.5906671038771161,0.5906749021572295,7.798280113435752e-06,reverse,1.7857142857142856,reverse,1.7808906859746576,0.5906671038771161,0.5906749021572295,7.798280113435752e-06,1.7857142857142856,1.7808906859746576,0.43848322197680917,0.8932455784221737,finite,0.5906671038771162,0.1950465488313064,0.1950470008456061,4.520142997122001e-07,1.0869565217391304,1.0865682480085743,0.07967124768023892,-1.6345147194839813,finite,0.1950465488313064,0.14516213165934466
82,linear,0.012195121951219513,0.7107906717934905,0.5539508169302875,0.5540043919124509,5.357498216340684e-05,reverse,1.7543859649122808,reverse,1.7423852454548507,0.5539508169302875,0.5540043919124509,5.357498216340684e-05,1.7543859649122808,1.7423852454548507,0.4260741115613904,0.807446174347892,finite,0.5539508169302875,0.18990459978043422,0.1899311245433704,2.652476293618644e-05,1.0989010989010988,1.095684657295265,0.0873286457542135,-1.6610937749448436,finite,0.18990459978043422,0.15678627988103966
83,constant,0.01,0.7324538095768816,0.584971822798056,0.5850545507660128,8.272796795671944e-05,reverse,1.7857142857142856,reverse,1.7702064449793424,0.584971822798056,0.5850545507660128,8.272796795671944e-05,1.7857142857142856,1.7702064449793424,0.4350941367114559,0.8796082150203818,finite,0.5849718227980562,0.1914903031080896,0.19149278715713786,2.4840490482624933e-06,1.0869565217391304,1.086043487357699,0.07922655801476185,-1.6529051360465608,finite,0.1914903031080896,0.1473992588108688
83,linear,0.012048192771084338,0.7088688973900563,0.5504584378281014,0.5504983582123935,3.992038429201372e-05,reverse,1.7241379310344829,reverse,1.7343040291657363,0.5504584378281014,0.5504983582123935,3.992038429201372e-05,1.7241379310344829,1.7343040291657363,0.42339982887485045,0.7996157726019231,finite,0.5504584378281014,0.1867140099942285,0.18676289892337603,4.888892914753362e-05,1.0989010989010988,1.0945241350432153,0.08636094172512983,-1.6779153868143042,finite,0.1867140099942285,0.15837053917766286
84,constant,0.01,0.7291186497432534,0.5794256612271304,0.5794358685962072,1.0207369076864481e-05,reverse,1.7543859649122808,reverse,1.7597163466024845,0.5794256612271304,0.5794358685962072,1.0207369076864481e-05,1.7543859649122808,1.7597163466024845,0.43172659506703015,0.8661582989416019,finite,0.5794256612271306,0.18799889772026807,0.1880049386851591,6.04096489104089e-06,1.0869565217391304,1.085528098684676,0.07878939180690916,-1.6712870468953176,finite,0.18799889772026807,0.14968278114704614
84,linear,0.011904761904761904,0.7069296126782691,0.5469847199277653,0.5469866510216257,1.9310938603744887e-06,reverse,1.7241379310344829,reverse,1.726351804105102,0.5469847199277653,0.5469866510216257,1.9310938603744887e-06,1.7241379310344829,1.726351804105102,0.4207437918377389,0.7918336859898433,finite,0.5469847199277653,0.183569758753412,0.18364685083079665,7.709207738465507e-05,1.0989010989010988,1.0933914924594164,0.08541450441446778,-1.6947406545313484,finite,0.183569758753412,0.15994296165664346
85,constant,0.01,0.7258017508234338,0.5738104431232552,0.5738195488976735,9.105774418260992e-06,reverse,1.7543859649122808,reverse,1.7494145501629836,0.5738104431232552,0.5738195488976735,9.105774418260992e-06,1.7543859649122808,1.7494145501629836,0.4283801973026717,0.852892428266519,finite,0.5738104431232554,0.18457115044663946,0.1845821599057873,1.100945914783713e-05,1.0869565217391304,1.0850218983438706,0.0783596151134317,-1.6896606034806578,finite,0.18457115044663946,0.15198220192576029
85,linear,0.011764705882352941,0.705072433922024,0.5434569834607561,0.5434696422066074,1.2658745851323872e-05,reverse,1.7241379310344829,reverse,1.7185251502571512,0.5434569834607561,0.5434696422066074,1.2658745851323872e-05,1.7241379310344829,1.7185251502571512,0.4181056937977515,0.7841000799678748,finite,0.5434569834607562,0.18050049244552666,0.180582155730046,8.166328451933436e-05,1.0869565217391304,1.0922855523341821,0.0844884857599468,-1.711569448362308,finite,0.18050049244552666,0.16160279171541658
86,constant,0.01,0.7224652195281555,0.5681202545053774,0.568206279130528,8.602462515061582e-05,reverse,1.7543859649122808,reverse,1.7392954549967805,0.5681202545053774,0.568206279130528,8.602462515061582e-05,1.7543859649122808,1.7392954549967805,0.42505455463180575,0.8398073027638276,finite,0.5681202545053776,0.1812059006212106,0.18122318286314104,1.728224193042749e-05,1.0869565217391304,1.0845245055592623,0.07793692546917137,-1.7080259528111659,finite,0.1812059006212106,0.15425894039762744
86,linear,0.011627906976744186,0.7031375043696538,0.5398750268576907,0.5399476962844941,7.266942680339561e-05,reverse,1.7241379310344829,reverse,1.7108205836998238,0.5398750268576907,0.5399476962844941,7.266942680339561e-05,1.7241379310344829,1.7108205836998238,0.41548517154417325,0.7764150922334149,finite,0.5398750268576907,0.17751633952526777,0.17756800003534182,5.166051007404748e-05,1.0869565217391304,1.0912056364199751,0.08358244621903009,-1.7284016446396138,finite,0.17751633952526777,0.1631898080851597
87,constant,0.01,0.7191326723040714,0.5625860228175339,0.56259674089625,1.0718078716109858e-05,reverse,1.7241379310344829,reverse,1.729353605400866,0.5625860228175339,0.56259674089625,1.0718078716109858e-05,1.7241379310344829,1.729353605400866,0.4217492611823601,0.8268997196841241,finite,0.5625860228175341,0.17790200874018494,0.17792676647714414,2.4757736959202248e-05,1.0869565217391304,1.084035744691131,0.0775211934686479,-1.7263832376339514,finite,0.17790200874018494,0.1565359314078214
87,linear,0.011494252873563218,0.7011543357562108,0.5363917558796535,0.5364211707883532,2.9414908699676445e-05,reverse,1.6949152542372883,reverse,1.7032348458867068,0.5363917558796535,0.5364211707883532,2.9414908699676445e-05,1.6949152542372883,1.7032348458867068,0.41288190385783335,0.7687788346256025,finite,0.5363917558796535,0.17457453832514552,0.1746035811113229,2.9042786177380098e-05,1.0869565217391304,1.09015065694837,0.0826955947545145,-1.7452371254128412,finite,0.17457453832514552,0.16473316496785761
88,constant,0.01,0.7157644916882486,0.556983238300263,0.5569916098717247,8.371571461718297e-06,reverse,1.7241379310344829,reverse,1.7195839590776425,0.556983238300263,0.5569916098717247,8.371571461718297e-06,1.7241379310344829,1.7195839590776425,0.4184639867562011,0.8141665697748692,finite,0.5569832383002632,0.17465835607611685,0.17469169587426814,3.33397981512884e-05,1.0869565217391304,1.0835554515783312,0.07711229864297428,-1.7447325966051528,finite,0.17465835607611685,0.15877288181652394
88,linear,0.011363636363636364,0.6992746023383982,0.5328901039220726,0.5328904166066968,3.126846241929826e-07,reverse,1.6949152542372883,reverse,1.6957649367838163,0.5328901039220726,0.5328904166066968,3.126846241929826e-07,1.6949152542372883,1.6957649367838163,0.4102956262932304,0.7611913948930549,finite,0.5328901039220726,0.1716748559082264,0.17168810726074757,1.3251352521170823e-05,1.0869565217391304,1.0891197888401802,0.08182735246697274,-1.7620757781209007,finite,0.1716748559082264,0.16638418573170144
89,constant,0.01,0.7123891431361639,0.5513086883708549,0.5513915557461345,8.286737527962718e-05,reverse,1.7241379310344829,reverse,1.7099815944274321,0.5513086883708549,0.5513915557461345,8.286737527962718e-05,1.7241379310344829,1.7099815944274321,0.4151983838546294,0.8016048335023801,finite,0.5513086883708551,0.17147384429910015,0.17151678173981189,4.293744071173777e-05,1.0869565217391304,1.0830832408070286,0.0767099311269201,-1.7630741644531331,finite,0.17147384429910015,0.16099758739002934
89,linear,0.011235955056179775,0.6973464789143535,0.5293370840166981,0.5293557782993991,1.869428270095952e-05,reverse,1.6949152542372883,reverse,1.6884076479535788,0.5293370840166981,0.5293557782993991,1.869428270095952e-05,1.6949152542372883,1.6884076479535788,0.40772597114681275,0.7536528383391048,finite,0.5293370840166981,0.16881703597536493,0.16882079769983258,3.761724467643557e-06,1.0869565217391304,1.0881122878935128,0.08097720141005871,-1.7789174952876698,finite,0.16881703597536493,0.16799070061495447
90,constant,0.01,0.7090312588592406,0.5457836072699347,0.5457972421606861,1.3634890751457185e-05,reverse,1.6949152542372883,reverse,1.7005414831326247,0.5457836072699347,0.5457972421606861,1.3634890751457185e-05,1.6949152542372883,1.7005414831326247,0.41195201062789344,0.7892115774680076,finite,0.5457836072699349,0.1683473951048638,0.16840085969130208,5.3464586438289885e-05,1.0869565217391304,1.0826189302286675,0.07631395306492288,-1.7814080721317034,finite,0.1683473951048638,0.16323401669855442
90,linear,0.011111111111111112,0.6953789944009563,0.525732488915327,0.5258175943917764,8.51054764494652e-05,reverse,1.6949152542372883,reverse,1.681160102454242,0.525732488915327,0.5258175943917764,8.51054764494652e-05,1.6949152542372883,1.681160102454242,0.4051726551563115,0.7461632093537625,finite,0.525732488915327,0.16600080090718697,0.16600088252250347,8.161531650507925e-08,1.0869565217391304,1.0871272056306758,0.08014444416385523,-1.7957621742391026,finite,0.16600080090718697,0.16956140000917985
91,constant,0.01,0.7057210129103773,0.5402034334203799,0.5402093266510184,5.893230638487346e-06,reverse,1.6949152542372883,reverse,1.6912593805575724,0.5402034334203799,0.5402093266510184,5.893230638487346e-06,1.6949152542372883,1.6912593805575724,0.40872463946345045,0.7769839510062775,finite,0.54020343342038,0.1652779498496486,0.16534278967155938,6.483982191077264e-05,1.0869565217391304,1.0821623311967925,0.07592422026548183,-1.7997344469668157,finite,0.1652779498496486,0.16551168625935886
91,linear,0.01098901098901099,0.6934044818366004,0.5222510013496287,0.5222761976485228,2.519629889419228e-05,reverse,1.6666666666666667,reverse,1.674019657626248,0.5222510013496287,0.5222761976485228,2.519629889419228e-05,1.6666666666666667,1.674019657626248,0.40263544968283393,0.7387225328409892,finite,0.5222510013496287,0.1632258536614576,0.1632276026553035,1.7489938459180898e-06,1.0869565217391304,1.0861639696975196,0.07932869447097834,-1.812609716836358,finite,0.1632258536614576,0.17112828418807757
92,constant,0.01,0.7024081043754601,0.5345547055937125,0.5346284605922691,7.375499855655221e-05,reverse,1.6949152542372883,reverse,1.6821307026682963,0.5345547055937125,0.5346284605922691,7.375499855655221e-05,1.6949152542372883,1.6821307026682963,0.405515874352843,0.7649191829539316,finite,0.5345547055937128,0.1622644691917406,0.16234145536082717,7.698616908657918e-05,1.0869565217391304,1.0817131833237312,0.07554052643849155,-1.8180534127956909,finite,0.1622644691917406,0.167779643783191
92,linear,0.010869565217391304,0.6915058862715969,0.5187318677232118,0.5187319153290723,4.760586047591886e-08,reverse,1.6666666666666667,reverse,1.6669833573578616,0.5187318677232118,0.5187319153290723,4.760586047591886e-08,1.6666666666666667,1.6669833573578616,0.400113986989659,0.731330815549206,finite,0.5187318677232118,0.16049187953648886,0.16050020980282304,8.330266334177772e-06,1.0869565217391304,1.0852219448890057,0.07852950752642769,-1.8294600292302228,finite,0.16049187953648886,0.17277397094252467
93,constant,0.01,0.6990668711480218,0.5290355458888958,0.5290552891466929,1.9743257797077973e-05,reverse,1.6666666666666667,reverse,1.673151310418129,0.5290355458888958,0.5290552891466929,1.9743257797077973e-05,1.6666666666666667,1.673151310418129,0.4023254240227115,0.7530145785794194,finite,0.5290355458888959,0.1593059327395409,0.15939576360703872,8.983086749780878e-05,1.0869565217391304,1.0812712770568011,0.07516270780633313,-1.836365090099409,finite,0.1593059327395409,0.17001158200132893
93,linear,0.010752688172043012,0.6895439791587546,0.5151638982329243,0.5151850694256992,2.1171192774893655e-05,reverse,1.6666666666666667,reverse,1.6600487470008631,0.5151638982329243,0.5151850694256992,2.1171192774893655e-05,1.6666666666666667,1.6600487470008631,0.39760805108485164,0.7239880473120278,finite,0.5151638982329241,0.1577985478103869,0.15781796638602047,1.9418575633561863e-05,1.0869565217391304,1.08430002218952,0.07774603012484821,-1.8463130216266823,finite,0.1577985478103869,0.17435890973305546
94,constant,0.01,0.6957238307996442,0.5234878002474449,0.5234904512137796,2.650966334671878e-06,reverse,1.6666666666666667,reverse,1.6643170864274734,0.5234878002474449,0.5234904512137796,2.650966334671878e-06,1.6666666666666667,1.6643170864274734,0.3991529569965889,0.7412675166632304,finite,0.523487800247445,0.1564013387060518,0.15650464387360613,0.0001033051675543295,1.0869565217391304,1.080836410435102,0.0747906062884767,-1.854669596128396,finite,0.1564013387060518,0.1722333795858646
94,linear,0.010638297872340425,0.6875300650629799,0.5115468861245904,0.5116359768857102,8.909076111973668e-05,reverse,1.6666666666666667,reverse,1.6532134223383048,0.5115468861245904,0.5116359768857102,8.909076111973668e-05,1.6666666666666667,1.6532134223383048,0.39511742011772427,0.7166942022059752,finite,0.5115468861245904,0.15514551326514894,0.15518014547251976,3.463220737082162e-05,1.0869565217391304,1.0833980271357158,0.07697819734470362,-1.863168608073032,finite,0.15514551326514894,0.1758940881772697
95,constant,0.01,0.6923663259806172,0.5178747047023367,0.5179345793828316,5.987468049495348e-05,reverse,1.6666666666666667,reverse,1.6556241962790186,0.5178747047023367,0.5179345793828316,5.987468049495348e-05,1.6666666666666667,1.6556241962790186,0.395998196784343,0.7296754467201586,finite,0.5178747047023369,0.1535497035696628,0.153667047703761,0.00011734413409819622,1.0869565217391304,1.0804086841293639,0.07442432230555455,-1.872967045022653,finite,0.1535497035696628,0.1744317465977856
95,linear,0.010526315789473684,0.6855925624005548,0.5080590458906175,0.5080849498189187,2.590392830126298e-05,reverse,1.639344262295082,reverse,1.646474615186614,0.5080590458906175,0.5080849498189187,2.590392830126298e-05,1.639344262295082,1.646474615186614,0.3926417141349862,0.709449239631243,finite,0.5080590458906175,0.15253241760391095,0.1525860307013781,5.361309746715337e-05,1.0869565217391304,1.0825149891781285,0.0762252624702924,-1.8800267062526794,finite,0.15253241760391095,0.17750761258163605
96,constant,0.01,0.6889919169986324,0.5123578473574736,0.5123882998878702,3.045253039657414e-05,reverse,1.639344262295082,reverse,1.6470688737274608,0.5123578473574736,0.5123882998878702,3.045253039657414e-05,1.639344262295082,1.6470688737274608,0.39286084756315465,0.7182358863550079,finite,0.5123578473574738,0.15075006174112113,0.15088194820082154,0.00013188645970041435,1.0869565217391304,1.0799874861601975,0.0740633453491079,-1.8912575479267628,finite,0.15075006174112113,0.17660361711076222
96,linear,0.010416666666666666,0.6836488475785267,0.5045321731631396,0.5045322956914043,1.2252826475656065e-07,reverse,1.639344262295082,reverse,1.6398303884132144,0.5045321731631396,0.5045322956914043,1.2252826475656065e-07,1.639344262295082,1.6398303884132144,0.3901808339046258,0.7022531053209422,finite,0.5045321731631396,0.14995889076899,0.1500349162017919,7.602543280191276e-05,1.0869565217391304,1.0816505868061925,0.07548702677385263,-1.8968872372950907,finite,0.14995889076899,0.1791165518871224
97,constant,0.01,0.6856675690059475,0.5068519793588158,0.5068522325649178,2.53206102085457e-07,reverse,1.639344262295082,reverse,1.6386474583302795,0.5068519793588158,0.5068522325649178,2.53206102085457e-07,1.639344262295082,1.6386474583302795,0.3897406089904398,0.7069464187441977,finite,0.506851979358816,0.14800146523657493,0.14814833952411188,0.00014687428753695775,1.0869565217391304,1.0795728658969037,0.07370773053914702,-1.9095412130975176,finite,0.14800146523657493,0.17881533644102965
97,linear,0.010309278350515464,0.6816661823255898,0.5009588962490081,0.5009783175066039,1.9421257595797492e-05,reverse,1.639344262295082,reverse,1.633278118687743,0.5009588962490081,0.5009783175066039,1.9421257595797492e-05,1.639344262295082,1.633278118687743,0.38773440447273627,0.6951057322840511,finite,0.5009588962490081,0.14742455216777298,0.14752610650661685,0.00010155433884387333,1.0869565217391304,1.0808040521297184,0.07476290634781992,-1.9137501255985236,finite,0.14742455216777298,0.1806878648189859
98,constant,0.01,0.6823618658556583,0.501283945728548,0.5013269908114814,4.30450829334017e-05,reverse,1.639344262295082,reverse,1.630356575429041,0.501283945728548,0.5013269908114814,4.30450829334017e-05,1.639344262295082,1.630356575429041,0.38663724545236844,0.6958046902357763,finite,0.5012839457285482,0.14530298335657715,0.14546523639925382,0.00016225304267666885,1.0869565217391304,1.0791646232300618,0.0733573187315139,-1.9278181460087755,finite,0.14530298335657715,0.18103487504417692
98,linear,0.01020408163265306,0.679626652464622,0.4973390133186134,0.49742331397462747,8.4300656014058e-05,reverse,1.639344262295082,reverse,1.6268158569832105,0.4973390133186134,0.49742331397462747,8.4300656014058e-05,1.639344262295082,1.6268158569832105,0.3853022788612267,0.6880070416867595,finite,0.49733901331861347,0.14492901181295612,0.1450589164618509,0.00012990464889478526,1.0869565217391304,1.0799749354326749,0.0740525847487693,-1.9306152986607954,finite,0.14492901181295612,0.18220333848999448
99,constant,0.01,0.6790551790353665,0.49576543800848794,0.4958131815483117,4.774353982378576e-05,reverse,1.6129032258064517,reverse,1.6221926560422537,0.49576543800848794,0.4958131815483117,4.774353982378576e-05,1.6129032258064517,1.6221926560422537,0.38355040859342127,0.6848084080613612,finite,0.49576543800848816,0.14265370237094235,0.14283167364278748,0.00017797127184512873,1.0869565217391304,1.0787625698755816,0.07301196025429912,-1.9460884494503716,finite,0.14265370237094235,0.18324199748705478
99,linear,0.010101010101010102,0.6776974324562197,0.4938360198617372,0.49386757967067857,3.155980894137267e-05,reverse,1.6129032258064517,reverse,1.6204413712705596,0.4938360198617372,0.49386757967067857,3.155980894137267e-05,1.6129032258064517,1.6204413712705596,0.3828841834518718,0.6809569436766343,finite,0.49383601986173714,0.14247187138314268,0.1426326711316662,0.0001607997485235102,1.0869565217391304,1.0791625077334313,0.07335550222152967,-1.947482686923463,finite,0.14247187138314268,0.18382985278554115
100,constant,0.01,0.6757331062399188,0.4903105232259273,0.4903114051832398,8.819573125151692e-07,reverse,1.6129032258064517,reverse,1.6141525876763088,0.4903105232259273,0.4903114051832398,8.819573125151692e-07,1.6129032258064517,1.6141525876763088,0.3804798829833222,0.6739553381533951,finite,0.49031052322592744,0.14005920144530712,0.1402467057003658,0.00018750425505867363,1.0707512486174096,1.0783666214818106,0.07267159416908227,-1.964352223622642,finite,0.14005920144530712,0.185421701056679
100,linear,0.01,0.6757331062399188,0.4903105232259273,0.4903114051832398,8.819573125151692e-07,reverse,1.6129032258064517,reverse,1.6141525876763088,0.4903105232259273,0.4903114051832398,8.819573125151692e-07,1.6129032258064517,1.6141525876763088,0.3804798829833222,0.6739553381533951,finite,0.49031052322592744,0.14005920144530712,0.1402467057003658,0.00018750425505867363,1.0707512486174096,1.0783666214818106,0.07267159416908227,-1.964352223622642,finite,0.14005920144530712,0.185421701056679
101,constant,0.01,0.6724018823267938,0.4847965960361895,0.48482225557723985,2.5659541050326862e-05,reverse,1.6129032258064517,reverse,1.6062333968085298,0.4847965960361895,0.48482225557723985,2.5659541050326862e-05,1.6129032258064517,1.6062333968085298,0.37742547130016846,0.6632433030622401,finite,0.4847965960361897,0.13754199936156097,0.13770940619792635,0.00016740683636537468,1.0707512486174096,1.0779765565459571,0.07233604114342612,-1.982609566227373,finite,0.13754199936156097,0.18757962674955392
101,linear,0.009900990099009901,0.6737230854638167,0.4867409666087793,0.4867550772529095,1.4110644130205241e-05,reverse,1.6129032258064517,reverse,1.6079477453294448,0.4867409666087793,0.4867550772529095,1.4110644130205241e-05,1.6129032258064517,1.6079477453294448,0.37808924269792443,0.6670021154903473,finite,0.48674096660877925,0.1377503237994421,0.13790036537084024,0.00015004157139814067,1.0707512486174096,1.0775864761156606,0.07200023184713118,-1.981223844651654,finite,0.1377503237994421,0.18696800821090714
102,constant,0.01,0.6690677453437632,0.4792722037453252,0.47934632001240945,7.411626708425656e-05,reverse,1.5873015873015872,reverse,1.5984317748422263,0.4792722037453252,0.47934632001240945,7.411626708425656e-05,1.5873015873015872,1.5984317748422263,0.3743868110362701,0.6526701799670783,finite,0.47927220374532536,0.13507003747813748,0.13521886750568504,0.00014883002754756403,1.0707512486174096,1.077592257009269,0.07200521023101757,-2.0008605725529836,finite,0.13507003747813748,0.18972142533135378
102,linear,0.00980392156862745,0.6716748461652589,0.4831271562328717,0.48319887890231866,7.172266944693861e-05,reverse,1.6129032258064517,reverse,1.601824721378861,0.4831271562328717,0.48319887890231866,7.172266944693861e-05,1.6129032258064517,1.601824721378861,0.3757119698220205,0.660097157209439,finite,0.4831271562328717,0.1354754676896082,0.13559300526086815,0.0001175375712599569,1.0707512486174096,1.0768217945368408,0.07134123299378717,-1.998097488428239,finite,0.1354754676896082,0.1884759672629402
103,constant,0.01,0.6657190005613481,0.4738769406129697,0.4738841791621121,7.2385491424187265e-06,reverse,1.5873015873015872,reverse,1.5907450387284052,0.4738769406129697,0.4738841791621121,7.2385491424187265e-06,1.5873015873015872,1.5907450387284052,0.37136374739262384,0.6422338987760519,finite,0.47387694061296987,0.1326425027193847,0.13277420031385856,0.00013169759447387297,1.0707512486174096,1.0772135661931381,0.07167897677524625,-2.0191053355586273,finite,0.1326425027193847,0.19183482139923602
103,linear,0.009708737864077669,0.6697354573368665,0.4795996694863165,0.4796430895580155,4.342007169899631e-05,reverse,1.5873015873015872,reverse,1.595781629023781,0.4795996694863165,0.4796430895580155,4.342007169899631e-05,1.5873015873015872,1.595781629023781,0.37334784295533613,0.6532403366136558,finite,0.4795996694863165,0.13323432213556544,0.1333239902966008,8.966816103536668e-05,1.0707512486174096,1.0760719586769278,0.07069411860751518,-2.0149730957729703,finite,0.13323432213556544,0.19009236777885097
104,constant,0.01,0.66238374044443,0.4684257771340671,0.4684364070630029,1.0629928935801392e-05,reverse,1.5873015873015872,reverse,1.583170222082101,0.4684257771340671,0.4684364070630029,1.0629928935801392e-05,1.5873015873015872,1.583170222082101,0.36835598216036847,0.6319324403103599,finite,0.4684257771340673,0.13025859662258377,0.13037453322041043,0.00011593659782666021,1.0707512486174096,1.0768403681575918,0.07135725074001538,-2.0373439459520934,finite,0.13025859662258377,0.19394733338142717
104,linear,0.009615384615384616,0.667760141220284,0.47608410166510573,0.4760879851645712,3.883499465451301e-06,reverse,1.5873015873015872,reverse,1.589816904646798,0.47608410166510573,0.4760879851645712,3.883499465451301e-06,1.5873015873015872,1.589816904646798,0.3709967499545709,0.6464315193790718,finite,0.47608410166510573,0.13102656810935223,0.1310926951043613,6.612699500907482e-05,1.0707512486174096,1.0753366390741952,0.07005865543561847,-2.0318506097926563,finite,0.13102656810935223,0.19167215605571286
105,constant,0.01,0.6591004901373393,0.46291813412486527,0.46300357108902035,8.54369641550834e-05,reverse,1.5873015873015872,reverse,1.5757047440995204,0.46291813412486527,0.46300357108902035,8.54369641550834e-05,1.5873015873015872,1.5757047440995204,0.3653633374243108,0.6217638345680477,finite,0.46291813412486543,0.127917535075319,0.12801901232979426,0.0001014772544752629,1.0707512486174096,1.0764725365106356,0.07103993266611315,-2.055576492266059,finite,0.127917535075319,0.19609691904831894
105,linear,0.009523809523809525,0.665737038773217,0.47252673976589565,0.47253383829165646,7.09852576080694e-06,reverse,1.5873015873015872,reverse,1.5839286153837593,0.47252673976589565,0.47253383829165646,7.09852576080694e-06,1.5873015873015872,1.5839286153837593,0.36865841661827875,0.6396705641097152,finite,0.47252673976589565,0.12885187937996578,0.12889850390067228,4.6624520706500805e-05,1.0707512486174096,1.0746153626389656,0.06943448347484109,-2.0487299757709763,finite,0.12885187937996578,0.19320320048156053
106,constant,0.01,0.6558161612117713,0.45756374170502034,0.4575862319272868,2.249022226646913e-05,reverse,1.5625000000000002,reverse,1.5683459042351775,0.45756374170502034,0.4575862319272868,2.249022226646913e-05,1.5625000000000002,1.5683459042351775,0.3623855571021739,0.6117261590632256,finite,0.45756374170502045,0.12561854805756853,0.1257068008627324,8.825280516386314e-05,1.0707512486174096,1.0761099260249012,0.0707269064100613,-2.073803060929592,finite,0.12561854805756853,0.19822992928448452
106,linear,0.009433962264150943,0.6636774237892533,0.4689274002091933,0.46898091823453125,5.35180253379286e-05,reverse,1.5873015873015872,reverse,1.5781151804904483,0.4689274002091933,0.46898091823453125,5.35180253379286e-05,1.5873015873015872,1.5781151804904483,0.3663326908184111,0.6329573228576741,finite,0.4689274002091933,0.1267099233023549,0.12674081038086077,3.088707850587569e-05,1.0707512486174096,1.07390785628626,0.06882141317211785,-2.065611141065384,finite,0.1267099233023549,0.19469650555472207
107,constant,0.01,0.6525267864585172,0.45218361191393264,0.45218494355581973,1.3316418870923385e-06,reverse,1.5625000000000002,reverse,1.5610911765932924,0.45218361191393264,0.45218494355581973,1.3316418870923385e-06,1.5625000000000002,1.5610911765932924,0.3594224251640058,0.6018175372366411,finite,0.45218361191393286,0.12336087938842964,0.12343707877615692,7.619938772727985e-05,1.0707512486174096,1.075752430205757,0.07041808884528208,-2.092023736338842,finite,0.12336087938842964,0.20034184290269752
107,linear,0.009345794392523364,0.6617251529913168,0.4653656479536563,0.46542949110819204,6.384315453572542e-05,reverse,1.5625000000000002,reverse,1.5723748647988363,0.4653656479536563,0.46542949110819204,6.384315453572542e-05,1.5625000000000002,1.5723748647988363,0.36401934272338016,0.6262916416103855,finite,0.4653656479536563,0.12460036155434984,0.12461901760652867,1.865605217883648e-05,1.0707512486174096,1.0732135720817448,0.06821901435678847,-2.0824940550095654,finite,0.12460036155434984,0.1962956618831248
108,constant,0.01,0.6492274543441967,0.4467501195459038,0.4468002532231141,5.01336772102956e-05,reverse,1.5625000000000002,reverse,1.5539381616369363,0.4467501195459038,0.4468002532231141,5.01336772102956e-05,1.5625000000000002,1.5539381616369363,0.35647374864223136,0.592036136934072,finite,0.446750119545904,0.12114378647739678,0.1212090423936315,6.525591623472715e-05,1.0707512486174096,1.075399935190944,0.0701133901198872,-2.1102386009217216,finite,0.12114378647739678,0.2024272011210826
108,linear,0.009259259259259259,0.6597363883064864,0.46186805122192975,0.46187981993591376,1.176871398400614e-05,reverse,1.5625000000000002,reverse,1.5667061429254978,0.46186805122192975,0.46187981993591376,1.176871398400614e-05,1.5625000000000002,1.5667061429254978,0.3617182108364571,0.6196733607478765,finite,0.46186805122192975,0.12252285082489922,0.12253253789194607,9.687067046848519e-06,1.0707512486174096,1.0725322729220916,0.06762712391346418,-2.0993786688224345,finite,0.12252285082489922,0.19785656837057264
109,constant,0.01,0.645927596189175,0.4413824834746405,0.44143270142945096,5.0217954810471976e-05,reverse,1.5384615384615388,reverse,1.546884272135138,0.4413824834746405,0.44143270142945096,5.0217954810471976e-05,1.5384615384615388,1.546884272135138,0.3535392284907538,0.5823801689488408,finite,0.44138248347464065,0.118966540080109,0.11902190404514931,5.536396504031427e-05,1.0707512486174096,1.075052249270877,0.06981265266109529,-2.1284477352026743,finite,0.118966540080109,0.204494894759724
109,linear,0.009174311926605505,0.6577118525454628,0.4583308544472028,0.45833216473230287,1.3102851000867943e-06,reverse,1.5625000000000002,reverse,1.5611075395352618,0.4583308544472028,0.45833216473230287,1.3102851000867943e-06,1.5625000000000002,1.5611075395352618,0.3594291394571717,0.6131023154714491,finite,0.45833085444720284,0.12047704345674976,0.12048079269001376,3.7492332640026715e-06,1.0707512486174096,1.0718634333404908,0.06704532602304246,-2.116264935519813,finite,0.12047704345674976,0.19937968781315996
110,constant,0.01,0.6426203517511524,0.4360812718504139,0.43608282191002956,1.550059615662569e-06,reverse,1.5384615384615388,reverse,1.5399275956606646,0.4360812718504139,0.43608282191002956,1.550059615662569e-06,1.5384615384615388,1.5399275956606646,0.35061881947055,0.5728478856254156,finite,0.4360812718504141,0.1168284240584875,0.11687489171652934,4.646765804183772e-05,1.0707512486174096,1.074709385307783,0.06951589548684094,-2.1466512178633037,finite,0.1168284240584875,0.20653752984112284
110,linear,0.00909090909090909,0.6556455737880771,0.4547538856495804,0.45478678258129257,3.289693171215635e-05,reverse,1.5625000000000002,reverse,1.5555775242052745,0.4547538856495804,0.45478678258129257,3.289693171215635e-05,1.5625000000000002,1.5555775242052745,0.35715193589539185,0.6065783362058097,finite,0.45475388564958047,0.11846258804648968,0.11846321247730034,6.244308106556629e-07,1.0707512486174096,1.071206830682117,0.06647346585418458,-2.133152809833959,finite,0.11846258804648968,0.20085879120678451
111,constant,0.01,0.639309161502801,0.43072975237895106,0.4307511416196675,2.138924071642956e-05,reverse,1.5384615384615388,reverse,1.533065633887423,0.43072975237895106,0.4307511416196675,2.138924071642956e-05,1.5384615384615388,1.533065633887423,0.3477122062515475,0.5634375795206108,finite,0.4307297523789513,0.11472873514518439,0.114767248707826,3.851356264160388e-05,1.0707512486174096,1.0743710742308963,0.06922289329516429,-2.164849125801121,finite,0.11472873514518439,0.20855801988313355
111,linear,0.009009009009009009,0.6536675945475645,0.451147756429485,0.4512439277094857,9.617128000066755e-05,reverse,1.5384615384615388,reverse,1.5501147247575946,0.451147756429485,0.4512439277094857,9.617128000066755e-05,1.5384615384615388,1.5501147247575946,0.3548864583836664,0.6001012489765053,finite,0.451147756429485,0.11647913000467519,0.11647923663904408,1.0663436889046807e-07,1.0707512486174096,1.0705622220624778,0.06591136937985441,-2.1500422481348713,finite,0.11647913000467519,0.20242366683807883
112,constant,0.01,0.6359992950334447,0.42534381488076944,0.4254381807193412,9.436583857175274e-05,reverse,1.5151515151515154,reverse,1.5262963277894113,0.42534381488076944,0.4254381807193412,9.436583857175274e-05,1.5151515151515154,1.5262963277894113,0.344819232155046,0.554147582120038,finite,0.42534381488076967,0.11266678271226413,0.11269823330059076,3.145058832662584e-05,1.0707512486174096,1.0740374243807784,0.06893374727930339,-2.1830415341853584,finite,0.11266678271226413,0.21056111431410346
112,linear,0.008928571428571428,0.6516754407870013,0.44767570508347243,0.4477038515550505,2.814647157806105e-05,reverse,1.5384615384615388,reverse,1.5447175931663923,0.44767570508347243,0.4477038515550505,2.814647157806105e-05,1.5384615384615388,1.5447175931663923,0.35263247830939737,0.5936708757640777,finite,0.44767570508347243,0.11452631207857436,0.1145283133538159,2.0012752415393686e-06,1.0707512486174096,1.0699291533986126,0.06535867648477817,-2.166933208356792,finite,0.11452631207857436,0.20397158923195086
113,constant,0.01,0.6327405392719558,0.4201290237829939,0.42014445256426325,1.542878126936653e-05,reverse,1.5151515151515154,reverse,1.5196175896058082,0.4201290237829939,0.42014445256426325,1.542878126936653e-05,1.5151515151515154,1.5196175896058082,0.34193970454145506,0.5449762626065857,finite,0.4201290237829941,0.11064188854404315,0.11066711843358928,2.522988954613281e-05,1.0707512486174096,1.0737081404283821,0.06864820862676374,-2.201228516510862,finite,0.11064188854404315,0.2125960867076926
113,linear,0.008849557522123894,0.6496485732212888,0.44416618030643573,0.4441668028324873,6.225260515413389e-07,reverse,1.5384615384615388,reverse,1.5393848590929156,0.44416618030643573,0.4441668028324873,6.225260515413389e-07,1.5384615384615388,1.5393848590929156,0.3503898689836074,0.587287034836487,finite,0.4441661803064358,0.11260377483989377,0.11260989947795337,6.124638059601395e-06,1.0707512486174096,1.0693072775530479,0.06481511816850935,-2.183825649930085,finite,0.11260377483989377,0.2054817703888015
114,constant,0.01,0.6294935242747106,0.4148669103959999,0.41487046369356806,3.55329756818179e-06,reverse,1.5151515151515154,reverse,1.5130273436303552,0.4148669103959999,0.41487046369356806,3.55329756818179e-06,1.5151515151515154,1.5130273436303552,0.3390734118521601,0.535922026678548,finite,0.414866910396,0.10865338661401161,0.10867319138674984,1.980477273823278e-05,1.0707512486174096,1.0733832870739053,0.06836634029765058,-2.219410144649726,finite,0.10865338661401161,0.21462306058114256
114,linear,0.008771929824561403,0.6475877110693965,0.4406190225540477,0.44063302759352113,1.4005039473408143e-05,reverse,1.5384615384615388,reverse,1.5341151962379616,0.4406190225540477,0.44063302759352113,1.4005039473408143e-05,1.5384615384615388,1.5341151962379616,0.34815846785674714,0.5809495410611714,finite,0.4406190225540477,0.11071115713969082,0.11072346043040941,1.2303290718593263e-05,1.0707512486174096,1.068696358849723,0.06428052110485655,-2.200719533713802,finite,0.11071115713969082,0.20695468347587537
115,constant,0.01,0.626240555548369,0.40955704528761727,0.40961671382166176,5.966853404448802e-05,reverse,1.5151515151515154,reverse,1.5065236756215667,0.40955704528761727,0.40961671382166176,5.966853404448802e-05,1.5151515151515154,1.5065236756215667,0.3362201894454685,0.5269833154151234,finite,0.4095570452876175,0.10670062286576426,0.10671575347290185,1.5130607137592289e-05,1.0707512486174096,1.073062691101213,0.06808799868555097,-2.2375864889024153,finite,0.10670062286576426,0.21662384172670723
115,linear,0.008695652173913044,0.6455665724192536,0.4370340661299168,0.43710276928444836,6.870315453155751e-05,reverse,1.5384615384615388,reverse,1.5289073301432494,0.4370340661299168,0.43710276928444836,6.870315453155751e-05,1.5384615384615388,1.5289073301432494,0.3459381217654924,0.5746582061981756,finite,0.4370340661299168,0.10884809653253086,0.10886847007757962,2.037354504876021e-05,1.0707512486174096,1.0680961425046318,0.06375469379090709,-2.2176148219334526,finite,0.10884809653253086,0.20846380313480528
116,constant,0.01,0.6229862231853927,0.404336275971912,0.40438369583097555,4.741985906353552e-05,reverse,1.492537313432836,reverse,1.500104682476074,0.404336275971912,0.40438369583097555,4.741985906353552e-05,1.492537313432836,1.500104682476074,0.3333798556315422,0.5181586041866041,finite,0.4043362759719122,0.10478295499786917,0.10479411973769012,1.1164739820948566e-05,1.0707512486174096,1.0727461761128723,0.06781303698184246,-2.255757618042571,finite,0.10478295499786917,0.2186025273544171
116,linear,0.008620689655172414,0.6435793496960226,0.433518782188142,0.4335762687999928,5.748661185078774e-05,reverse,1.5151515151515154,reverse,1.523760085476332,0.433518782188142,0.4335762687999928,5.748661185078774e-05,1.5151515151515154,1.523760085476332,0.3437287079957886,0.568412839175239,finite,0.43351878218814205,0.10701422967181116,0.10704441061832073,3.0180946509569817e-05,1.0707512486174096,1.0675063321574365,0.06323740677116714,-2.2345114781230264,finite,0.10701422967181116,0.21000308089602981
117,constant,0.01,0.619730353940904,0.3991706184038689,0.3991718957663711,1.27736250216115e-06,reverse,1.492537313432836,reverse,1.4937686302065893,0.3991706184038689,0.3991718957663711,1.27736250216115e-06,1.492537313432836,1.4937686302065893,0.33055228247650426,0.5094464016075795,finite,0.39917061840386914,0.10289975225260209,0.1029076186662651,7.86641366301577e-06,1.0707512486174096,1.0724337610727819,0.06754147780682006,-2.273923599366255,finite,0.10289975225260209,0.22055845817453296
117,linear,0.008547008547008548,0.6415556005411246,0.43004400663121034,0.43005376453403754,9.757902827201015e-06,reverse,1.5151515151515154,reverse,1.5186722056829511,0.43004400663121034,0.43005376453403754,9.757902827201015e-06,1.5151515151515154,1.5186722056829511,0.34153005746865744,0.5622132463462308,finite,0.4300440066312104,0.10520919267804547,0.10525077246957527,4.157979152979996e-05,1.0707512486174096,1.0669267248376868,0.06272851103984524,-2.251409467068192,finite,0.10520919267804547,0.21150183600708705
118,constant,0.01,0.6164708739299013,0.3939601637178649,0.39398179283094953,2.1629113084620233e-05,reverse,1.492537313432836,reverse,1.4875137317307487,0.3939601637178649,0.39398179283094953,2.1629113084620233e-05,1.492537313432836,1.4875137317307487,0.3277372983733856,0.500845248530743,finite,0.39396016371786513,0.10105039520847842,0.1010555918978048,5.1966893263866165e-06,1.0707512486174096,1.0721253912058757,0.06727327959722379,-2.2920844987338085,finite,0.10105039520847842,0.22248908109895177
118,linear,0.00847457627118644,0.6395012921178052,0.42653367313436563,0.426535492427406,1.8192930403837515e-06,reverse,1.5151515151515154,reverse,1.5136424156866293,0.42653367313436563,0.426535492427406,1.8192930403837515e-06,1.5151515151515154,1.5136424156866293,0.3393419808823388,0.5560592317339296,finite,0.42653367313436563,0.10343262148178849,0.10348705415247539,5.443267068690194e-05,1.0707512486174096,1.0663569135479418,0.062227676967143854,-2.268308754752362,finite,0.10343262148178849,0.21296579969039914
119,constant,0.01,0.6132125022518377,0.38871162318140395,0.3888138593833811,0.00010223620197713501,reverse,1.4705882352941178,reverse,1.4813380186263296,0.38871162318140395,0.3888138593833811,0.00010223620197713501,1.4705882352941178,1.4813380186263296,0.32493462840620446,0.49235371707962833,finite,0.38871162318140406,0.09923427557651351,0.09923739394668926,3.1183701757475646e-06,1.0707512486174096,1.0718208999027705,0.06700830326156698,-2.3102403806132825,finite,0.09923427557651351,0.22439864286845657
119,linear,0.008403361344537815,0.6374323859262069,0.42298762967221537,0.423021686012809,3.40563405936134e-05,reverse,1.5151515151515154,reverse,1.5086697363753994,0.42298762967221537,0.423021686012809,3.40563405936134e-05,1.5151515151515154,1.5086697363753994,0.3371644065701787,0.5499505972579952,finite,0.42298762967221537,0.10168415214276784,0.10175276217879478,6.861003602694205e-05,1.0707512486174096,1.0657966730934332,0.06173473304477563,-2.2852093083075564,finite,0.10168415214276784,0.2144106999133979
120,constant,0.01,0.6099520766662899,0.38364909441869055,0.38366856093653134,1.9466517840793784e-05,reverse,1.4705882352941178,reverse,1.4752400200796758,0.38364909441869055,0.38366856093653134,1.9466517840793784e-05,1.4705882352941178,1.4752400200796758,0.3221442027135412,0.48397040971813915,finite,0.38364909441869066,0.09745079600014461,0.09745239193058292,1.5959304383028616e-06,1.0707512486174096,1.071520147902138,0.06674643313255725,-2.3283913081211463,finite,0.09745079600014461,0.22628351572975858
120,linear,0.008333333333333333,0.6354482303501771,0.4194075541605763,0.41951257645716333,0.00010502229658704287,reverse,1.492537313432836,reverse,1.503752949551742,0.4194075541605763,0.41951257645716333,0.00010502229658704287,1.492537313432836,1.503752949551742,0.3349971481032886,0.5438871429490986,finite,0.4194075541605763,0.09996342114669098,0.10004741093835641,8.398979166543419e-05,1.0707512486174096,1.065246007092252,0.06124970819684237,-2.3021110959648245,finite,0.09996342114669098,0.21593565389301372
121,constant,0.01,0.6066915250474064,0.3785446391308783,0.3785463561576567,1.7170267783694904e-06,reverse,1.4705882352941178,reverse,1.4692181049811193,0.3785446391308783,0.3785463561576567,1.7170267783694904e-06,1.4705882352941178,1.4692181049811193,0.3193658609231127,0.475693958355649,finite,0.37854463913087844,0.09569936985874913,0.09569996530511272,5.954463635909901e-07,1.0707512486174096,1.0712232450823755,0.06648777032176773,-2.3465373430613012,finite,0.09569936985874913,0.22814516888974973
121,linear,0.008264462809917356,0.633435273458376,0.41597420428695286,0.4160083926015039,3.418831455104243e-05,reverse,1.492537313432836,reverse,1.4988910367775667,0.41597420428695286,0.4160083926015039,3.418831455104243e-05,1.492537313432836,1.4988910367775667,0.33284009613542137,0.5378686671501585,finite,0.4159742042869529,0.09827006568110055,0.09837052258682116,0.00010045690572060839,1.0707512486174096,1.064704339500652,0.060772119639334224,-2.3190140870102502,finite,0.09827006568110055,0.21742688085687212
122,constant,0.01,0.6034721802904245,0.37339791009356815,0.3734476968698378,4.9786776269655775e-05,reverse,1.4705882352941178,reverse,1.4632706275487704,0.37339791009356815,0.3734476968698378,4.9786776269655775e-05,1.4705882352941178,1.4632706275487704,0.31659941696829397,0.4675230234855518,finite,0.3733979100935684,0.09397942107469368,0.09397950560479078,8.45300971025198e-08,1.0707512486174096,1.0709299073880716,0.06623207261161011,-2.3646785459640927,finite,0.09397942107469368,0.23002448342058668
122,linear,0.00819672131147541,0.6313902489668537,0.41250730913998535,0.41250936099857344,2.0518585880924256e-06,reverse,1.492537313432836,reverse,1.494082846869587,0.41250730913998535,0.41250936099857344,2.0518585880924256e-06,1.492537313432836,1.494082846869587,0.33069307227828293,0.5318949667053575,finite,0.4125073091399853,0.09660372389156308,0.09672162693458199,0.00011790304301891041,1.0707512486174096,1.0641716076941137,0.060301935543237366,-2.335918251739922,finite,0.09660372389156308,0.21888088796828026
123,constant,0.01,0.6002690141096362,0.3683097944946505,0.3683730280548616,6.323356021109561e-05,reverse,1.4492753623188408,reverse,1.4573961129690094,0.3683097944946505,0.3683730280548616,6.323356021109561e-05,1.4492753623188408,1.4573961129690094,0.31384474604999557,0.459456293356116,finite,0.36830979449465073,0.09229038392385103,0.09229041619046603,3.226661500488337e-08,1.0707512486174096,1.0706402452956219,0.0659794413725937,-2.3828149761204322,finite,0.09229038392385103,0.23189598605477457
123,linear,0.008130081300813009,0.6293175934541028,0.4090067303246674,0.4090157059482107,8.97562354329473e-06,reverse,1.492537313432836,reverse,1.48932746756344,0.4090067303246674,0.4090157059482107,8.97562354329473e-06,1.492537313432836,1.48932746756344,0.3285559947161832,0.5259658371376442,finite,0.4090067303246674,0.0949841924932622,0.09510026133617959,0.00011606884291738562,1.0577263889117783,1.0636475166970516,0.05983891815466894,-2.3528235614200614,finite,0.0949841924932622,0.22030188750589208
124,constant,0.01,0.5970717888005587,0.3633175541317223,0.36332278785726935,5.233725547060253e-06,reverse,1.4492753623188408,reverse,1.4515930493702067,0.3633175541317223,0.36332278785726935,5.233725547060253e-06,1.4492753623188408,1.4515930493702067,0.31110168897966023,0.4514924831717761,finite,0.3633175541317224,0.09063170284952284,0.0906321120022623,4.091527394667338e-07,1.0707512486174096,1.0703541917518447,0.06572982316881121,-2.400946691620135,finite,0.09063170284952284,0.23374900094328932
124,linear,0.008064516129032258,0.6272864421188367,0.405472324918431,0.4055276495307597,5.5324612328711e-05,reverse,1.492537313432836,reverse,1.484623964496107,0.405472324918431,0.4055276495307597,5.5324612328711e-05,1.492537313432836,1.484623964496107,0.3264287631653528,0.520081072815563,finite,0.405472324918431,0.0934100691491325,0.09350597058074586,9.59014316133655e-05,1.0577263889117783,1.063131853564178,0.059382900956759764,-2.3697299882476686,finite,0.0934100691491325,0.22175879258807696
125,constant,0.01,0.5938734777300784,0.35828586015114383,0.3582974075898884,1.1547438744541338e-05,reverse,1.4492753623188408,reverse,1.4458599912545984,0.35828586015114383,0.3582974075898884,1.1547438744541338e-05,1.4492753623188408,1.4458599912545984,0.3083701008060385,0.4436303343240388,finite,0.35828586015114405,0.08900283227970622,0.08900401931893259,1.1870392263718665e-06,1.0707512486174096,1.0700713790257474,0.06548290179440579,-2.4190737493828363,finite,0.08900283227970622,0.23557607014019
125,linear,0.008,0.6252859340733796,0.4019653662468373,0.40204541163852336,8.004539168604552e-05,reverse,1.4705882352941178,reverse,1.4799711555172608,0.4019653662468373,0.40204541163852336,8.004539168604552e-05,1.4705882352941178,1.4799711555172608,0.32431115547620754,0.5142404671098871,finite,0.4019653662468373,0.09186024560667311,0.09193830678350423,7.806117683112346e-05,1.0577263889117783,1.0626246961081989,0.05893397390212939,-2.386637505311555,finite,0.09186024560667311,0.22324052243485626
126,constant,0.01,0.5906765118720964,0.35321440075143307,0.35329731174046786,8.29109890347901e-05,reverse,1.4492753623188408,reverse,1.4401955072247095,0.35321440075143307,0.35329731174046786,8.29109890347901e-05,1.4492753623188408,1.4401955072247095,0.3056498267189963,0.4358686136501331,finite,0.3532144007514333,0.08740323644764462,0.0874055755223603,2.339074715668188e-06,1.0707512486174096,1.0697920048251248,0.06523885438509466,-2.4371962051933274,finite,0.08740323644764462,0.2373792001316285
126,linear,0.007936507936507936,0.6232564009641105,0.39854814885279943,0.3985692100054846,2.1061152685186713e-05,reverse,1.4705882352941178,reverse,1.475368294548724,0.39854814885279943,0.3985692100054846,2.1061152685186713e-05,1.4705882352941178,1.475368294548724,0.32220313823005575,0.5084438125408418,finite,0.39854814885279943,0.09033442051687599,0.0903968292778949,6.240876101891446e-05,1.0577263889117783,1.0621255632621163,0.05849173149670681,-2.4035460865586957,finite,0.09033442051687599,0.22468719095862588
127,constant,0.01,0.5874809128657412,0.3482852817811567,0.34832291797961473,3.763619845803534e-05,reverse,1.4285714285714286,reverse,1.4345982294309532,0.3482852817811567,0.34832291797961473,3.763619845803534e-05,1.4285714285714286,1.4345982294309532,0.30294072620132867,0.4282061127185242,finite,0.3482852817811568,0.08583238921560411,0.08583622886804745,3.839652443340946e-06,1.0707512486174096,1.0695159363144868,0.06499756941821373,-2.4553141137304286,finite,0.08583238921560411,0.2391579948861265
127,linear,0.007874015748031496,0.6211986551764537,0.3950992124383622,0.3950992602352747,4.7796912483466514e-08,reverse,1.4705882352941178,reverse,1.47081438924413,0.3950992124383622,0.3950992602352747,4.7796912483466514e-08,1.4705882352941178,1.47081438924413,0.3201045575071424,0.5026909009162631,finite,0.3950992124383622,0.08883229274302978,0.08888110450895491,4.8811765925124706e-05,1.0577263889117783,1.0616342789293087,0.05805603695414647,-2.420455706759537,finite,0.08883229274302978,0.22609939494117898
128,constant,0.01,0.5842858953183535,0.3433743788424797,0.3433746371699359,2.5832745620402164e-07,reverse,1.4285714285714286,reverse,1.4290669088728811,0.3433743788424797,0.3433746371699359,2.5832745620402164e-07,1.4285714285714286,1.4290669088728811,0.3002427011701575,0.42064164714001007,finite,0.34337437884247984,0.08428977390181625,0.08429543826054807,5.66435873182447e-06,1.0707512486174096,1.069243216127254,0.0647590885617676,-2.4734275285992555,finite,0.08428977390181625,0.24091125814841763
128,linear,0.0078125,0.6191164057822661,0.39161842804072977,0.3916357758276411,1.7347786911314778e-05,reverse,1.4705882352941178,reverse,1.4663085689538502,0.39161842804072977,0.3916357758276411,1.7347786911314778e-05,1.4705882352941178,1.4663085689538502,0.31801530648255144,0.49698152346147617,finite,0.3916184280407297,0.08735356158292652,0.08739070592759209,3.714434466556282e-05,1.0577263889117783,1.061150686286632,0.05762676976690422,-2.4373663414763276,finite,0.08735356158292652,0.22748062995462504
129,constant,0.01,0.5810938602178198,0.3384264704979112,0.3384528733763886,2.6402878477382874e-05,reverse,1.4285714285714286,reverse,1.423600141012992,0.3384264704979112,0.3384528733763886,2.6402878477382874e-05,1.4285714285714286,1.423600141012992,0.2975555626958357,0.4131740559033289,finite,0.3384264704979114,0.08277488311053181,0.08278267303432833,7.789923796519549e-06,1.0707512486174096,1.0689736122440254,0.0645232131588672,-2.4915365023598834,finite,0.08277488311053181,0.24264098684143126
129,linear,0.007751937984496124,0.6171089431954107,0.3881056628343068,0.38817896820331543,7.330536900862494e-05,reverse,1.4705882352941178,reverse,1.4618499412885226,0.3881056628343068,0.38817896820331543,7.330536900862494e-05,1.4705882352941178,1.4618499412885226,0.3159352600044795,0.4913154709410635,finite,0.3881056628343068,0.08589792697604832,0.08592521388606283,2.7286910014509558e-05,1.0577263889117783,1.0606746840617804,0.057203858047625816,-2.4542779670312656,finite,0.08589792697604832,0.22892997499209522
130,constant,0.01,0.5779034290097292,0.3334535279343197,0.3335580238777768,0.00010449594345707247,reverse,1.4084507042253522,reverse,1.4181967707704402,0.3334535279343197,0.3335580238777768,0.00010449594345707247,1.4084507042253522,1.4181967707704402,0.29487922930698357,0.4058022007341653,finite,0.3334535279343199,0.08128721856512859,0.08129741273960966,1.0194174481073515e-05,1.0707512486174096,1.0687071238290027,0.06428994651297572,-2.5096410865557917,finite,0.08128721856512859,0.24434540513195246
130,linear,0.007692307692307693,0.6150973766259769,0.3846632774971054,0.384729046727639,6.576923053364103e-05,reverse,1.4492753623188408,reverse,1.4574376235667452,0.3846632774971054,0.384729046727639,6.576923053364103e-05,1.4492753623188408,1.4574376235667452,0.3138642890577171,0.4856925337734321,finite,0.3846632774971053,0.08446508969660353,0.08448421553445026,1.9125837846731275e-05,1.0577263889117783,1.0602059257386167,0.056787011161697494,-2.4711905604768774,finite,0.08446508969660353,0.23036832989833783
131,constant,0.01,0.5747157129934836,0.32866881445658336,0.32869047917935457,2.1664722771208567e-05,reverse,1.4084507042253522,reverse,1.4128555629834898,0.32866881445658336,0.32869047917935457,2.1664722771208567e-05,1.4084507042253522,1.4128555629834898,0.2922135664821064,0.39852496547653327,finite,0.32866881445658347,0.0798262909442184,0.07983914693316804,1.2855988949636576e-05,1.0707512486174096,1.0684436840589135,0.06405923408045486,-2.5277413317408195,finite,0.0798262909442184,0.246025233814129
131,linear,0.007633587786259542,0.613059128473051,0.38127180860385224,0.3812862187327225,1.4410128870268046e-05,reverse,1.4492753623188408,reverse,1.4530708623001896,0.38127180860385224,0.3812862187327225,1.4410128870268046e-05,1.4492753623188408,1.4530708623001896,0.3118023174609566,0.4801125021381082,finite,0.38127180860385224,0.08305475153323043,0.08306730471801498,1.2553184784547256e-05,1.0577263889117783,1.0597444518661825,0.05637628181112352,-2.488104099570442,finite,0.08305475153323043,0.2317729097403285
132,constant,0.01,0.5715496965306099,0.32384975456186993,0.3238506230265614,8.684646914947081e-07,reverse,1.4084507042253522,reverse,1.4075752783377555,0.32384975456186993,0.3238506230265614,8.684646914947081e-07,1.4084507042253522,1.4075752783377555,0.28955842334704285,0.3913412554956581,finite,0.32384975456187015,0.07839161972070029,0.07840737497385776,1.5755253157473392e-05,1.0707512486174096,1.068183270239505,0.0638310598369672,-2.545837287505839,finite,0.07839161972070029,0.24769907350404852
132,linear,0.007575757575757576,0.6109958386097626,0.3778504085361558,0.37785068953851086,2.8100235505146287e-07,reverse,1.4492753623188408,reverse,1.4487488434686777,0.3778504085361558,0.37785068953851086,2.8100235505146287e-07,1.4492753623188408,1.4487488434686777,0.30974923327238524,0.4745751660766473,finite,0.3778504085361558,0.08166661545613814,0.08167408187605943,7.466419921289824e-06,1.0577263889117783,1.059289992427626,0.055971445828302574,-2.505018562745092,finite,0.08166661545613814,0.23314514907125172
133,constant,0.01,0.5684036752594629,0.3189961016990822,0.31903883241995534,4.273072087312979e-05,reverse,1.4084507042253522,reverse,1.4023547375132437,0.3189961016990822,0.31903883241995534,4.273072087312979e-05,1.4084507042253522,1.4023547375132437,0.2869136651021182,0.38424999710158364,finite,0.31899610169908243,0.07698273300370555,0.07700160582278194,1.8872819076393155e-05,1.0707512486174096,1.0679258000700094,0.06360535541472676,-2.5639290025045884,finite,0.07698273300370555,0.24936484283950755
133,linear,0.007518796992481203,0.6089201917558585,0.3743989584148326,0.3744226624725435,2.370405771090489e-05,reverse,1.4492753623188408,reverse,1.4444707695067216,0.3743989584148326,0.3744226624725435,2.370405771090489e-05,1.4492753623188408,1.4444707695067216,0.3077049247999015,0.46908031558708035,finite,0.37439895841483256,0.08030038577240857,0.08030415394181477,3.768169406198618e-06,1.0577263889117783,1.0588423820765227,0.05557237136761136,-2.521933929083267,finite,0.08030038577240857,0.23449752928331502
134,constant,0.01,0.5652738571897786,0.3141738992919916,0.3142554776309756,8.15783389840341e-05,reverse,1.3888888888888888,reverse,1.397192889434604,0.3141738992919916,0.3142554776309756,8.15783389840341e-05,1.3888888888888888,1.397192889434604,0.284279209004087,0.3772501369921355,finite,0.3141738992919918,0.0755991673833841,0.07562135784805055,2.2190464666449472e-05,1.0707512486174096,1.0676711853899163,0.06338204712830446,-2.5820165244778295,finite,0.0755991673833841,0.251018379558803
134,linear,0.007462686567164179,0.6069122766314374,0.3709173360579384,0.37100233888878537,8.500283084694749e-05,reverse,1.4492753623188408,reverse,1.4402358005146565,0.3709173360579384,0.37100233888878537,8.500283084694749e-05,1.4492753623188408,1.4402358005146565,0.30566925246361865,0.463627740712752,finite,0.3709173360579384,0.07895576827014113,0.07895713424303352,1.3659728923948178e-06,1.0577263889117783,1.058401482959097,0.055178950426087045,-2.538850178296783,finite,0.07895576827014113,0.23590993774265206
135,constant,0.01,0.5621496582425807,0.30948863627558965,0.3095009222190121,1.228594342245204e-05,reverse,1.3888888888888888,reverse,1.392088558161553,0.30948863627558965,0.3095009222190121,1.228594342245204e-05,1.3888888888888888,1.392088558161553,0.28165489606448646,0.37034064171516234,finite,0.30948863627558987,0.07424046777847998,0.07426615863393889,2.5690855458906925e-05,1.0707512486174096,1.0674195607867352,0.06316125660751805,-2.6000999002766343,finite,0.07424046777847998,0.2526487360235686
135,linear,0.007407407407407408,0.604896364652721,0.36753024433710657,0.3675899181853247,5.96738482181447e-05,reverse,1.4285714285714286,reverse,1.4360432212489864,0.36753024433710657,0.3675899181853247,5.96738482181447e-05,1.4285714285714286,1.4360432212489864,0.3036421291482728,0.45821723162545186,finite,0.36753024433710657,0.07763247035208279,0.07763264240452081,1.7205243801887704e-07,1.0577263889117783,1.0579671885114255,0.0547911023526033,-2.555767290698386,finite,0.07763247035208279,0.2373064464673963
136,constant,0.01,0.5590298541454034,0.3047713655979013,0.30477552304930217,4.157451400865764e-06,reverse,1.3888888888888888,reverse,1.3870407367321669,0.3047713655979013,0.30477552304930217,4.157451400865764e-06,1.3888888888888888,1.3870407367321669,0.2790406413325864,0.363520497148605,finite,0.30477136559790147,0.07290618728664627,0.07293554479421198,2.9357507565705432e-05,1.0707512486174096,1.0671705717240516,0.06294267617924955,-2.6181791758864463,finite,0.07290618728664627,0.25425433109610124
136,linear,0.007352941176470588,0.6028561235398774,0.36417365858629636,0.36418559782111626,1.1939234819902111e-05,reverse,1.4285714285714286,reverse,1.4318923587526553,0.36417365858629636,0.36418559782111626,1.1939234819902111e-05,1.4285714285714286,1.4318923587526553,0.301623481760098,0.452848578703348,finite,0.3641736585862963,0.07633020115934748,0.07633030425116012,1.0309181264211986e-07,1.0577263889117783,1.0575391705775823,0.054408547861311767,-2.5726852471825827,finite,0.07633020115934748,0.23867052571876113
137,constant,0.01,0.5559137301278931,0.3000218685966278,0.30007963031195606,5.77617153282306e-05,reverse,1.3888888888888888,reverse,1.3820483792103317,0.3000218685966278,0.30007963031195606,5.77617153282306e-05,1.3888888888888888,1.3820483792103317,0.27643632810352475,0.3567887079981263,finite,0.30002186859662805,0.07159588703745058,0.07162906178968445,3.317475223386934e-05,1.0707512486174096,1.0669242999150617,0.06272638079420403,-2.636254396449592,finite,0.07159588703745058,0.2558340998159371
137,linear,0.0072992700729927005,0.6007933912413892,0.3607888910465633,0.36078957333189016,6.822853268473317e-07,reverse,1.4285714285714286,reverse,1.427782549190768,0.3607888910465633,0.36078957333189016,6.822853268473317e-07,1.4285714285714286,1.427782549190768,0.2996132355261133,0.44752157260411696,finite,0.3607888910465633,0.07504867168579499,0.07504975171242195,1.0800266269650471e-06,1.0577263889117783,1.0571175068062801,0.05403136968078528,-2.589604029203649,finite,0.07504867168579499,0.24000381790949904
138,constant,0.01,0.552801053191539,0.29534693348941565,0.2954135875418539,6.665405243821976e-05,reverse,1.36986301369863,reverse,1.377110412759485,0.29534693348941565,0.2954135875418539,6.665405243821976e-05,1.36986301369863,1.377110412759485,0.27384181345620845,0.3501442973112572,finite,0.2953469334894158,0.07030913604802203,0.07034626374998204,3.71277019600158e-05,1.0707512486174096,1.0666808216856378,0.0625124407695494,-2.6543256062850875,finite,0.07030913604802203,0.2573874656496852
138,linear,0.007246376811594203,0.5987200653318999,0.3573758332145536,0.3574020383451647,2.6205130611134386e-05,reverse,1.4285714285714286,reverse,1.4237129857771706,0.3573758332145536,0.3574020383451647,2.6205130611134386e-05,1.4285714285714286,1.4237129857771706,0.2976112390699843,0.4422360043333662,finite,0.3573758332145536,0.07378759488360628,0.07379062272795078,3.027844344499764e-06,1.0577263889117783,1.056701997460981,0.05365940217509129,-2.606523618755836,finite,0.07378759488360628,0.2413180269867352
139,constant,0.01,0.5496930858615254,0.29077054858897866,0.29077773163960596,7.183050627301846e-06,reverse,1.36986301369863,reverse,1.372225967031182,0.29077054858897866,0.29077773163960596,7.183050627301846e-06,1.36986301369863,1.372225967031182,0.27125704947596563,0.3435863060076958,finite,0.2907705485889789,0.06904551108129262,0.0690867132990379,4.120221774528421e-05,1.0707512486174096,1.066439927911754,0.0623006755212675,-2.6723928489107416,finite,0.06904551108129262,0.25891535422191947
139,linear,0.007194244604316547,0.5967079744537424,0.3539343737586421,0.35402318459442417,8.88108357820494e-05,reverse,1.4285714285714286,reverse,1.4196830284826947,0.3539343737586421,0.35402318459442417,8.88108357820494e-05,1.4285714285714286,1.4196830284826947,0.29561741604478897,0.4369916653086303,finite,0.3539343737586421,0.07254668576056117,0.07255256115456833,5.875394007162638e-06,1.0577263889117783,1.0562924153458308,0.05329245436965551,-2.6234439983512847,finite,0.07254668576056117,0.24268478985931818
140,constant,0.01,0.5465892840887699,0.2861644422557512,0.28617239289334406,7.9506375928462e-06,reverse,1.36986301369863,reverse,1.3673938673176944,0.2861644422557512,0.28617239289334406,7.9506375928462e-06,1.36986301369863,1.3673938673176944,0.26868181589725953,0.3371137924248162,finite,0.28616444225575133,0.06780459650678665,0.06784998138455163,4.5384877764981235e-05,1.0707512486174096,1.066201626509547,0.062091095027000866,-2.6904561670631,finite,0.06780459650678665,0.2604168911954259
140,linear,0.007142857142857143,0.5946935329140174,0.3505926744644198,0.3506532019326607,6.052746824092292e-05,reverse,1.4084507042253522,reverse,1.415692017241373,0.3505926744644198,0.3506532019326607,6.052746824092292e-05,1.4084507042253522,1.415692017241373,0.2936316742474773,0.43178834741942357,finite,0.35059267446441955,0.07132566146949577,0.07133521667392614,9.555204430369835e-06,1.0577263889117783,1.055888766383454,0.05293054359776906,-2.640365151005994,finite,0.07132566146949577,0.2440403309813567
141,constant,0.01,0.5434903150810055,0.28152842146323154,0.2815978950014909,6.947353825936808e-05,reverse,1.36986301369863,reverse,1.362613480770248,0.28152842146323154,0.2815978950014909,6.947353825936808e-05,1.36986301369863,1.362613480770248,0.2661161700567299,0.33072583187802085,finite,0.2815284214632317,0.06658598416391179,0.06663564711115827,4.966294724648157e-05,1.0707512486174096,1.0659658752802665,0.06188366514352302,-2.7085156027173687,finite,0.06658598416391179,0.26189242007951463
141,linear,0.0070921985815602835,0.5926570432222596,0.34727964107141596,0.3472922783450911,1.2637273675120131e-05,reverse,1.4084507042253522,reverse,1.4117393197871937,0.34727964107141596,0.3472922783450911,1.2637273675120131e-05,1.4084507042253522,1.4117393197871937,0.29165392931696443,0.4266258430832138,finite,0.34727964107141596,0.0701242413903897,0.07013824470198483,1.4003311595137125e-05,1.0577263889117783,1.0554908778235679,0.05257352667792878,-2.657287060217913,finite,0.0701242413903897,0.24536476487716857
142,constant,0.01,0.5403966835202317,0.27699661355778915,0.27705455509640825,5.7941538619099564e-05,reverse,1.3513513513513513,reverse,1.3578835362661164,0.27699661355778915,0.27705455509640825,5.7941538619099564e-05,1.3513513513513513,1.3578835362661164,0.26355981695618613,0.3244215162352422,finite,0.27699661355778926,0.06538927322770714,0.06544329757738161,5.4024349674469674e-05,1.0707512486174096,1.0657326293823182,0.06167834930644459,-2.726571197104813,finite,0.06538927322770714,0.2633421284238235
142,linear,0.007042253521126761,0.5906001206671246,0.3439401358413475,0.3439405999612799,4.6411993237516214e-07,reverse,1.4084507042253522,reverse,1.407824365647,0.3439401358413475,0.3439405999612799,4.6411993237516214e-07,1.4084507042253522,1.407824365647,0.2896841222516946,0.42150394529783436,finite,0.3439401358413475,0.06894214720550772,0.06896130629931435,1.915909380663383e-05,1.0577263889117783,1.0550986010321333,0.05222128147855929,-2.6742097099506266,finite,0.06894214720550772,0.24665952070584474
143,constant,0.01,0.537308180596335,0.27253796392342133,0.2725426837689061,4.719845484779661e-06,reverse,1.3513513513513513,reverse,1.3532034985004782,0.27253796392342133,0.2725426837689061,4.719845484779661e-06,1.3513513513513513,1.3532034985004782,0.26101284758121934,0.31819995350504326,finite,0.27253796392342144,0.06421407007700444,0.064272527715943,5.8457638938552714e-05,1.0707512486174096,1.065501789203221,0.06147506261083147,-2.7446229907326405,finite,0.06421407007700444,0.2647654968274289
143,linear,0.006993006993006993,0.5885266907685166,0.3405740606662566,0.3405983510666907,2.429040043405717e-05,reverse,1.4084507042253522,reverse,1.403946324088608,0.3405740606662566,0.3405983510666907,2.429040043405717e-05,1.4084507042253522,1.403946324088608,0.28772205686056807,0.4164224476905063,finite,0.3405740606662566,0.0677791029679963,0.06780406808246424,2.4965114467936922e-05,1.0577263889117783,1.0547118338901278,0.0518737271471891,-2.6911330846195014,finite,0.0677791029679963,0.24792833970182593
144,constant,0.01,0.5342384870005524,0.2680518184889856,0.2680625850936431,1.0766604657486134e-05,reverse,1.3513513513513513,reverse,1.3485721884229653,0.2680518184889856,0.2680625850936431,1.0766604657486134e-05,1.3513513513513513,1.3485721884229653,0.2584749940828821,0.31206026743786053,finite,0.2680518184889858,0.06305998816495828,0.06312294013767213,6.295197271384556e-05,1.0707512486174096,1.0652734348637627,0.06127387835603958,-2.7626710234014533,finite,0.06305998816495828,0.2661759019069093
144,linear,0.006944444444444444,0.5865052062985862,0.33718131501373205,0.33726571411347595,8.439909974389259e-05,reverse,1.4084507042253522,reverse,1.4001048099407942,0.33718131501373205,0.33726571411347595,8.439909974389259e-05,1.4084507042253522,1.4001048099407942,0.2857677561708494,0.4113811445633203,finite,0.33718131501373205,0.06663483516431319,0.06666620213688845,3.136697257526133e-05,1.0577263889117783,1.0543304580020243,0.05153076778696272,-2.7080571690731596,finite,0.06663483516431319,0.2492394921851102
145,constant,0.01,0.5311868473759348,0.26353800769215174,0.2636145566552442,7.654896309244874e-05,reverse,1.3513513513513513,reverse,1.3439889763179156,0.26353800769215174,0.2636145566552442,7.654896309244874e-05,1.3513513513513513,1.3439889763179156,0.25594627811630666,0.3060015971396715,finite,0.26353800769215197,0.06192664789190362,0.06199414497886992,6.749708696629497e-05,1.0707512486174096,1.0650474096705358,0.061074661165231886,-2.7807153342210675,finite,0.06192664789190362,0.2675722907206906
145,linear,0.006896551724137931,0.5844969164754708,0.33387459214451887,0.3339428697310287,6.827758650984617e-05,reverse,1.3888888888888888,reverse,1.3962991723131617,0.33387459214451887,0.3339428697310287,6.827758650984617e-05,1.3888888888888888,1.3962991723131617,0.28382110379442355,0.4063798309361018,finite,0.33387459214451887,0.06550907277084682,0.06554738593073664,3.831315988982176e-05,1.0577263889117783,1.0539543749361293,0.05119232503721889,-2.7249819485800253,finite,0.06550907277084682,0.25055404674444204
146,constant,0.01,0.5281470642490771,0.2591446007811823,0.25919888957538173,5.428879419944188e-05,reverse,1.3333333333333333,reverse,1.3394529353087472,0.2591446007811823,0.25919888957538173,5.428879419944188e-05,1.3333333333333333,1.3394529353087472,0.2534265492728959,0.30002309669797245,finite,0.25914460078118245,0.06081367648049812,0.06088575975177468,7.208327127656428e-05,1.0707512486174096,1.0648236959409025,0.06087739800307778,-2.7987559616289075,finite,0.06081367648049812,0.26894817467369536
146,linear,0.00684931506849315,0.5824691005263845,0.33061332775915375,0.33062999673562044,1.666897646668275e-05,reverse,1.3888888888888888,reverse,1.3925287990943895,0.33061332775915375,0.33062999673562044,1.666897646668275e-05,1.3888888888888888,1.3925287990943895,0.281881997233856,0.4014183025857564,finite,0.33061332775915375,0.06440154730506249,0.06444730222999841,4.57549249359146e-05,1.0577263889117783,1.0535834342618993,0.050858273316947075,-2.7419074088128483,finite,0.06440154730506249,0.251839103790764
147,constant,0.01,0.5251187272144171,0.2548119682874683,0.2548158685405674,3.900253099098361e-06,reverse,1.3333333333333333,reverse,1.3349632111880503,0.2548119682874683,0.2548158685405674,3.900253099098361e-06,1.3333333333333333,1.3349632111880503,0.2509156869498672,0.29412393481928345,finite,0.25481196828746844,0.05972070785310841,0.05979740919842415,7.670134531573974e-05,1.0707512486174096,1.0646023143936199,0.06068210966685363,-2.8167929434051495,finite,0.05972070785310841,0.2703028586738497
147,linear,0.006802721088435374,0.5804225532269477,0.3273272604843044,0.3273272721399983,1.1655693910039844e-08,reverse,1.3888888888888888,reverse,1.3887932484365462,0.3273272604843044,0.3273272721399983,1.1655693910039844e-08,1.3888888888888888,1.3887932484365462,0.2799504165751351,0.3964963560835298,finite,0.3273272604843044,0.06331199287149332,0.06336563901472692,5.3646143233596066e-05,1.0577263889117783,1.0532175176384726,0.05052851547493924,-2.758833535835077,finite,0.06331199287149332,0.2530952810869494
148,constant,0.01,0.5220985035820911,0.2504539979149383,0.25046577183065716,1.177391571888231e-05,reverse,1.3333333333333333,reverse,1.3305191553782554,0.2504539979149383,0.25046577183065716,1.177391571888231e-05,1.3333333333333333,1.3305191553782554,0.24841367675333592,0.28830329447777614,finite,0.25045399791493844,0.058647382511400385,0.05872872514760428,8.134263620389326e-05,1.0707512486174096,1.06438313900923,0.06048868743745812,-2.8348263166881744,finite,0.058647382511400385,0.27163273175143393
148,linear,0.006756756756756757,0.5783575487164694,0.3240163024211349,0.3240348711621722,1.8568741037339187e-05,reverse,1.3888888888888888,reverse,1.3850917716797133,0.3240163024211349,0.3240348711621722,1.8568741037339187e-05,1.3888888888888888,1.3850917716797133,0.27802617815908975,0.3916137888291285,finite,0.3240163024211349,0.062240146202876705,0.06230208939632238,6.194319344567795e-05,1.0577263889117783,1.052856709446097,0.05020313682942151,-2.775760316089429,finite,0.062240146202876705,0.25432267755429716
149,constant,0.01,0.519087113770415,0.24607054148391083,0.24614887134823818,7.832986432734779e-05,reverse,1.3333333333333333,reverse,1.3261199502573868,0.24607054148391083,0.24614887134823818,7.832986432734779e-05,1.3333333333333333,1.3261199502573868,0.24592040123828174,0.2825603725748564,finite,0.24607054148391094,0.05759334741809304,0.05767934637481444,8.599895672140034e-05,1.0707512486174096,1.0641662244205279,0.060297181913914144,-2.852856117990343,finite,0.05759334741809304,0.2729382424221769
149,linear,0.006711409395973154,0.5763174068408028,0.3206803635912171,0.32075296723401936,7.260364280226028e-05,reverse,1.3888888888888888,reverse,1.3814239677065911,0.3206803635912171,0.32075296723401936,7.260364280226028e-05,1.3888888888888888,1.3814239677065911,0.27610927320149414,0.3867703990827472,finite,0.3206803635912171,0.061185746696719674,0.061256351536267795,7.060483954812041e-05,1.0577263889117783,1.052500612428437,0.049881788008942024,-2.792687736382313,finite,0.061185746696719674,0.25556443960678343
150,constant,0.01,0.5160814985796174,0.2418103008700243,0.24186543264866883,5.513177864452379e-05,reverse,1.3157894736842106,reverse,1.3217646205962503,0.2418103008700243,0.24186543264866883,5.513177864452379e-05,1.3157894736842106,1.3217646205962503,0.2434356432169457,0.27689437960901575,finite,0.24181030087002445,0.056558255880837974,0.05664891846524955,9.066258441157299e-05,1.0707512486174096,1.0639514495113007,0.06010748849552798,-2.870882383212882,finite,0.056558255880837974,0.27421606593094855
150,linear,0.006666666666666667,0.5743124269626881,0.3173977854499609,0.3174817320093056,8.394655934468309e-05,reverse,1.36986301369863,reverse,1.3777893126190894,0.3173977854499609,0.3174817320093056,8.394655934468309e-05,1.36986301369863,1.3777893126190894,0.27419962483301324,0.38196598599450116,finite,0.3173977854499609,0.06015159548121036,0.06022812856564211,7.653308443174994e-05,1.047205032865026,1.052149358193334,0.04956459630682169,-2.809615783874583,finite,0.06015159548121036,0.25683069495338257
151,constant,0.01,0.5130824759801494,0.23761139074451998,0.23761571497087208,4.324226352103722e-06,reverse,1.3157894736842106,reverse,1.3174527431542626,0.23761139074451998,0.23761571497087208,4.324226352103722e-06,1.3157894736842106,1.3174527431542626,0.2409594915671989,0.27130453935572907,finite,0.23761139074452015,0.05555115453820425,0.055637093679819394,8.593914161514338e-05,1.0577263889117783,1.063738813613756,0.059919608834448045,-2.88890514765817,finite,0.05555115453820425,0.27546676100927736
151,linear,0.006622516556291391,0.572297509603787,0.31419606505191533,0.3142213353715953,2.5270319679970843e-05,reverse,1.36986301369863,reverse,1.3741872582962407,0.31419606505191533,0.3142213353715953,2.5270319679970843e-05,1.36986301369863,1.3741872582962407,0.2722971385720528,0.37720034963205135,finite,0.31419606505191533,0.05915161945163138,0.05921712850616598,6.550905453459738e-05,1.047205032865026,1.0518027306714168,0.04925137495920799,-2.826544446066436,finite,0.05915161945163138,0.2580761742321917
152,constant,0.01,0.510090191639271,0.23338922674698026,0.23339997126866543,1.0744521685174258e-05,reverse,1.3157894736842106,reverse,1.3131835272041537,0.23338922674698026,0.23339997126866543,1.0744521685174258e-05,1.3157894736842106,1.3131835272041537,0.23849181833017677,0.2657900885567702,finite,0.23338922674698045,0.05456440780560073,0.05464353082373085,7.912301813012279e-05,1.0577263889117783,1.06352838437409,0.059733604958251925,-2.9069244460465558,finite,0.05456440780560073,0.27669022037060564
152,linear,0.006578947368421052,0.5702653345855332,0.31097116777824374,0.3109719454415255,7.776632817702023e-07,reverse,1.36986301369863,reverse,1.3706173815160196,0.31097116777824374,0.3109719454415255,7.776632817702023e-07,1.36986301369863,1.3706173815160196,0.2704017813535132,0.3724732910057352,finite,0.31097116777824374,0.058167510148374575,0.058223064191989915,5.555404361533983e-05,1.047205032865026,1.0514607418627098,0.04894214288166837,-2.843473710789074,finite,0.058167510148374575,0.2592933891440077
153,constant,0.01,0.5071045653385765,0.2291436800957577,0.229218448243157,7.476814739931781e-05,reverse,1.3157894736842106,reverse,1.3089560778520908,0.2291436800957577,0.229218448243157,7.476814739931781e-05,1.3157894736842106,1.3089560778520908,0.23603242544170544,0.2603502766193124,finite,0.22914368009575786,0.0535951885055483,0.05366789511814275,7.27066125944531e-05,1.0577263889117783,1.0633198877365968,0.059549236750739955,-2.9249403125275895,finite,0.0535951885055483,0.2778861170954195
153,linear,0.006535947712418301,0.568216208850202,0.30772301559921234,0.30773372858398235,1.0712984770011591e-05,reverse,1.36986301369863,reverse,1.3670789371281347,0.30772301559921234,0.30773372858398235,1.0712984770011591e-05,1.36986301369863,1.3670789371281347,0.2685133441520713,0.3677846120920772,finite,0.3077230155992124,0.05719904364831479,0.05724565319287321,4.66095445584222e-05,1.047205032865026,1.05112322933067,0.048636761042017855,-2.8604035661924105,finite,0.05719904364831479,0.2604824802662196
154,constant,0.01,0.5041261341553585,0.22501093640723246,0.22507138637524768,6.044996801521374e-05,reverse,1.2987012987012987,reverse,1.3047698864268744,0.22501093640723246,0.22507138637524768,6.044996801521374e-05,1.2987012987012987,1.3047698864268744,0.23358133077510695,0.25498436532324287,finite,0.2250109364072327,0.05264318530092094,0.05270985807434834,6.66727734273953e-05,1.0577263889117783,1.0631134145409347,0.059366586553879344,-2.9429527806940907,finite,0.05264318530092094,0.27905474778011075
154,linear,0.006493506493506494,0.5661575886552634,0.30445152870076864,0.30450684941490613,5.532071413749673e-05,reverse,1.36986301369863,reverse,1.363571803817116,0.30445152870076864,0.30450684941490613,5.532071413749673e-05,1.36986301369863,1.363571803817116,0.2666319461867362,0.3631341158553519,finite,0.30445152870076864,0.05624599804226164,0.05628461773832445,3.861969606281518e-05,1.047205032865026,1.0507900590153854,0.048335115639537844,-2.8773340007357078,finite,0.05624599804226164,0.2616507392403573
155,constant,0.01,0.5011549070873774,0.22095287892576387,0.2209590199593458,6.141033581930078e-06,reverse,1.2987012987012987,reverse,1.3006242754901909,0.22095287892576387,0.2209590199593458,6.141033581930078e-06,1.2987012987012987,1.3006242754901909,0.23113844724825616,0.24969162853783952,finite,0.22095287892576404,0.051708092384826806,0.05176909737073657,6.100498590976694e-05,1.0577263889117783,1.0629091011237772,0.059185777087867264,-2.960961883593387,finite,0.051708092384826806,0.2801958871280316
155,linear,0.0064516129032258064,0.5641472803648118,0.30118193985813746,0.3012914708077661,0.00010953094962862231,reverse,1.3513513513513513,reverse,1.3600953131678835,0.30118193985813746,0.3012914708077661,0.00010953094962862231,1.3513513513513513,1.3600953131678835,0.2647574105149754,0.35852160626733387,finite,0.30118193985813746,0.05530815347317841,0.055339684642978566,3.153116980015441e-05,1.047205032865026,1.0504612361891694,0.04803721874805312,-2.894265003176302,finite,0.05530815347317841,0.2628558095570457
156,constant,0.01,0.498191088244974,0.2168735723308607,0.21688157713723213,8.004806371447737e-06,reverse,1.2987012987012987,reverse,1.296518493514791,0.2168735723308607,0.21688157713723213,8.004806371447737e-06,1.2987012987012987,1.296518493514791,0.2287036359280503,0.24447135194613995,finite,0.21687357233086083,0.05078960938237545,0.050845296732138084,5.568734976263423e-05,1.0577263889117783,1.0627066852070939,0.059006578277875525,-2.9789676537419427,finite,0.05078960938237545,0.2813095111077418
156,linear,0.00641025641025641,0.5621458610206711,0.29804710648393296,0.29808775389986775,4.0647415934791375e-05,reverse,1.3513513513513513,reverse,1.3566489188469872,0.29804710648393296,0.29808775389986775,4.0647415934791375e-05,1.3513513513513513,1.3566489188469872,0.26288962007215716,0.35394688832553867,finite,0.298047106483933,0.054385292170628395,0.05441058523291531,2.529306228691436e-05,1.047205032865026,1.0501366473340819,0.047742974651309084,-2.9111965625613485,finite,0.054385292170628395,0.26405810712080335
157,constant,0.01,0.4952350418353244,0.2127729053562768,0.2128392799328579,6.637457658109636e-05,reverse,1.2987012987012987,reverse,1.2924520675738638,0.2127729053562768,0.2128392799328579,6.637457658109636e-05,1.2987012987012987,1.2924520675738638,0.22627691572565808,0.23932283277774585,finite,0.21277290535627694,0.049887441254190076,0.04993814581192924,5.070455773916599e-05,1.0577263889117783,1.0625061533046545,0.05882898005836956,-2.9969701231351764,finite,0.049887441254190076,0.2823957619024665
157,linear,0.006369426751592357,0.5601315526336859,0.2948906772025027,0.2948958580983576,5.1808958548837936e-06,reverse,1.3513513513513513,reverse,1.3532324786467855,0.2948906772025027,0.2948958580983576,5.1808958548837936e-06,1.3513513513513513,1.3532324786467855,0.26102867335848556,0.3494097680698251,finite,0.2948906772025028,0.053477198481658966,0.053497055273270235,1.9856791611268243e-05,1.047205032865026,1.04981621215695,0.0474523174438293,-2.928128668216139,finite,0.053477198481658966,0.26523569453532825
158,constant,0.01,0.4922971289939365,0.20876162435205659,0.20883234428754513,7.07199354885446e-05,reverse,1.282051282051282,reverse,1.2884242363201985,0.20876162435205659,0.20883234428754513,7.07199354885446e-05,1.282051282051282,1.2884242363201985,0.22385812699701454,0.23424537954911628,finite,0.2087616243520567,0.04900129820163357,0.04904734007643667,4.6041874803101623e-05,1.0577263889117783,1.0623075482458946,0.05865302223332423,-3.0149693232600248,finite,0.04900129820163357,0.28346478470639136
158,linear,0.006329113924050633,0.5581016920042666,0.2917125834004184,0.29171594108606963,3.357685651239617e-06,reverse,1.3513513513513513,reverse,1.349845207555263,0.2917125834004184,0.29171594108606963,3.357685651239617e-06,1.3513513513513513,1.349845207555263,0.2591743153934487,0.34491005259762486,finite,0.2917125834004184,0.052583658898321374,0.05259883489654338,1.5175998222004272e-05,1.047205032865026,1.049499708163816,0.04716505186115745,-2.9450613097396228,finite,0.052583658898321374,0.266385750918197
159,constant,0.01,0.4893646633512738,0.2048509792829799,0.20486098009583187,1.0000812851962415e-05,reverse,1.282051282051282,reverse,1.2844344472451272,0.2048509792829799,0.20486098009583187,1.0000812851962415e-05,1.282051282051282,1.2844344472451272,0.22144722749781906,0.22923831181141235,finite,0.20485097928298007,0.04813089557371807,0.04817258069182577,4.168511810769687e-05,1.0577263889117783,1.062110890691397,0.05847872499543329,-3.032965285105663,finite,0.04813089557371807,0.28450368325544195
159,linear,0.006289308176100629,0.5560571456740047,0.28851275493320905,0.288548158827093,3.540389388395626e-05,reverse,1.3513513513513513,reverse,1.3464868841415347,0.28851275493320905,0.288548158827093,3.540389388395626e-05,1.3513513513513513,1.3464868841415347,0.2573265942820086,0.3404475500776886,finite,0.2885127549332091,0.051704462082016456,0.05171566853250389,1.1206450487431796e-05,1.047205032865026,1.0491874310626994,0.04688145283334027,-2.961994476990371,finite,0.051704462082016456,0.26750898684691166
160,constant,0.01,0.48645414687477995,0.20092100610074937,0.20092539124191658,4.385141167212447e-06,reverse,1.282051282051282,reverse,1.2804819929503604,0.20092100610074937,0.20092539124191658,4.385141167212447e-06,1.282051282051282,1.2804819929503604,0.21904407441458928,0.2243009599055942,finite,0.20092100610074953,0.04727595377566804,0.04731357441326027,3.762063759223111e-05,1.0577263889117783,1.0619160137660366,0.05830594224344951,-3.0509580391755162,finite,0.04727595377566804,0.2855287556328634
160,linear,0.00625,0.554020241185949,0.2852911201461922,0.2853926655721579,0.00010154542596574334,reverse,1.3513513513513513,reverse,1.3431569302046464,0.2852911201461922,0.2853926655721579,0.00010154542596574334,1.3513513513513513,1.3431569302046464,0.25548535877513756,0.33602206976254045,finite,0.2852911201461922,0.050839398884843345,0.0508473048385649,7.905953721555614e-06,1.047205032865026,1.0488789002849896,0.0466010902418847,-2.978928160083681,finite,0.050839398884843345,0.268627575613791
161,constant,0.01,0.4835503283949246,0.19697160927740165,0.19702577563646573,5.4166359064078407e-05,reverse,1.282051282051282,reverse,1.2765665031554225,0.19697160927740165,0.19702577563646573,5.4166359064078407e-05,1.282051282051282,1.2765665031554225,0.21664872333075041,0.21943266472424572,finite,0.19697160927740176,0.04643619817910751,0.0464700334764827,3.3835297375189866e-05,1.0577263889117783,1.0617230428559072,0.058134786911923586,-3.0689476154963833,finite,0.04643619817910751,0.2865245527584589
161,linear,0.006211180124223602,0.5520173113878636,0.2821837352029176,0.282249613863964,6.58786610464035e-05,reverse,1.3333333333333333,reverse,1.3398550906935247,0.2821837352029176,0.282249613863964,6.58786610464035e-05,1.3333333333333333,1.3398550906935247,0.25365063211247096,0.3316334219998671,finite,0.2821837352029176,0.04998826236812173,0.04999349663168253,5.23426356079798e-06,1.047205032865026,1.048574307145642,0.04632414394919482,-2.9958623493798338,finite,0.04998826236812173,0.26976769752389956
162,constant,0.01,0.4806573667300642,0.19307545750560984,0.19316232525421473,8.686774860489077e-05,reverse,1.2658227848101264,reverse,1.272687162076989,0.19307545750560984,0.19316232525421473,8.686774860489077e-05,1.2658227848101264,1.272687162076989,0.2142609513181318,0.21463277748044793,finite,0.19307545750561,0.04561135903384273,0.0456416754915583,3.031645771556929e-05,1.0577263889117783,1.061531762623922,0.05796506971381265,-3.086934043628829,finite,0.04561135903384273,0.2874950414758495
162,linear,0.006172839506172839,0.5500230095491788,0.27910264691447806,0.27911915454214375,1.6507627665696134e-05,reverse,1.3333333333333333,reverse,1.3365809091175587,0.27910264691447806,0.27911915454214375,1.6507627665696134e-05,1.3333333333333333,1.3365809091175587,0.251822322780128,0.3272814182424592,finite,0.27910264691447795,0.04915084781824814,0.04915400082102015,3.1530027720105824e-06,1.047205032865026,1.0482734754113119,0.04605045967834949,-3.0127970354775653,finite,0.04915084781824814,0.27090385500703507
163,constant,0.01,0.47777749497595234,0.1893182210012161,0.18933522617180376,1.7005170587669483e-05,reverse,1.2658227848101264,reverse,1.2688435680736445,0.1893182210012161,0.18933522617180376,1.7005170587669483e-05,1.2658227848101264,1.2688435680736445,0.21188078250008563,0.20990065948279138,finite,0.1893182210012162,0.044801171381211716,0.044828223338675074,2.7051957463358756e-05,1.0577263889117783,1.0613423102945825,0.05779691405834604,-3.104917352680311,finite,0.044801171381211716,0.2884422688041486
163,linear,0.006134969325153374,0.5480153597439429,0.2760014367476459,0.2760014367482656,6.197264923457624e-13,reverse,1.3333333333333333,reverse,1.3333339235219681,0.2760014367476459,0.2760014367482656,6.197264923457624e-13,1.3333333333333333,1.3333339235219681,0.25000033198096,0.3229658710573201,finite,0.2760014367476458,0.04832695276003789,0.048328578341609925,1.6255815720317424e-06,1.047205032865026,1.047976357431212,0.04577999979771586,-3.0297322092083223,finite,0.04832695276003789,0.2720139229956773
164,constant,0.01,0.47490487187474756,0.18554348989180458,0.18554465860631825,1.1687145136662913e-06,reverse,1.2658227848101264,reverse,1.2650351387115752,0.18554348989180458,0.18554465860631825,1.1687145136662913e-06,1.2658227848101264,1.2650351387115752,0.20950812400476937,0.205235681916915,finite,0.18554348989180472,0.044005374968973006,0.04402940506644141,2.4030097468402678e-05,1.0577263889117783,1.061154511884408,0.05763016714296308,-3.122897571310273,finite,0.044005374968973006,0.2893602132684293
164,linear,0.006097560975609756,0.5459941590425796,0.2728800436586234,0.27289660793062476,1.6564272001362568e-05,reverse,1.3333333333333333,reverse,1.3301138662937573,0.2728800436586234,0.27289660793062476,1.6564272001362568e-05,1.3333333333333333,1.3301138662937573,0.24818466648542648,0.3186865941336312,finite,0.27288004365862345,0.047516376967698316,0.04751699408924955,6.17121551235722e-07,1.047205032865026,1.0476828387443469,0.04551266564745404,-3.046667861626084,finite,0.047516376967698316,0.2730975511119549
165,constant,0.01,0.47204523155205863,0.18175118271824875,0.18179079695412684,3.961423587808821e-05,reverse,1.2658227848101264,reverse,1.2612612391722353,0.18175118271824875,0.18179079695412684,3.961423587808821e-05,1.2658227848101264,1.2612612391722353,0.20714284325719934,0.20063722563287162,finite,0.18175118271824894,0.043223714167706234,0.043244953791902824,2.1239624196589535e-05,1.0577263889117783,1.0609685245004064,0.057464970065078495,-3.1408747277430713,finite,0.043223714167706234,0.29025443459793177
165,linear,0.006060606060606061,0.543959834716404,0.26973840530783444,0.2698048138488353,6.640854100087301e-05,reverse,1.3333333333333333,reverse,1.3269202805964169,0.26973840530783444,0.2698048138488353,6.640854100087301e-05,1.3333333333333333,1.3269202805964169,0.24637522342297347,0.31444340228963785,finite,0.26973840530783444,0.04671892247356913,0.04671901685607292,9.43825037916235e-08,1.047205032865026,1.047392909002904,0.0452484531788753,-3.063603984003936,finite,0.04671892247356913,0.27415502086756866
166,constant,0.01,0.46919251863996514,0.17796358895418907,0.1780738098303476,0.00011022087615852882,reverse,1.25,reverse,1.2575215524120573,0.17796358895418907,0.1780738098303476,0.00011022087615852882,1.25,1.2575215524120573,0.20478500103485642,0.19610468093854636,finite,0.17796358895418918,0.042455937888697656,0.04247460760284574,1.8669714148086825e-05,1.0577263889117783,1.060784240682983,0.057301228988703094,-3.1588488497753318,finite,0.042455937888697656,0.29111870880961754
166,linear,0.006024096385542169,0.5419367903386061,0.2666213785542899,0.2667261985784698,0.00010482002417988578,reverse,1.3157894736842106,reverse,1.3237527434752878,0.2666213785542899,0.2667261985784698,0.00010482002417988578,1.3157894736842106,1.3237527434752878,0.2445719150128671,0.31023611147883584,finite,0.2666213785542901,0.045934393574760556,0.04593441926740277,2.5692642215136008e-08,1.047205032865026,1.0471064651481123,0.0449872737071193,-3.0805405678246855,finite,0.045934393574760556,0.2752105917601363
167,constant,0.01,0.46635011763876855,0.17436520260425326,0.17439386010859106,2.8657504337809003e-05,reverse,1.25,reverse,1.2538154114282454,0.17436520260425326,0.17439386010859106,2.8657504337809003e-05,1.25,1.2538154114282454,0.20243443262443178,0.19163744739851826,finite,0.17436520260425345,0.04170179950328427,0.041718109461979874,1.6309958695601146e-05,1.0577263889117783,1.06060151440124,0.05713881564222775,-3.176819964785716,finite,0.04170179950328427,0.2919562575301775
167,linear,0.005988023952095809,0.5399440497596034,0.26362208820306576,0.26366090451548635,3.8816312420586474e-05,reverse,1.3157894736842106,reverse,1.320610972726206,0.26362208820306576,0.26366090451548635,3.8816312420586474e-05,1.3157894736842106,1.320610972726206,0.24277473029347335,0.3060645387951345,finite,0.2636220882030657,0.045162596837812,0.04516297771934877,3.808815367684071e-07,1.047205032865026,1.0468234461435715,0.04472907663280373,-3.0974776047763624,finite,0.045162596837812,0.27628314524411707
168,constant,0.01,0.46351590863544745,0.17075106465968093,0.17075110496134083,4.0301659898211994e-08,reverse,1.25,reverse,1.2501423624515813,0.17075106465968093,0.17075110496134083,4.0301659898211994e-08,1.25,1.2501423624515813,0.20009110159345497,0.18723493363863758,finite,0.170751064659681,0.04096105676363062,0.040975207113061025,1.4150349430405718e-05,1.0577263889117783,1.0604205207416944,0.05697788713050765,-3.194788099744859,finite,0.04096105676363062,0.2927648036741066
168,linear,0.005952380952380952,0.5379576429995742,0.2606041686979963,0.2606090723805724,4.903682576107293e-06,reverse,1.3157894736842106,reverse,1.3174946060437522,0.2606041686979963,0.2606090723805724,4.903682576107293e-06,1.3157894736842106,1.3174946060437522,0.24098360979036038,0.30192850247721376,finite,0.26060416869799635,0.04440334110148861,0.04440447231754262,1.131216054009454e-06,1.047205032865026,1.0465438943693581,0.04447390560470022,-3.114415086744088,finite,0.04440334110148861,0.27734857061900176
169,constant,0.01,0.46069089546419945,0.1671211061693616,0.16714569590042633,2.458973106472806e-05,reverse,1.25,reverse,1.2465018610898932,0.1671211061693616,0.16714569590042633,2.458973106472806e-05,1.25,1.2465018610898932,0.19775490818309846,0.1828965571554937,finite,0.16712110616936174,0.04023347172491278,0.040245652989083606,1.2181264170824102e-05,1.0577263889117783,1.0602409781999385,0.05681819457894815,-3.2127532812212287,finite,0.04023347172491278,0.2935451995637731
169,linear,0.005917159763313609,0.5359621574754919,0.25756756747767073,0.25757084122339896,3.273745728227251e-06,reverse,1.3157894736842106,reverse,1.3144031924298583,0.25756756747767073,0.25757084122339896,3.273745728227251e-06,1.3157894736842106,1.3144031924298583,0.23919843944432292,0.29782782191209856,finite,0.25756756747767073,0.04365643747782581,0.043658686816550045,2.2493387242319973e-06,1.047205032865026,1.0462675081966897,0.044221490043626424,-3.1313530058080943,finite,0.04365643747782581,0.27839131625209296
170,constant,0.01,0.45787487189877085,0.16347525788035833,0.16357777881833035,0.00010252093797202821,reverse,1.25,reverse,1.2428935016935785,0.16347525788035833,0.16357777881833035,0.00010252093797202821,1.25,1.2428935016935785,0.1954258360532174,0.17862174413151724,finite,0.16347525788035847,0.039518810668884664,0.039529204122167226,1.0393453282561693e-05,1.0577263889117783,1.0600632178896523,0.05666003392630179,-3.230715535390841,finite,0.039518810668884664,0.2942970930804405
170,linear,0.0058823529411764705,0.5339546144075114,0.25451223086927477,0.25454634842687807,3.4117557603297044e-05,reverse,1.3157894736842106,reverse,1.3113364728325019,0.25451223086927477,0.25454634842687807,3.4117557603297044e-05,1.3157894736842106,1.3113364728325019,0.2374192125991977,0.2937623176381087,finite,0.2545122308692747,0.04292169935152803,0.0429254085605437,3.7092090156704005e-06,1.047205032865026,1.0459947176760074,0.043972227487150815,-3.148291354234722,finite,0.04292169935152803,0.2794082659806333
171,constant,0.01,0.4550679369373589,0.16000068039251247,0.1600474940294726,4.681363696013019e-05,reverse,1.2345679012345678,reverse,1.239316750432414,0.16000068039251247,0.1600474940294726,4.681363696013019e-05,1.2345679012345678,1.239316750432414,0.19310378105428916,0.17440992925452964,finite,0.16000068039251258,0.03881684402880194,0.03882562205527239,8.778026470444844e-06,1.0577263889117783,1.0598868763600033,0.05650308320230783,-3.248674888046829,finite,0.03881684402880194,0.2950204429078863
171,linear,0.005847953216374269,0.5319355397686438,0.25143810410323963,0.2515357297113116,9.762560807197174e-05,reverse,1.3157894736842106,reverse,1.308294221224067,0.25143810410323963,0.2515357297113116,9.762560807197174e-05,1.3157894736842106,1.308294221224067,0.23564593974558756,0.2897318113470621,finite,0.25143810410323963,0.04219894237782016,0.042204428424920594,5.486047100433655e-06,1.047205032865026,1.04572475382718,0.043725419772110294,-3.1652301244667194,finite,0.04219894237782016,0.2803998100573322
172,constant,0.01,0.45227028859151513,0.15655194076449097,0.15655497631201587,3.035547524898874e-06,reverse,1.2345679012345678,reverse,1.2357712536682666,0.15655194076449097,0.15655497631201587,3.035547524898874e-06,1.2345679012345678,1.2357712536682666,0.19078875072421575,0.17026055554225916,finite,0.15655194076449114,0.038127346315679544,0.03813467275589535,7.326440215803254e-06,1.0577263889117783,1.0597122335903524,0.05634759295742461,-3.2666313646038723,finite,0.038127346315679544,0.29571531227949927
172,linear,0.005813953488372093,0.5299244727684077,0.2484622737219906,0.24853911913832222,7.684541633162789e-05,reverse,1.2987012987012987,reverse,1.3052758553157686,0.2484622737219906,0.24853911913832222,7.684541633162789e-05,1.2987012987012987,1.3052758553157686,0.23387842046761606,0.28573612588561603,finite,0.24846227372199062,0.041487984478847544,0.041495540758080006,7.556279232462382e-06,1.047205032865026,1.0454580256436299,0.04348144500171952,-3.1821693091313525,finite,0.041487984478847544,0.2813853536300855
173,constant,0.01,0.44948197132764506,0.15308904183330785,0.1531003549502547,1.1313116946853885e-05,reverse,1.2345679012345678,reverse,1.2322563414519387,0.15308904183330785,0.1531003549502547,1.1313116946853885e-05,1.2345679012345678,1.2322563414519387,0.18848054064649933,0.16617307417175115,finite,0.15308904183330804,0.037450096045859034,0.03745612653125118,6.0304853921472334e-06,1.0577263889117783,1.0595389691731365,0.0561932792520135,-3.284584990108917,finite,0.037450096045859034,0.29638161637739036
173,linear,0.005780346820809248,0.5279368340341981,0.24553364283970247,0.24555664911508313,2.3006275380654806e-05,reverse,1.2987012987012987,reverse,1.302281294372692,0.24553364283970247,0.24555664911508313,2.3006275380654806e-05,1.2987012987012987,1.302281294372692,0.2321167444229479,0.28177508525646605,finite,0.24553364283970253,0.040788645838713215,0.040798543325210386,9.897486497170704e-06,1.047205032865026,1.0451943830522963,0.04324017023542975,-3.1991089010228526,finite,0.040788645838713215,0.282380184919115
174,constant,0.01,0.44670314277324796,0.14961192546588042,0.1496837537769005,7.182831102006682e-05,reverse,1.2345679012345678,reverse,1.2287718271928327,0.14961192546588042,0.1496837537769005,7.182831102006682e-05,1.2345679012345678,1.2287718271928327,0.1861792581259526,0.16214694431272636,finite,0.1496119254658806,0.03678487566986261,0.03678975794534756,4.8822754849520145e-06,1.0577263889117783,1.0593672636029632,0.0560403040972325,-3.302535789247045,finite,0.03678487566986261,0.2970193889963475
174,linear,0.005747126436781609,0.5259611374642061,0.2425877788405676,0.24258845039819232,6.715576247318111e-07,reverse,1.2987012987012987,reverse,1.2993099888735415,0.2425877788405676,0.24258845039819232,6.715576247318111e-07,1.2987012987012987,1.2993099888735415,0.230360723335186,0.27784851461855065,finite,0.24258777884056765,0.040100748897238574,0.04011323725232851,1.2488355089934622e-05,1.047205032865026,1.0449338875427798,0.043001655969301944,-3.216048893099521,finite,0.040100748897238574,0.2833726870660138
175,constant,0.01,0.44393393384500884,0.1462316579507138,0.1463052912160311,7.363326531731329e-05,reverse,1.2195121951219512,reverse,1.2253170231729091,0.1462316579507138,0.1463052912160311,7.363326531731329e-05,1.2195121951219512,1.2253170231729091,0.18388467548541834,0.15818163296567558,finite,0.14623165795071388,0.03613147150251086,0.03613534573763947,3.874235128611958e-06,1.0577263889117783,1.0591970267729862,0.05588858850306586,-3.3204837863494348,finite,0.03613147150251086,0.2976286426289777
175,linear,0.005714285714285714,0.5239816870544126,0.23962463604478113,0.23963465209760806,1.0016052826938848e-05,reverse,1.2987012987012987,reverse,1.296361822496806,0.23962463604478113,0.23963465209760806,1.0016052826938848e-05,1.2987012987012987,1.296361822496806,0.2286104213760401,0.27395624028684684,finite,0.23962463604478113,0.03942411834252724,0.03943942697107615,1.5308628548912906e-05,1.047205032865026,1.0446763668335757,0.042765748562868446,-3.2329892784841805,finite,0.03942411834252724,0.2843470349568046
176,constant,0.01,0.44118451528038677,0.14295258907446162,0.14296508032632405,1.249125186242317e-05,reverse,1.2195121951219512,reverse,1.2218917112324392,0.14295258907446162,0.14296508032632405,1.249125186242317e-05,1.2195121951219512,1.2218917112324392,0.18159687081323442,0.15427661480411267,finite,0.1429525890744617,0.03548967365428179,0.035492672743359786,2.999089077998507e-06,1.0577263889117783,1.0590283046058897,0.05573817465422388,-3.3384290054000068,finite,0.03548967365428179,0.2982194349540627
176,linear,0.005681818181818182,0.5219923174424915,0.23664416783230757,0.23669538168065243,5.121384834486098e-05,reverse,1.2987012987012987,reverse,1.293436333580887,0.23664416783230757,0.23669538168065243,5.121384834486098e-05,1.2987012987012987,1.293436333580887,0.2268656956376868,0.2700980897317853,finite,0.23664416783230763,0.03875858110240965,0.03877692016477947,1.8339062369816805e-05,1.047205032865026,1.044421732865143,0.04253237123214748,-3.249930050455006,finite,0.03875858110240965,0.2852969357618391
177,constant,0.01,0.43843275576279256,0.1396609262752848,0.13966322884438656,2.3025691017475314e-06,reverse,1.2195121951219512,reverse,1.2184953945266142,0.1396609262752848,0.13966322884438656,2.3025691017475314e-06,1.2195121951219512,1.2184953945266142,0.17931573275375373,0.15043137202065476,finite,0.1396609262752849,0.034859275963889165,0.03486152581542702,2.249851537856895e-06,1.0577263889117783,1.0588608983598822,0.055588886558238716,-3.356371470042423,finite,0.034859275963889165,0.29876952691840597
177,linear,0.005649717514124294,0.519992708374964,0.23364632665506813,0.2337707649757747,0.0001244383207065769,reverse,1.2987012987012987,reverse,1.2905332874220958,0.23364632665506813,0.2337707649757747,0.0001244383207065769,1.2987012987012987,1.2905332874220958,0.2251265350949997,0.2662738915779016,finite,0.23364632665506815,0.038103966334840665,0.03812552771513002,2.1561380289351895e-05,1.047205032865026,1.0441700017689755,0.042301542559300735,-3.2668712024420286,finite,0.038103966334840665,0.2862219433991893
178,constant,0.01,0.4357113766611969,0.13635662118369174,0.13639983922862087,4.321804492912751e-05,reverse,1.2195121951219512,reverse,1.2151276523653751,0.13635662118369174,0.13639983922862087,4.321804492912751e-05,1.2195121951219512,1.2151276523653751,0.17704119558682274,0.14664539417732986,finite,0.13635662118369193,0.03424007593205839,0.034241695747893146,1.6198158347552338e-06,1.0577263889117783,1.0586950056923545,0.05544090165417358,-3.3743112035875886,finite,0.03424007593205839,0.29931153743257605
178,linear,0.0056179775280898875,0.5179867738998493,0.23080109652372982,0.2308609261765977,5.982965286788211e-05,reverse,1.282051282051282,reverse,1.2876524913999015,0.23080109652372982,0.2308609261765977,5.982965286788211e-05,1.282051282051282,1.2876524913999015,0.22339295215215502,0.26248347560243307,finite,0.23080109652372988,0.03746010541731895,0.03748506364967253,2.4958232353579357e-05,1.047205032865026,1.0439211230688001,0.04207321999547799,-3.283812728024751,finite,0.03746010541731895,0.28712584772325156
179,constant,0.01,0.43298234269781904,0.1330634760542081,0.1331750087032584,0.00011153264905031102,reverse,1.2048192771084336,reverse,1.2117880885828256,0.1330634760542081,0.1331750087032584,0.00011153264905031102,1.2048192771084336,1.2117880885828256,0.17477320546244163,0.14291817805957538,finite,0.13306347605420815,0.033631874656478794,0.033632977201058324,1.1025445795301292e-06,1.0577263889117783,1.058530405931845,0.055294024247059315,-3.392248229016962,finite,0.033631874656478794,0.2998073339945606
179,linear,0.00558659217877095,0.5160094483357237,0.2279515136079634,0.22796598784560299,1.4474237639588994e-05,reverse,1.282051282051282,reverse,1.2847935149959488,0.2279515136079634,0.22796598784560299,1.4474237639588994e-05,1.282051282051282,1.2847935149959488,0.22166481358434223,0.2587266727330358,finite,0.2279515136079634,0.03682683193539431,0.036855345090286463,2.85131548921555e-05,1.047205032865026,1.0436749561356786,0.04184727810025249,-3.3007546209255856,finite,0.03682683193539431,0.28804346049012075
180,constant,0.01,0.4302831510662767,0.12995783223597912,0.12998882930256528,3.0997066586158084e-05,reverse,1.2048192771084336,reverse,1.2084762953058543,0.12995783223597912,0.12998882930256528,3.0997066586158084e-05,1.2048192771084336,1.2084762953058543,0.17251169602221347,0.13924922753382935,finite,0.12995783223597923,0.03303447676791126,0.033035168627747566,6.918598363034323e-07,1.0577263889117783,1.0583672077189836,0.05514835238024604,-3.410182568995454,finite,0.03303447676791126,0.3002943217637114
180,linear,0.005555555555555556,0.514043362799484,0.22508605331427245,0.22508607091813307,1.7603860619219702e-08,reverse,1.282051282051282,reverse,1.2819561268845403,0.22508605331427245,0.22508607091813307,1.7603860619219702e-08,1.282051282051282,1.2819561268845403,0.2199421032994015,0.2550033150455291,finite,0.22508605331427245,0.03620398167032408,0.03623619220237099,3.2210532046911267e-05,1.047205032865026,1.0434315992701242,0.0416238106077145,-3.3176968750062787,finite,0.03620398167032408,0.288957291881351
181,constant,0.01,0.42758142827567497,0.12684106300861198,0.12684138791543936,3.249068273869504e-07,reverse,1.2048192771084336,reverse,1.2051920486451848,0.12684106300861198,0.12684138791543936,3.249068273869504e-07,1.2048192771084336,1.2051920486451848,0.170256722881512,0.13563805340887014,finite,0.12684106300861214,0.03244769036743086,0.032448072201529635,3.818340987768454e-07,1.0577263889117783,1.0582053621267062,0.055003843497569434,-3.4281142458701344,finite,0.03244769036743086,0.3007400403602356
181,linear,0.0055248618784530384,0.5120817410020916,0.22220467646618625,0.22222129470614344,1.661823995718903e-05,reverse,1.282051282051282,reverse,1.2791399979291331,0.22220467646618625,0.22222129470614344,1.661823995718903e-05,1.282051282051282,1.2791399979291331,0.21822474348472218,0.2513132357609444,finite,0.22220467646618627,0.035591392585938346,0.03562742814479521,3.603555885686727e-05,1.047205032865026,1.0431909371070691,0.04140271504547801,-3.334639484265612,finite,0.035591392585938346,0.28986044629594815
182,constant,0.01,0.4249001201696733,0.12371312851733418,0.12373276633026574,1.9637812931558307e-05,reverse,1.2048192771084336,reverse,1.201934663741911,0.12371312851733418,0.12373276633026574,1.9637812931558307e-05,1.2048192771084336,1.201934663741911,0.16800802059676026,0.13208417330065286,finite,0.12371312851733428,0.03187132696478414,0.0318714937459397,1.667811555597365e-07,1.0577263889117783,1.0580449523917224,0.05486057304135428,-3.4460432816813866,finite,0.03187132696478414,0.30116735383940757
182,linear,0.005494505494505495,0.5101139947512261,0.21930734309215782,0.2193717769021293,6.44338099714814e-05,reverse,1.282051282051282,reverse,1.2763449043569401,0.21930734309215782,0.2193717769021293,6.44338099714814e-05,1.282051282051282,1.2763449043569401,0.21651271800718372,0.2476562692424495,finite,0.21930734309215777,0.03498890481476919,0.03502887902074778,3.997420597858653e-05,1.047205032865026,1.042952912316234,0.041183942063925304,-3.3515824428343626,finite,0.03498890481476919,0.2907422178490968
183,constant,0.01,0.422222312635221,0.12057398876460013,0.12066304127978154,8.905251518141755e-05,reverse,1.2048192771084336,reverse,1.1987040144251568,0.12057398876460013,0.12066304127978154,8.905251518141755e-05,1.2048192771084336,1.1987040144251568,0.16576570365491441,0.12858711150026703,finite,0.12057398876460021,0.03130520141784144,0.03130524266533479,4.124749335143729e-08,1.0577263889117783,1.0578858340657655,0.05471841308555315,-3.463969698167094,finite,0.03130520141784144,0.3015592713554394
183,linear,0.00546448087431694,0.5081374810257796,0.21641623951784517,0.2165376335829317,0.00012139406508654416,reverse,1.2658227848101264,reverse,1.273570663524104,0.21641623951784517,0.2165376335829317,0.00012139406508654416,1.2658227848101264,1.273570663524104,0.2148060342149411,0.2440322509917808,finite,0.21641623951784517,0.0343966849554034,0.03444037382931508,4.3688873911679194e-05,1.0386714364661032,1.0427174851645287,0.04096745836940522,-3.3685257449717874,finite,0.0343966849554034,0.2915998474428479
184,constant,0.01,0.4195618074862943,0.11757093554117481,0.11763228448643641,6.134894526159396e-05,reverse,1.1904761904761905,reverse,1.1954996408377567,0.11757093554117481,0.11763228448643641,6.134894526159396e-05,1.1904761904761905,1.1954996408377567,0.16352965250642718,0.12514639884548398,finite,0.11757093554117494,0.03074913187312467,0.030749131877054883,3.930213793301718e-12,1.0577263889117783,1.0577279643824473,0.05457732642641414,-3.481893516768622,finite,0.03074913187312467,0.30192952299985787
184,linear,0.005434782608695652,0.5061523457774623,0.21366809008752696,0.2137189792136521,5.088912612513652e-05,reverse,1.2658227848101264,reverse,1.2708167865330584,0.21366809008752696,0.2137189792136521,5.088912612513652e-05,1.2658227848101264,1.2708167865330584,0.21310450837833148,0.24044101764549583,finite,0.213668090087527,0.03382337949915846,0.033861744417827175,3.836491866871655e-05,1.0386714364661032,1.0424845939599703,0.04075321036504595,-3.3854693850623283,finite,0.03382337949915846,0.29243336656381014
185,constant,0.01,0.4169057674432427,0.1146322144640527,0.11464056270773898,8.348243686284729e-06,reverse,1.1904761904761905,reverse,1.1923212140038324,0.1146322144640527,0.11464056270773898,8.348243686284729e-06,1.1904761904761905,1.1923212140038324,0.16129983409253867,0.12176157259522609,finite,0.11463221446405283,0.03020293970739148,0.030202977744937447,3.803754596715114e-08,1.0577263889117783,1.0575713793044106,0.05443734619811359,-3.4998147586363118,finite,0.03020293970739148,0.3022652047355037
185,linear,0.005405405405405406,0.5041749465196483,0.21090540786564949,0.21091592665147382,1.0518785824337185e-05,reverse,1.2658227848101264,reverse,1.2680830868281134,0.21090540786564949,0.21091592665147382,1.0518785824337185e-05,1.2658227848101264,1.2680830868281134,0.21140814006018804,0.23688240697080135,finite,0.21090540786564949,0.03325934042588873,0.03329282543501547,3.3485009126740795e-05,1.0386714364661032,1.0422543046009045,0.04054126177687937,-3.4024133576108797,finite,0.03325934042588873,0.2932590198681745
186,constant,0.01,0.41426747075461906,0.11168370667214866,0.11168793778185895,4.231109710289838e-06,reverse,1.1904761904761905,reverse,1.1891683299280005,0.11168370667214866,0.11168793778185895,4.231109710289838e-06,1.1904761904761905,1.1891683299280005,0.15907615866246122,0.1184321763071849,finite,0.11168370667214882,0.0296664494702571,0.029666600014158162,1.5054390106045146e-07,1.0577263889117783,1.0574160773101555,0.05429847204159226,-3.5177334446344006,finite,0.0296664494702571,0.3025795329727601
186,linear,0.005376344086021506,0.50221828985793,0.208128160418104,0.20812858714963495,4.2673153094474614e-07,reverse,1.2658227848101264,reverse,1.2653695764089277,0.208128160418104,0.20812858714963495,4.2673153094474614e-07,1.2658227848101264,1.2653695764089277,0.2097170513313879,0.23335625786128417,finite,0.20812816041810403,0.03270442753369711,0.03273345428473669,2.902675103957919e-05,1.0386714364661032,1.0420264066712621,0.040331421931537034,-3.4193576572435975,finite,0.03270442753369711,0.2940897027082951
187,constant,0.01,0.41163342662666474,0.10872537957312622,0.10877446667350808,4.908710038185882e-05,reverse,1.1904761904761905,reverse,1.186040732781729,0.10872537957312622,0.10877446667350808,4.908710038185882e-05,1.1904761904761905,1.186040732781729,0.15685863700936378,0.11515775971853444,finite,0.10872537957312639,0.02913948882783532,0.029139821747263917,3.3291942859794976e-07,1.0577263889117783,1.057261947715248,0.05416060593024423,-3.535649595348959,finite,0.02913948882783532,0.30285895995315665
187,linear,0.0053475935828877,0.5002703608218503,0.2053363146299767,0.20535707036130382,2.0755731327121163e-05,reverse,1.2658227848101264,reverse,1.2626756183550263,0.2053363146299767,0.20535707036130382,2.0755731327121163e-05,1.2658227848101264,1.2626756183550263,0.20803095786171255,0.22986241033224009,finite,0.2053363146299767,0.03215850239603801,0.03218347108077356,2.4968684735546254e-05,1.0386714364661032,1.0418010925940948,0.040123870949309165,-3.4363022786987028,finite,0.03215850239603801,0.2949132904605465
188,constant,0.01,0.4090164685030557,0.10579369689934237,0.10590020151985081,0.00010650462050844356,reverse,1.1764705882352942,reverse,1.1829380943705514,0.10579369689934237,0.10590020151985081,0.00010650462050844356,1.1764705882352942,1.1829380943705514,0.15464722561656438,0.1119378786293822,finite,0.10579369689934245,0.028621888507380615,0.028622469261672008,5.807542913932595e-07,1.0577263889117783,1.0571091617009893,0.05402390194887288,-3.5535632310887277,finite,0.028621888507380615,0.3031162669832049
188,linear,0.005319148936170213,0.49832476631240424,0.20252983671443903,0.20260148434347963,7.16476290406054e-05,reverse,1.2658227848101264,reverse,1.260001232177493,0.20252983671443903,0.20260148434347963,7.16476290406054e-05,1.2658227848101264,1.260001232177493,0.20634998247435615,0.22640070551577177,finite,0.20252983671443905,0.03162142835335192,0.03164271860195532,2.129024860340195e-05,1.0386714364661032,1.041578138028639,0.039918405072645526,-3.4532472168296224,finite,0.03162142835335192,0.2957232819689246
189,constant,0.01,0.4064053883387838,0.10303569286649117,0.10306518967656617,2.949681007499705e-05,reverse,1.1764705882352942,reverse,1.179859943070726,0.10303569286649117,0.10306518967656617,2.949681007499705e-05,1.1764705882352942,1.179859943070726,0.1524417742351851,0.10877209478902448,finite,0.10303569286649125,0.028113482242913566,0.028114372068164153,8.898252505870619e-07,1.0577263889117783,1.056957633127476,0.05388828401658968,-3.5714743718937854,finite,0.028113482242913566,0.3033401986622176
189,linear,0.005291005291005291,0.49637418336096606,0.19974540391152895,0.19986193556110948,0.0001165316495805313,reverse,1.25,reverse,1.2573460162361656,0.19974540391152895,0.19986193556110948,0.0001165316495805313,1.25,1.2573460162361656,0.20467398227142333,0.22297098565590634,finite,0.19974540391152895,0.031093070504019455,0.03111104224837377,1.7971744354316338e-05,1.0386714364661032,1.0413575158148336,0.039715001991868726,-3.4701924665966852,finite,0.031093070504019455,0.2965122477998566
190,constant,0.01,0.40380851307817095,0.10026918231090709,0.10026947376419595,2.914532888642629e-07,reverse,1.1764705882352942,reverse,1.176806123459223,0.10026918231090709,0.10026947376419595,2.914532888642629e-07,1.1764705882352942,1.176806123459223,0.15024235507842296,0.10565997578508586,finite,0.10026918231090719,0.02761410672181213,0.027615362810723295,1.2560889111647155e-06,1.0577263889117783,1.0568071852526173,0.05375359483294787,-3.589383037539543,finite,0.02761410672181213,0.30353903931397497
190,linear,0.005263157894736842,0.49441624186278177,0.19709021288268014,0.1971385288909342,4.83160082540568e-05,reverse,1.25,reverse,1.2547098813697828,0.19709021288268014,0.1971385288909342,4.83160082540568e-05,1.25,1.2547098813697828,0.20300300902365792,0.21957309410313133,finite,0.19709021288268017,0.030573295694679564,0.030588289998046282,1.4994303366717976e-05,1.0386714364661032,1.041139258920927,0.03951369479964201,-3.4871380230668123,finite,0.030573295694679564,0.2972777129718476
191,constant,0.01,0.40121978373619555,0.09749413899588844,0.09751309171449166,1.895271860322123e-05,reverse,1.1764705882352942,reverse,1.1737761702638314,0.09749413899588844,0.09751309171449166,1.895271860322123e-05,1.1764705882352942,1.1737761702638314,0.14804881430228004,0.1026010949351533,finite,0.09749413899588855,0.027123601532351597,0.027125277207487076,1.6756751354783661e-06,1.0577263889117783,1.05665797108949,0.05361997225182668,-3.6072892475428735,finite,0.027123601532351597,0.30370669202170386
191,linear,0.005235602094240838,0.49245106319740245,0.19442174902138598,0.1944313676255359,9.618604149913557e-06,reverse,1.25,reverse,1.2520924812311816,0.19442174902138598,0.1944313676255359,9.618604149913557e-06,1.25,1.2520924812311816,0.20133694995380788,0.21620687530895624,finite,0.19442174902138598,0.0300619725099546,0.030074312364320302,1.2339854365703284e-05,1.0386714364661032,1.0409231769670195,0.03931431048183493,-3.5040838814120305,finite,0.0300619725099546,0.2980196955718666
192,constant,0.01,0.3986434132353,0.09471053660381168,0.09479607681695097,8.554021313929294e-05,reverse,1.1764705882352942,reverse,1.1707698242630094,0.09471053660381168,0.09479607681695097,8.554021313929294e-05,1.1764705882352942,1.1707698242630094,0.14586114257813887,0.0995950311810541,finite,0.09471053660381178,0.02664180911217639,0.026643953992966037,2.144880789648612e-06,1.0577263889117783,1.056509933978056,0.053487366432306255,-3.6251930211641903,finite,0.02664180911217639,0.30384733641834905
192,linear,0.005208333333333333,0.49050051028886066,0.1917399853659032,0.19174055347754881,5.681116456157653e-07,reverse,1.25,reverse,1.2494936307638052,0.1917399853659032,0.19174055347754881,5.681116456157653e-07,1.25,1.2494936307638052,0.19967579235381283,0.21287217482045737,finite,0.19173998536590314,0.029558971261622297,0.029568962354057347,9.991092435050059e-06,1.0386714364661032,1.04070949467509,0.03911705897119691,-3.521030036905008,finite,0.029558971261622297,0.29875995681131184
193,constant,0.01,0.3960768011251099,0.09205144961325573,0.09211845776548536,6.700815222962508e-05,reverse,1.1627906976744187,reverse,1.1677869067835414,0.09205144961325573,0.09211845776548536,6.700815222962508e-05,1.1627906976744187,1.1677869067835414,0.14367938688889761,0.09664136898564891,finite,0.09205144961325586,0.026168574697687175,0.026171234861332715,2.6601636455396427e-06,1.0577263889117783,1.0563630282090086,0.05335573728339233,-3.6430943774114444,finite,0.026168574697687175,0.30395834335962457
193,linear,0.0051813471502590676,0.4885619820754723,0.18904489437955352,0.1890661865835701,2.129220401658749e-05,reverse,1.25,reverse,1.2469130782529207,0.18904489437955352,0.1890661865835701,2.129220401658749e-05,1.25,1.2469130782529207,0.19801947911146825,0.20956883927424108,finite,0.18904489437955346,0.029064163977273554,0.029072095426511284,7.931449237729565e-06,1.0386714364661032,1.04049793430371,0.038921686404702685,-3.5379764849138104,finite,0.029064163977273554,0.2994957954919022
194,constant,0.01,0.39352117388557656,0.0894690396129183,0.08948025870510788,1.121909218958217e-05,reverse,1.1627906976744187,reverse,1.1648269123153983,0.0894690396129183,0.08948025870510788,1.121909218958217e-05,1.1627906976744187,1.1648269123153983,0.14150335176216144,0.0937396982319575,finite,0.08946903961291842,0.025703746274326943,0.025706964410628523,3.21813630158041e-06,1.0577263889117783,1.0562172662004223,0.0532250967669325,-3.66099333505137,finite,0.025703746274326943,0.30404091518046866
194,linear,0.005154639175257732,0.48663180717538024,0.186336447958244,0.18640836550841625,7.191755017224577e-05,reverse,1.25,reverse,1.244350614950513,0.186336447958244,0.18640836550841625,7.191755017224577e-05,1.25,1.244350614950513,0.19636797861849462,0.20629671639063837,finite,0.18633644795824406,0.028577424388492315,0.028583569452625673,6.145064133357414e-06,1.0386714364661032,1.0402886084239162,0.03872829914474914,-3.5549232209050574,finite,0.028577424388492315,0.300223441666964
195,constant,0.01,0.39097645191433666,0.08687928465739925,0.08688149927870233,2.214621303078812e-06,reverse,1.1627906976744187,reverse,1.1618896009717075,0.08687928465739925,0.08688149927870233,2.214621303078812e-06,1.1627906976744187,1.1618896009717075,0.13933303201639516,0.0908896141246279,finite,0.08687928465739939,0.025247174527750205,0.025250990088480585,3.815560730379558e-06,1.0577263889117783,1.0560726061727752,0.05309540825605094,-3.6788899126045425,finite,0.025247174527750205,0.30409495263563435
195,linear,0.005128205128205128,0.4847059263440808,0.18364666090364856,0.18376718724925606,0.00012052634560749675,reverse,1.2345679012345678,reverse,1.2418060539041935,0.18364666090364856,0.18376718724925606,0.00012052634560749675,1.2345679012345678,1.2418060539041935,0.19472127160595165,0.2030556549675563,finite,0.18364666090364856,0.028098627918592068,0.02810324467523239,4.616756640322267e-06,1.0386714364661032,1.0400813952844814,0.03853678708820505,-3.5718702404389737,finite,0.028098627918592068,0.3009387390948247
196,constant,0.01,0.3884420317067287,0.08428216385599308,0.08432219467411378,4.0030818120706524e-05,reverse,1.1627906976744187,reverse,1.1589747939786734,0.08428216385599308,0.08432219467411378,4.0030818120706524e-05,1.1627906976744187,1.1589747939786734,0.1371684654442957,0.08809071709395526,finite,0.08428216385599321,0.024798712795859552,0.024803162138435576,4.449342576023224e-06,1.0577263889117783,1.055929102787135,0.05296672157203499,-3.6967841283572667,finite,0.024798712795859552,0.3041198370326149
196,linear,0.00510204081632653,0.4827774002593338,0.1810912622816283,0.1811427472398839,5.1484958255604285e-05,reverse,1.2345679012345678,reverse,1.2392791460678187,0.1810912622816283,0.1811427472398839,5.1484958255604285e-05,1.2345679012345678,1.2392791460678187,0.1930792968049544,0.19984550487432143,finite,0.18109126228162828,0.027627651669942604,0.027630983669901507,3.331999958902654e-06,1.0386714364661032,1.0398763740461054,0.03834722572929363,-3.5888175391640087,finite,0.027627651669942604,0.3016346530194499
197,constant,0.01,0.3859189327596674,0.08167816280991202,0.08180235567096225,0.0001241928610502263,reverse,1.1494252873563218,reverse,1.1560820839880432,0.08167816280991202,0.08180235567096225,0.0001241928610502263,1.1494252873563218,1.1560820839880432,0.13500951718723947,0.08534261270173987,finite,0.0816781628099121,0.02435821702169416,0.02436333354764278,5.116525948620915e-06,1.0577263889117783,1.0557866721544789,0.05283896228831766,-3.7146760003615538,finite,0.02435821702169416,0.3041165770887051
197,linear,0.005076142131979695,0.4808428145854723,0.17852380165047588,0.1785351393548852,1.1337704409308813e-05,reverse,1.2345679012345678,reverse,1.2367696853924695,0.17852380165047588,0.1785351393548852,1.1337704409308813e-05,1.2345679012345678,1.2367696853924695,0.19144201882449463,0.19666611704521963,finite,0.17852380165047588,0.027164374410917493,0.027166651306198438,2.2768952809455734e-06,1.0386714364661032,1.0396733505721893,0.03815943781799821,-3.605765112819598,finite,0.027164374410917493,0.3023076752305871
198,constant,0.01,0.38340622519574585,0.0792815083284727,0.07932198868777875,4.048035930605265e-05,reverse,1.1494252873563218,reverse,1.153211262836545,0.0792815083284727,0.07932198868777875,4.048035930605265e-05,1.1494252873563218,1.153211262836545,0.13285619710276872,0.08264491154959046,finite,0.07928150832847285,0.023925545707155153,0.023931359995386252,5.81428823109853e-06,1.0577263889117783,1.0556453621637156,0.05271217414308672,-3.7325655464416325,finite,0.023925545707155153,0.3040842365079671
198,linear,0.005050505050505051,0.47890219789703203,0.17594425702964933,0.17594445591408475,1.9888443542059875e-07,reverse,1.2345679012345678,reverse,1.2342774801238583,0.17594425702964933,0.17594445591408475,1.9888443542059875e-07,1.2345679012345678,1.2342774801238583,0.18980940987463274,0.19351734347321745,finite,0.17594425702964933,0.02670867656249301,0.02671011470984012,1.4381473471096473e-06,1.0386714364661032,1.039472467775613,0.037973557741342485,-3.6227129572292753,finite,0.02670867656249301,0.3029577419829473
199,constant,0.01,0.38090476694756725,0.07687859901079763,0.07688109582906072,2.4968182630868974e-06,reverse,1.1494252873563218,reverse,1.1503619702941068,0.07687859901079763,0.07688109582906072,2.4968182630868974e-06,1.1494252873563218,1.1503619702941068,0.1307083980320252,0.07999722918918081,finite,0.07687859901079776,0.02350055986755293,0.02350709980272377,6.539935170839922e-06,1.0577263889117783,1.0555050272117785,0.052586227237970254,-3.7504527841960176,finite,0.02350055986755293,0.30402367111850653
199,linear,0.005025125628140704,0.47697214351338496,0.17335260595342517,0.1733707876867699,1.8181733344724282e-05,reverse,1.2345679012345678,reverse,1.2318023310863935,0.17335260595342517,0.1733707876867699,1.8181733344724282e-05,1.2345679012345678,1.2318023310863935,0.18818143563826065,0.1903990372032518,finite,0.1733526059534251,0.02626044018452598,0.02626124322521738,8.030406913987764e-07,1.0386714364661032,1.0392735777984068,0.03778945086009389,-3.639661068302866,finite,0.02626044018452598,0.30360135582661507
200,constant,0.01,0.37841981310842243,0.07446941853289146,0.07447967493248227,1.0256399590805043e-05,reverse,1.1494252873563218,reverse,1.147534038988839,0.07446941853289146,0.07447967493248227,1.0256399590805043e-05,1.1494252873563218,1.147534038988839,0.1285661548818544,0.07739918603466825,finite,0.07446941853289162,0.023083122986961843,0.023090413883022055,7.290896060212215e-06,1.0577263889117783,1.055365822664081,0.052461261749333514,-3.768337731002796,finite,0.023083122986961843,0.3039401381759402
200,linear,0.005,0.47505072401688675,0.17074882547728387,0.17081422389620995,6.539841892608256e-05,reverse,1.2345679012345678,reverse,1.229344002842038,0.17074882547728387,0.17081422389620995,6.539841892608256e-05,1.2345679012345678,1.229344002842038,0.18655803608414967,0.187311052325732,finite,0.1707488254772839,0.025819548961738055,0.02581990837872134,3.5941698328656457e-07,1.0386714364661032,1.0390766795233752,0.037607118217011334,-3.656609442031542,finite,0.025819548961738055,0.3042365001206768
201,constant,0.01,0.3759352774595067,0.07205395052815644,0.07211771961598981,6.376908783337076e-05,reverse,1.1494252873563218,reverse,1.1447270687177795,0.07205395052815644,0.07211771961598981,6.376908783337076e-05,1.1494252873563218,1.1447270687177795,0.12642932334944246,0.07485040727693493,finite,0.07205395052815651,0.02267310097436793,0.022681165693497325,8.064719129393522e-06,1.0577263889117783,1.0552276275605048,0.05233716983716696,-3.786220404022871,finite,0.02267310097436793,0.30381755784351694
201,linear,0.004975124378109453,0.47313936648861626,0.1681412988106803,0.16827485222404184,0.0001335534133615479,reverse,1.2195121951219512,reverse,1.2269023245870765,0.1681412988106803,0.16827485222404184,0.0001335534133615479,1.2195121951219512,1.2269023245870765,0.1849391920122429,0.1842532439697361,finite,0.16814129881068024,0.025385888189431455,0.025385983842599137,9.565316768170296e-08,1.0386714364661032,1.0388816433590116,0.03742644179686885,-3.673558074485308,finite,0.025385888189431455,0.3048645142645744
202,constant,0.01,0.37347809480938826,0.06970364955697839,0.06979521932509872,9.156976812033091e-05,reverse,1.1363636363636365,reverse,1.1419410147438007,0.06970364955697839,0.06979521932509872,9.156976812033091e-05,1.1363636363636365,1.1419410147438007,0.12429802670293424,0.07235052279994904,finite,0.06970364955697851,0.022270362120595577,0.02227922118765726,8.859067061682546e-06,1.0577263889117783,1.0550904982241949,0.05221400279588977,-3.804100820204697,finite,0.022270362120595577,0.3036828754842895
202,linear,0.0049504950495049506,0.4712382411806666,0.16569200036877185,0.16575275881482862,6.0758446056768944e-05,reverse,1.2195121951219512,reverse,1.224477077413676,0.16569200036877185,0.16575275881482862,6.0758446056768944e-05,1.2195121951219512,1.224477077413676,0.1833248507091806,0.18122546829628178,finite,0.16569200036877188,0.024959344758960812,0.024959345399361964,6.404011522465058e-10,1.0386714364661032,1.0386887966079095,0.03724772687859651,-3.690506961811918,finite,0.024959344758960812,0.30548548236583795
203,constant,0.01,0.37101317033570275,0.06748871544668755,0.06751215938000284,2.344393331528416e-05,reverse,1.1363636363636365,reverse,1.1391754045930322,0.06748871544668755,0.06751215938000284,2.344393331528416e-05,1.1363636363636365,1.1391754045930322,0.12217205886985613,0.06989916709878301,finite,0.06748871544668765,0.02187477705599927,0.021884448768709704,9.671712710435099e-06,1.0577263889117783,1.054954325360962,0.05209166315533031,-3.821978996286846,finite,0.02187477705599927,0.3035010109556999
203,linear,0.0049261083743842365,0.46933521899893504,0.1632317989904024,0.1632480282804868,1.6229290084379677e-05,reverse,1.2195121951219512,reverse,1.222068134458904,0.1632317989904024,0.1632480282804868,1.6229290084379677e-05,1.2195121951219512,1.222068134458904,0.18171501915253624,0.1782275824913104,finite,0.1632317989904024,0.024539807142983792,0.02453987090671509,6.376373129848845e-08,1.0386714364661032,1.0384976400647088,0.03707051280570068,-3.7074561002382658,finite,0.024539807142983792,0.30608719071844825
204,constant,0.01,0.36857987822608335,0.06526850781994087,0.06526852102295048,1.320300961615839e-08,reverse,1.1363636363636365,reverse,1.136430143423665,0.06526850781994087,0.06526852102295048,1.320300961615839e-08,1.1363636363636365,1.136430143423665,0.12005150005318306,0.06749597919973563,finite,0.06526850781994098,0.021486218708906893,0.021496719243862917,1.0500534956024016e-05,1.0577263889117783,1.0548192228698645,0.05197025393670489,-3.839854948800765,finite,0.021486218708906893,0.30331135720313285
204,linear,0.004901960784313725,0.46742785983591695,0.1607606771727902,0.1607607437051502,6.653236001019636e-08,reverse,1.2195121951219512,reverse,1.2196751914279222,0.1607606771727902,0.1607607437051502,6.653236001019636e-08,1.2195121951219512,1.2196751914279222,0.18010958406946018,0.1752594447590721,finite,0.16076067717279022,0.024127165380512502,0.02412744026329358,2.748827810789001e-07,1.0386714364661032,1.0383084253272927,0.036895034647549126,-3.724405486062389,finite,0.024127165380512502,0.30666711613076675
205,constant,0.01,0.3661438798560844,0.06304301412107094,0.06306428146540195,2.1267344331013516e-05,reverse,1.1363636363636365,reverse,1.1337048650804085,0.06304301412107094,0.06306428146540195,2.1267344331013516e-05,1.1363636363636365,1.1337048650804085,0.11793621885086072,0.06514060258199562,finite,0.063043014121071,0.02110456226480117,0.021115905779414638,1.1343514613466887e-05,1.0577263889117783,1.0546850649603985,0.05184966278293867,-3.8577286940777653,finite,0.02110456226480117,0.30307959839068244
205,linear,0.004878048780487805,0.4655156650214604,0.15827861700400592,0.1582909866495794,1.2369645573495625e-05,reverse,1.2195121951219512,reverse,1.2172982037169104,0.15827861700400592,0.1582909866495794,1.2369645573495625e-05,1.2195121951219512,1.2172982037169104,0.17850860459122503,0.1723209143148488,finite,0.15827861700400592,0.023721311061786342,0.02372193537469643,6.243129100878819e-07,1.0386714364661032,1.038121085840248,0.03672123258087301,-3.741355115655957,finite,0.023721311061786342,0.307224678371881
206,constant,0.01,0.36372584898531574,0.06081222176451684,0.06089941393523427,8.719217071743307e-05,reverse,1.1363636363636365,reverse,1.1309993558212124,0.06081222176451684,0.06089941393523427,8.719217071743307e-05,1.1363636363636365,1.1309993558212124,0.11582619843854336,0.06283268510109438,finite,0.0608122217645169,0.02072968512622616,0.02074188385687322,1.2198730647061673e-05,1.0577263889117783,1.0545519458276327,0.05172997503202107,-3.875600248248205,finite,0.02072968512622616,0.30282643505008144
206,linear,0.0048543689320388345,0.4636004770491705,0.15578560016841303,0.15583883715601754,5.323698760451023e-05,reverse,1.2195121951219512,reverse,1.2149369211062115,0.15578560016841303,0.15583883715601754,5.323698760451023e-05,1.2195121951219512,1.2149369211062115,0.17691200042756905,0.16941185137810083,finite,0.15578560016841297,0.023322137312985946,0.02332324012021364,1.102807227693764e-06,1.0386714364661032,1.0379355521320925,0.03654904396922008,-3.7583049854612263,finite,0.023322137312985946,0.30776163989315297
207,constant,0.01,0.3613179168202276,0.05870520177272265,0.0587738877239792,6.868595125655158e-05,reverse,1.1235955056179776,reverse,1.1283134388991636,0.05870520177272265,0.0587738877239792,6.868595125655158e-05,1.1235955056179776,1.1283134388991636,0.11372144873533746,0.06057187891409407,finite,0.05870520177272275,0.02036146687340594,0.020374531229756705,1.3064356350765e-05,1.0577263889117783,1.054419651255358,0.05161099870489686,-3.893469627248384,finite,0.02036146687340594,0.30254402909624845
207,linear,0.004830917874396135,0.4617063734410229,0.15328160795195533,0.15340437375292115,0.00012276580096581835,reverse,1.2195121951219512,reverse,1.2125911656525141,0.15328160795195533,0.15340437375292115,0.00012276580096581835,1.2195121951219512,1.2125911656525141,0.17531973815603008,0.16653211716535762,finite,0.1532816079519553,0.022929538780806724,0.02293124032007547,1.7015392687474984e-06,1.0386714364661032,1.0377518010190803,0.03637844904919244,-3.775255091988851,finite,0.022929538780806724,0.30830199968810174
208,constant,0.01,0.3589163657345991,0.05667459341854586,0.056687668233986216,1.3074815440355936e-05,reverse,1.1235955056179776,reverse,1.1256467281524332,0.05667459341854586,0.056687668233986216,1.3074815440355936e-05,1.1235955056179776,1.1256467281524332,0.111621812607817,0.058357840406359364,finite,0.056674593418545936,0.019999789225562805,0.020013727881334764,1.3938655771959102e-05,1.0577263889117783,1.054288454258048,0.05149297997031879,-3.9113368468220755,finite,0.019999789225562805,0.3022286975006129
208,linear,0.004807692307692308,0.45981906118615923,0.15091028210364832,0.15098767345985545,7.739135620712934e-05,reverse,1.2048192771084336,reverse,1.2102607673257189,0.15091028210364832,0.15098767345985545,7.739135620712934e-05,1.2048192771084336,1.2102607673257189,0.17373178822472,0.1636815738832025,finite,0.1509102821036483,0.022543411616910015,0.02254582370321128,2.412086301264993e-06,1.0386714364661032,1.0375698232809898,0.03620944098218571,-3.7922054318168184,finite,0.022543411616910015,0.3088313877263038
209,constant,0.01,0.3565353970912049,0.05463960453417194,0.05464071702570655,1.1124915346161224e-06,reverse,1.1235955056179776,reverse,1.1229992288628035,0.05463960453417194,0.05464071702570655,1.1124915346161224e-06,1.1235955056179776,1.1229992288628035,0.10952743840025392,0.056190230120085644,finite,0.05463960453417205,0.019644536002922562,0.019659355983172023,1.4819980249460712e-05,1.0577263889117783,1.0541581878751538,0.051375769308702496,-3.929201922522347,finite,0.019644536002922562,0.30189468006549836
209,linear,0.004784688995215311,0.4579353412478939,0.1485630728327486,0.1485888117922263,2.5738959477689116e-05,reverse,1.2048192771084336,reverse,1.2079455358932074,0.1485630728327486,0.1485888117922263,2.5738959477689116e-05,1.2048192771084336,1.2079455358932074,0.17214810578313325,0.16086008472096916,finite,0.14856307283274864,0.02216365346226802,0.02216687987553859,3.2264132705690785e-06,1.0386714364661032,1.037389609291911,0.03604201252548879,-3.8091560015893453,finite,0.02216365346226802,0.30934652945566765
210,constant,0.01,0.35415208191494163,0.05260022566970146,0.05263299186458447,3.276619488300908e-05,reverse,1.1235955056179776,reverse,1.120370519269399,0.05260022566970146,0.05263299186458447,3.276619488300908e-05,1.1235955056179776,1.120370519269399,0.10743813515183642,0.054068712684004865,finite,0.05260022566970156,0.019295593089394724,0.01931129985433925,1.5706764944525137e-05,1.0577263889117783,1.0540287308054337,0.05125925814578856,-3.9470648697197923,finite,0.019295593089394724,0.30151909005035715
210,linear,0.004761904761904762,0.45605665267586426,0.14620605210469284,0.14620786276639602,1.810661703183225e-06,reverse,1.2048192771084336,reverse,1.2056453535650704,0.14620605210469284,0.14620786276639602,1.810661703183225e-06,1.2048192771084336,1.2056453535650704,0.17056869414955325,0.15806751384379997,finite,0.14620605210469284,0.021790163431418964,0.02179430028880585,4.136857386885517e-06,1.0386714364661032,1.0372110819823481,0.03587609371780827,-3.826106798014251,finite,0.021790163431418964,0.30984878990946824
211,constant,0.01,0.3517966288895953,0.0505564473548491,0.05066444676828289,0.00010799941343379166,reverse,1.1235955056179776,reverse,1.1177604177418679,0.0505564473548491,0.05066444676828289,0.00010799941343379166,1.1235955056179776,1.1177604177418679,0.10535389862862629,0.05199295674500785,finite,0.050556447354849175,0.018952848395915618,0.01896944592165378,1.6597525738161478e-05,1.0577263889117783,1.0539003955713453,0.05114372838063561,-3.9649257035981122,finite,0.018952848395915618,0.3011321821213124
211,linear,0.004739336492890996,0.4541792544585825,0.14383920604555844,0.14384489890462301,5.692859064571065e-06,reverse,1.2048192771084336,reverse,1.203359972540943,0.14383920604555844,0.14384489890462301,5.692859064571065e-06,1.2048192771084336,1.203359972540943,0.16899346594647002,0.15530372638540904,finite,0.14383920604555844,0.021422842096646973,0.02142797820989537,5.136113248396107e-06,1.0386714364661032,1.0370342294924482,0.03571167512047674,-3.843057817862607,finite,0.021422842096646973,0.3103343555539595
212,constant,0.01,0.3494406414016889,0.04868187227979992,0.04873503205361587,5.3159773815952827e-05,reverse,1.1111111111111112,reverse,1.115168785287384,0.04868187227979992,0.04873503205361587,5.3159773815952827e-05,1.1111111111111112,1.115168785287384,0.10327475697564871,0.0499626349009854,finite,0.048681872279799955,0.018616191824442598,0.018633682680358542,1.7490855915944237e-05,1.0577263889117783,1.0537728408309017,0.051028873346652015,-3.9827844391662746,finite,0.018616191824442598,0.300705609348073
212,linear,0.0047169811320754715,0.4522985916042339,0.14146252044127072,0.1414999912400473,3.7470798776584324e-05,reverse,1.2048192771084336,reverse,1.201089335302377,0.14146252044127072,0.1414999912400473,3.7470798776584324e-05,1.2048192771084336,1.201089335302377,0.16742246341880326,0.15256858844081808,finite,0.14146252044127072,0.021061591472101373,0.021067808690719798,6.21721861842478e-06,1.0386714364661032,1.0368591518232668,0.03554885131548661,-3.860009057964222,finite,0.021061591472101373,0.3107986003641866
213,constant,0.01,0.34710248801665683,0.046837534928011126,0.04684469438360029,7.159455589163255e-06,reverse,1.1111111111111112,reverse,1.1125952854877916,0.046837534928011126,0.04684469438360029,7.159455589163255e-06,1.1111111111111112,1.1125952854877916,0.10120057756529753,0.04797742363529398,finite,0.04683753492801118,0.01828551523258786,0.01830390065594098,1.8385423353119157e-05,1.0577263889117783,1.0536461726861952,0.05091478911694621,-4.000641091250255,finite,0.01828551523258786,0.30025779363305655
213,linear,0.004694835680751174,0.45041422625764016,0.1390759807421238,0.1391732093218726,9.722857974880927e-05,reverse,1.2048192771084336,reverse,1.1988331881207799,0.1390759807421238,0.1391732093218726,9.722857974880927e-05,1.2048192771084336,1.1988331881207799,0.1658555919964637,0.14986196705924426,finite,0.1390759807421238,0.020706314997868354,0.02071368853843631,7.373540567956471e-06,1.0386714364661032,1.0366856639814794,0.03538745181503233,-3.8769605152113815,finite,0.020706314997868354,0.31124101693576756
214,constant,0.01,0.34477290717081094,0.0449896219266388,0.04499337681423874,3.754887599939638e-06,reverse,1.1111111111111112,reverse,1.1100397803923534,0.0449896219266388,0.04499337681423874,3.754887599939638e-06,1.1111111111111112,1.1100397803923534,0.09913138460088233,0.04603700325240726,finite,0.044989621926638856,0.017960712398880432,0.01797999236622165,1.9279967341218063e-05,1.0577263889117783,1.05352057518781,0.05080164208304046,-4.018495674509295,finite,0.017960712398880432,0.2997795303565722
214,linear,0.004672897196261682,0.44853688381338325,0.13676118563061934,0.13686462122051982,0.00010343558990047463,reverse,1.1904761904761905,reverse,1.1965914056356302,0.13676118563061934,0.13686462122051982,0.00010343558990047463,1.1904761904761905,1.1965914056356302,0.1642928444160108,0.1471837302368802,finite,0.1367611856306194,0.02035691752400823,0.020365516286365147,8.598762356915729e-06,1.0386714364661032,1.036513816675192,0.035227525275366586,-3.8939121865524755,finite,0.02035691752400823,0.3116722625928634
215,constant,0.01,0.342452381808894,0.043138126343507555,0.043181018841278604,4.289249777104931e-05,reverse,1.1111111111111112,reverse,1.107502098939037,0.043138126343507555,0.043181018841278604,4.289249777104931e-05,1.1111111111111112,1.107502098939037,0.09706717399634879,0.04414105781498362,finite,0.04313812634350763,0.017641678988645215,0.017661852284675466,2.0173296030250726e-05,1.0577263889117783,1.0533956687667574,0.050689090861052555,-4.0363482034245,finite,0.017641678988645215,0.29927136296761536
215,linear,0.004651162790697674,0.44666322508983797,0.13453218553789115,0.13457429353292275,4.2107995031598344e-05,reverse,1.1904761904761905,reverse,1.194363825534885,0.13453218553789115,0.13457429353292275,4.2107995031598344e-05,1.1904761904761905,1.194363825534885,0.16273418650120366,0.1445337469097683,finite,0.1345321855378912,0.02001330529456985,0.020023192165186544,9.886870616693938e-06,1.0386714364661032,1.0363435485697494,0.035069016080533144,-3.9108640689951564,finite,0.02001330529456985,0.3120889315569152
216,constant,0.01,0.34014907860983895,0.04128365431802772,0.04140755644711902,0.00012390212909130227,reverse,1.0989010989010988,reverse,1.1049818851216837,0.04128365431802772,0.04140755644711902,0.00012390212909130227,1.0989010989010988,1.1049818851216837,0.09500778839475983,0.0422892750825003,finite,0.04128365431802781,0.01732831252048812,0.01734937680396114,2.1064283473020556e-05,1.0577263889117783,1.0532716566746578,0.05057731909623846,-4.054198692314424,finite,0.01732831252048812,0.29874152216271993
216,linear,0.004629629629629629,0.44480849185802934,0.13229442642057798,0.13230229138767122,7.864967093235142e-06,reverse,1.1904761904761905,reverse,1.1921503475935658,0.13229442642057798,0.13230229138767122,7.864967093235142e-06,1.1904761904761905,1.1921503475935658,0.16117962636292804,0.14191188694643248,finite,0.13229442642057798,0.019675385931593896,0.019686618074769416,1.123214317551996e-05,1.0386714364661032,1.0361749429154148,0.03491200319285068,-3.9278161596018535,finite,0.019675385931593896,0.31250620047035815
217,constant,0.01,0.33784979885912064,0.03962975175027805,0.03967292214716162,4.317039688356977e-05,reverse,1.0989010989010988,reverse,1.1024790761199963,0.03962975175027805,0.03967292214716162,4.317039688356977e-05,1.0989010989010988,1.1024790761199963,0.0929533070873829,0.040481346450690896,finite,0.03962975175027813,0.017020512333376526,0.01704246420052446,2.195186714793254e-05,1.0577263889117783,1.0531485080911738,0.05046629956064326,-4.0720471553295425,finite,0.017020512333376526,0.298176876711959
217,linear,0.004608294930875576,0.442955357030313,0.13004789793728377,0.13004867845046977,7.805131859994763e-07,reverse,1.1904761904761905,reverse,1.1899506680106058,0.13004789793728377,0.13004867845046977,7.805131859994763e-07,1.1904761904761905,1.1899506680106058,0.15962902758664005,0.13931802114081202,finite,0.1300478979372838,0.019343068419115567,0.01935569755645725,1.2629137341683278e-05,1.0386714364661032,1.0360077875225147,0.03475629040262611,-3.9447684554853315,finite,0.019343068419115567,0.3129066785798432
218,constant,0.01,0.335568856997171,0.03797299599898152,0.037977045036628215,4.049037646697284e-06,reverse,1.0989010989010988,reverse,1.0999934075218156,0.03797299599898152,0.037977045036628215,4.049037646697284e-06,1.0989010989010988,1.0999934075218156,0.09090364254736001,0.03871696689282992,finite,0.03797299599898158,0.016718179554304456,0.01674101459969107,2.2835045386613434e-05,1.0577263889117783,1.0530262547640494,0.05035606142216362,-4.089893606456935,finite,0.016718179554304456,0.29759181196054274
218,linear,0.0045871559633027525,0.44110433826185125,0.12779258946019456,0.1278135169295257,2.092746933113343e-05,reverse,1.1904761904761905,reverse,1.1877647834325695,0.12779258946019456,0.1278135169295257,2.092746933113343e-05,1.1904761904761905,1.1877647834325695,0.15808246384434846,0.13675202120505336,finite,0.1277925894601945,0.019016263087177007,0.01903033576553649,1.407267835948356e-05,1.0386714364661032,1.0358421695730649,0.034601960246354535,-3.9617209538183564,finite,0.019016263087177007,0.31329082133232555
219,constant,0.01,0.3332923768355306,0.03631338214204871,0.036319850836814445,6.468694765733585e-06,reverse,1.0989010989010988,reverse,1.0975247425144807,0.03631338214204871,0.036319850836814445,6.468694765733585e-06,1.0989010989010988,1.0975247425144807,0.08885880995361166,0.03699583490176221,finite,0.03631338214204874,0.01642121706653215,0.016444929941419658,2.3712874887508312e-05,1.0577263889117783,1.0529047661976925,0.05024648752303117,-4.107738059525341,finite,0.01642121706653215,0.29697252599871615
219,linear,0.0045662100456621,0.43925617072468004,0.12552849007894473,0.12559686758095492,6.837750201019177e-05,reverse,1.1904761904761905,reverse,1.1855925649796981,0.12552849007894473,0.12559686758095492,6.837750201019177e-05,1.1904761904761905,1.1855925649796981,0.1565399197513323,0.13421375976226668,finite,0.12552849007894473,0.01869488159585867,0.018710439444623476,1.5557848764804344e-05,1.0386714364661032,1.035678122093942,0.034449044865220914,-3.978673651819447,finite,0.01869488159585867,0.31365930314372514
220,constant,0.01,0.3310333061433691,0.03465090524889891,0.0347012619414725,5.0356692573590156e-05,reverse,1.0989010989010988,reverse,1.0950728273006287,0.03465090524889891,0.0347012619414725,5.0356692573590156e-05,1.0989010989010988,1.0950728273006287,0.08681872559561599,0.03531765243337656,finite,0.03465090524889897,0.016129529478389765,0.0161541139468044,2.4584468414634575e-05,1.0577263889117783,1.0527841177309338,0.050137646305587695,-4.125580528204293,finite,0.016129529478389765,0.2963320442018966
220,linear,0.004545454545454545,0.43740661280958976,0.12325714432026313,0.12339878971438864,0.0001416453941255058,reverse,1.1764705882352942,reverse,1.1834337705232292,0.12325714432026313,0.12339878971438864,0.0001416453941255058,1.1764705882352942,1.1834337705232292,0.15500129799585483,0.13170311033945897,finite,0.12325714432026313,0.018378836919339166,0.0183959168970563,1.7079977717132655e-05,1.0386714364661032,1.0355155483809582,0.03429745544283445,-3.9956265467610486,finite,0.018378836919339166,0.31400782309520114
221,constant,0.01,0.32878289636889385,0.03300840917281278,0.033121197462911284,0.00011278829009850333,reverse,1.0869565217391304,reverse,1.092637445495556,0.03300840917281278,0.033121197462911284,0.00011278829009850333,1.0869565217391304,1.092637445495556,0.08478333401208034,0.03368212485107135,finite,0.0330084091728128,0.015843023092635213,0.01586847208511672,2.5448992481507532e-05,1.0577263889117783,1.0526643827135862,0.05002960447643027,-4.143421026009004,finite,0.015843023092635213,0.2956616989059826
221,linear,0.004524886877828055,0.435554507458438,0.1211510637105665,0.12121934119844108,6.827748787457955e-05,reverse,1.1764705882352942,reverse,1.1812882379587109,0.1211510637105665,0.12121934119844108,6.827748787457955e-05,1.1764705882352942,1.1812882379587109,0.1534665563689861,0.12921994736025838,finite,0.1211510637105665,0.01806804332999155,0.018086677960974965,1.8634630983414835e-05,1.0386714364661032,1.035354412457257,0.034147159689355576,-4.012579635964719,finite,0.01806804332999155,0.3143351662599969
222,constant,0.01,0.3265414665461252,0.031542161416782455,0.03157957327821966,3.741186143720737e-05,reverse,1.0869565217391304,reverse,1.0902185483775428,0.031542161416782455,0.03157957327821966,3.741186143720737e-05,1.0869565217391304,1.0902185483775428,0.08275271826167856,0.03208896087161013,finite,0.0315421614167825,0.015561605876356322,0.01558791154153453,2.6305665178208426e-05,1.0577263889117783,1.0525453878302267,0.049922206146897366,-4.161259566301444,finite,0.015561605876356322,0.29496189326790556
222,linear,0.0045045045045045045,0.4337107667605508,0.1190372183208892,0.11905857846644136,2.136014555215171e-05,reverse,1.1764705882352942,reverse,1.1791559192181442,0.1190372183208892,0.11905857846644136,2.136014555215171e-05,1.1764705882352942,1.1791559192181442,0.15193573326327864,0.12676414613789241,finite,0.11903721832088926,0.017762416382524446,0.017782633983791266,2.0217601266820512e-05,1.0386714364661032,1.0351947807692,0.03399822084018666,-4.029532916798105,finite,0.017762416382524446,0.31465218829410946
223,constant,0.01,0.324316572829689,0.030073690391695385,0.03007630207512039,2.6116834250036747e-06,reverse,1.0869565217391304,reverse,1.087815846850814,0.030073690391695385,0.03007630207512039,2.6116834250036747e-06,1.0869565217391304,1.087815846850814,0.08072675821467151,0.030537872511834464,finite,0.030073690391695412,0.015285187431407566,0.015312341185457032,2.7153754049465476e-05,1.0577263889117783,1.0524272096462544,0.049815520888971065,-4.179096162292966,finite,0.015285187431407566,0.2942402707545686
223,linear,0.004484304932735426,0.43186842499292627,0.11691560085421837,0.1169165565220455,9.556678271238628e-07,reverse,1.1764705882352942,reverse,1.1770366914854586,0.11691560085421837,0.1169165565220455,9.556678271238628e-07,1.1764705882352942,1.1770366914854586,0.15040881288248753,0.12433558286798499,finite,0.11691560085421833,0.017461872898175336,0.017483697796931777,2.1824898756440947e-05,1.0386714364661032,1.035036495804131,0.03385049314315312,-4.046486386680221,finite,0.017461872898175336,0.31495186847088075
224,constant,0.01,0.3220962790655794,0.028602992726412202,0.028611293397825296,8.30067141309454e-06,reverse,1.0869565217391304,reverse,1.0854291202596558,0.028602992726412202,0.028611293397825296,8.30067141309454e-06,1.0869565217391304,1.0854291202596558,0.07870538818713427,0.02902857503659694,finite,0.028602992726412254,0.015013678965371976,0.015041671539398184,2.7992574026207764e-05,1.0577263889117783,1.0523097944691968,0.04970950070419398,-4.1969308270483445,finite,0.015013678965371976,0.2934849856677541
224,linear,0.004464285714285714,0.43003821978763107,0.11478620377250337,0.1147933289450995,7.125172596128548e-06,reverse,1.1764705882352942,reverse,1.1749302794162306,0.11478620377250337,0.1147933289450995,7.125172596128548e-06,1.1764705882352942,1.1749302794162306,0.14888566792503252,0.12193413462159652,finite,0.1147862037725034,0.017170015223695073,0.017189783691266603,1.9768467571529974e-05,1.031727258934357,1.034879790812345,0.03370419552300423,-4.063440043071635,finite,0.017170015223695073,0.3152448908425316
225,constant,0.01,0.3198946903735293,0.027130065044682183,0.027184453692703593,5.43886480214098e-05,reverse,1.0869565217391304,reverse,1.0830582770565365,0.027130065044682183,0.027184453692703593,5.43886480214098e-05,1.0869565217391304,1.0830582770565365,0.07668864992405275,0.027560786907698472,finite,0.027130065044682305,0.014747158604424986,0.014775814748544934,2.865614411994878e-05,1.047205032865026,1.052193227230187,0.049604222760092694,-4.214763573484789,finite,0.014747158604424986,0.2927102366808257
225,linear,0.0044444444444444444,0.4282173800353462,0.11264901929996662,0.1126889478972594,3.992859729277931e-05,reverse,1.1764705882352942,reverse,1.1728366542463071,0.11264901929996662,0.1126889478972594,3.992859729277931e-05,1.1764705882352942,1.1728366542463071,0.14736634775230145,0.1195596793379493,finite,0.11264901929996661,0.016883160544002834,0.016900807392618192,1.7646848615358174e-05,1.031727258934357,1.0347243313897863,0.03355901696362601,-4.080393883483149,finite,0.016883160544002834,0.3155284321380868
226,constant,0.01,0.3176977947989504,0.025654903965135145,0.025795686353756623,0.00014078238862147777,reverse,1.0869565217391304,reverse,1.080703088006845,0.025654903965135145,0.025795686353756623,0.00014078238862147777,1.0869565217391304,1.080703088006845,0.07467646655446011,0.026134229733803534,finite,0.025654903965135232,0.014487706226571438,0.014514684550774154,2.697832420271544e-05,1.047205032865026,1.0520774096177195,0.04949959873831169,-4.232594414378687,finite,0.014487706226571438,0.29190210844519376
226,linear,0.004424778761061947,0.42639622760588164,0.11050403942633158,0.11060346412803641,9.942470170483386e-05,reverse,1.1764705882352942,reverse,1.1707556461404622,0.11050403942633158,0.11060346412803641,9.942470170483386e-05,1.1764705882352942,1.1707556461404622,0.1458507987583737,0.11721209581759703,finite,0.11050403942633158,0.016601002840921458,0.01661668603801324,1.568319709178284e-05,1.031727258934357,1.0345704732969876,0.0334152908760462,-4.09734790546495,finite,0.016601002840921458,0.31579276347784524
227,constant,0.01,0.3155152667691765,0.02423193490242226,0.024444891768139024,0.0002129568657167659,reverse,1.0707512486174096,reverse,1.0783634520895935,0.02423193490242226,0.024444891768139024,0.0002129568657167659,1.0707512486174096,1.0783634520895935,0.0726688686803555,0.024748628221560175,finite,0.024231934902422283,0.014232818493215135,0.014258196247378525,2.5377754163389762e-05,1.047205032865026,1.0519623497069388,0.04939563637559356,-4.2504233623627306,finite,0.014232818493215135,0.2910703750010375
227,linear,0.004405286343612335,0.4245795210114761,0.10842913296537682,0.10853692698061888,0.00010779401524206589,reverse,1.1627906976744187,reverse,1.1686871190187764,0.10842913296537682,0.10853692698061888,0.00010779401524206589,1.1627906976744187,1.1686871190187764,0.14433899054214372,0.1148912637153071,finite,0.10842913296537685,0.01632346807624034,0.016337338152046167,1.3870075805826054e-05,1.031727258934357,1.0344177292346701,0.033272563164723254,-4.114302106612088,finite,0.01632346807624034,0.3160425940308572
228,constant,0.01,0.31334500750025307,0.02302862557202967,0.023131967361257746,0.0001033417892280751,reverse,1.0707512486174096,reverse,1.0760390796002888,0.02302862557202967,0.023131967361257746,0.0001033417892280751,1.0707512486174096,1.0760390796002888,0.07066572305955156,0.02340371012742428,finite,0.02302862557202972,0.01398241509682698,0.014006266674221243,2.385157739426269e-05,1.047205032865026,1.0518479720729585,0.04929226794132405,-4.268250429931409,finite,0.01398241509682698,0.29021304013899535
228,linear,0.0043859649122807015,0.42276448968517955,0.10644335590863119,0.10648938439779929,4.602848916809843e-05,reverse,1.1627906976744187,reverse,1.1666311108426488,0.10644335590863119,0.10648938439779929,4.602848916809843e-05,1.1627906976744187,1.1666311108426488,0.14283101941477674,0.11259706353302965,finite,0.10644335590863124,0.016050483286433156,0.01606268362372868,1.2200337295525249e-05,1.031727258934357,1.0342664188640756,0.033131133563932144,-4.131256484564575,finite,0.016050483286433156,0.31627510528738023
229,constant,0.01,0.31118130481601897,0.021823832330248316,0.021856807641767437,3.297531151912059e-05,reverse,1.0707512486174096,reverse,1.0737298750073965,0.021823832330248316,0.021856807641767437,3.297531151912059e-05,1.0707512486174096,1.0737298750073965,0.06866706117019288,0.02209920621049788,finite,0.021823832330248427,0.013736417142758828,0.01375881417347872,2.2397030719892297e-05,1.047205032865026,1.0517345179655853,0.0491897119300196,-4.286075629443585,finite,0.013736417142758828,0.2893244971742515
229,linear,0.004366812227074236,0.4209481186308806,0.10445074411617161,0.10446088292818347,1.0138812011853404e-05,reverse,1.1627906976744187,reverse,1.16458716551943,0.10445074411617161,0.10446088292818347,1.0138812011853404e-05,1.1627906976744187,1.16458716551943,0.14132661804324503,0.11032937661315291,finite,0.10445074411617167,0.015781976570299283,0.015792643683814323,1.0667113515040044e-05,1.031727258934357,1.0341163118240868,0.03299078781951402,-4.148211037001728,finite,0.015781976570299283,0.31648723570269716
230,constant,0.01,0.30903618567742003,0.020617553347130668,0.02061930424675586,1.750899625192065e-06,reverse,1.0707512486174096,reverse,1.0714357193324584,0.020617553347130668,0.02061930424675586,1.750899625192065e-06,1.0707512486174096,1.0714357193324584,0.06667289324362392,0.020834850186662958,finite,0.02061755334713071,0.013494747124386081,0.013515758565971654,2.1011441585573262e-05,1.047205032865026,1.0516216940283298,0.049087703611921864,-4.3038989731209725,finite,0.013494747124386081,0.2884168814306642
230,linear,0.004347826086956522,0.41913541195846754,0.10245129266726216,0.10245146773210478,1.7506484262241884e-07,reverse,1.1627906976744187,reverse,1.1625553931879264,0.10245129266726216,0.10245146773210478,1.7506484262241884e-07,1.1627906976744187,1.1625553931879264,0.13982593357738574,0.10808808513139946,finite,0.10245129266726218,0.015517877076618248,0.015527140882443531,9.26380582528391e-06,1.031727258934357,1.0339677492729706,0.03285184600472795,-4.165165761639613,finite,0.015517877076618248,0.31668394422636276
231,constant,0.01,0.3068934235954608,0.01940978679047234,0.019419345986103332,9.559195630993306e-06,reverse,1.0707512486174096,reverse,1.0691563971983333,0.01940978679047234,0.019419345986103332,9.559195630993306e-06,1.0707512486174096,1.0691563971983333,0.06468314399984315,0.01961037868295405,finite,0.0194097867904724,0.01325732889868775,0.013277021123905159,1.9692225217408932e-05,1.047205032865026,1.0515096079913824,0.04898634078082962,-4.321720473054713,finite,0.01325732889868775,0.28747407760935745
231,linear,0.004329004329004329,0.4173261590005159,0.10044499644125882,0.1004611825877615,1.618614650268635e-05,reverse,1.1627906976744187,reverse,1.1605356453611055,0.10044499644125882,0.1004611825877615,1.618614650268635e-05,1.1627906976744187,1.1605356453611055,0.13832892251332285,0.10587307208994738,finite,0.10044499644125886,0.015258114991823673,0.015266099066982581,7.984075158907686e-06,1.031727258934357,1.033820367869343,0.03271396939010322,-4.1821206562398725,finite,0.015258114991823673,0.3168649764127544
232,constant,0.01,0.3047691005889785,0.018200530825809635,0.01825681888731177,5.6288061502134806e-05,reverse,1.0707512486174096,reverse,1.066891716185633,0.018200530825809635,0.01825681888731177,5.6288061502134806e-05,1.0707512486174096,1.066891716185633,0.06269775570550426,0.018425531193478367,finite,0.01820053082580967,0.013024087662255995,0.013042524544209186,1.843688195319118e-05,1.047205032865026,1.0513982502622246,0.04888561517902991,-4.339540141205653,finite,0.013024087662255995,0.2865122817016667
232,linear,0.004310344827586207,0.415525398908679,0.0984318501203737,0.0984900698974791,5.8219777105406045e-05,reverse,1.1627906976744187,reverse,1.1585277712903328,0.0984318501203737,0.0984900698974791,5.8219777105406045e-05,1.1627906976744187,1.1585277712903328,0.13683553836069853,0.10368422131066657,finite,0.09843185012037371,0.015002621527703394,0.015009443360519108,6.821832815714565e-06,1.031727258934357,1.0336742515914445,0.032577237499724604,-4.199075718600092,finite,0.015002621527703394,0.3170353290111999
233,constant,0.01,0.3026534528828322,0.016989783616416565,0.017131606239731305,0.00014182262331473988,reverse,1.0707512486174096,reverse,1.064641539659393,0.016989783616416565,0.017131606239731305,0.00014182262331473988,1.0707512486174096,1.064641539659393,0.060716717553659816,0.017280050035770753,finite,0.0169897836164166,0.012794949927727837,0.012812192922393412,1.724299466557451e-05,1.047205032865026,1.0512876600955192,0.04878556273632967,-4.357357989403433,finite,0.012794949927727837,0.2855218466431009
233,linear,0.004291845493562232,0.4137362484719979,0.09641184819237336,0.0965381706939745,0.00012632250160113379,reverse,1.1627906976744187,reverse,1.1565316684554647,0.09641184819237336,0.0965381706939745,0.00012632250160113379,1.1627906976744187,1.1565316684554647,0.13534576935926979,0.10152141742833427,finite,0.0964118481923733,0.014751328909131448,0.014757100140522861,5.771231391412876e-06,1.031727258934357,1.0335293525659148,0.032441606503649356,-4.216030946556318,finite,0.014751328909131448,0.31719807777802345
234,constant,0.01,0.30054582408699965,0.015958936177350114,0.016043588638817042,8.46524614669282e-05,reverse,1.0577263889117783,reverse,1.0624057314615187,0.015958936177350114,0.016043588638817042,8.46524614669282e-05,1.0577263889117783,1.0624057314615187,0.05874001769142298,0.016173680308214092,finite,0.01595893617735016,0.012569843500631424,0.012585951726810728,1.6108226179303506e-05,1.047205032865026,1.0511776534386736,0.048686017317109254,-4.375174029351879,finite,0.012569843500631424,0.2845022354481826
234,linear,0.004273504273504274,0.4119452171939616,0.0945194138163108,0.09460552464658321,8.611083027242061e-05,reverse,1.1494252873563218,reverse,1.1545471293793899,0.0945194138163108,0.09460552464658321,8.611083027242061e-05,1.1494252873563218,1.1545471293793899,0.133859524177644,0.09938454588378962,finite,0.0945194138163108,0.014504170361837779,0.014508997017920787,4.826656083008543e-06,1.031727258934357,1.0333857241393476,0.032307127299588706,-4.232986337981673,finite,0.014504170361837779,0.31733969254737837
235,constant,0.01,0.298456742622232,0.014969167376707726,0.014992644029924512,2.3476653216785923e-05,reverse,1.0577263889117783,reverse,1.0601842313666794,0.014969167376707726,0.014992644029924512,2.3476653216785923e-05,1.0577263889117783,1.0601842313666794,0.05676771035265839,0.015106169848009115,finite,0.014969167376707808,0.012348697456639779,0.012363727773458445,1.5030316818665998e-05,1.047205032865026,1.0510685333158554,0.04858725353973544,-4.392988272630295,finite,0.012348697456639779,0.2834640985923075
235,linear,0.00425531914893617,0.41016085302229777,0.09265941620794715,0.09269217006764942,3.275385970226419e-05,reverse,1.1494252873563218,reverse,1.1525742397727474,0.09265941620794715,0.09269217006764942,3.275385970226419e-05,1.1494252873563218,1.1525742397727474,0.13237693027290845,0.09727349291725049,finite,0.09265941620794715,0.014261080100220737,0.014265062816536458,3.982716315721613e-06,1.031727258934357,1.0332432928857662,0.032173732086777235,-4.24994189078368,finite,0.014261080100220737,0.31746868295464836
236,constant,0.01,0.2963685417875014,0.013978403046189025,0.013978647752457555,2.4470626852970967e-07,reverse,1.0577263889117783,reverse,1.0579766370523618,0.013978403046189025,0.013978647752457555,2.4470626852970967e-07,1.0577263889117783,1.0579766370523618,0.054799543791336475,0.014077269190505894,finite,0.013978403046189018,0.012131442119224607,0.012145449201226627,1.4007082002019666e-05,1.047205032865026,1.0509599974073855,0.048488998185562626,-4.410800730696825,finite,0.012131442119224607,0.28238989403504383
236,linear,0.00423728813559322,0.4083828359423087,0.09079345758109736,0.09079814391891497,4.686337817610964e-06,reverse,1.1494252873563218,reverse,1.150612637869049,0.09079345758109736,0.09079814391891497,4.686337817610964e-06,1.1494252873563218,1.150612637869049,0.1308977782027372,0.09518814556161243,finite,0.09079345758109739,0.014021993315207624,0.014025227552758158,3.2342375505343274e-06,1.031727258934357,1.0331022635155918,0.032041613579420966,-4.266897602909407,finite,0.014021993315207624,0.3175846920233937
237,constant,0.01,0.2943012633580241,0.01298664218446921,0.013001472583157364,1.483039868815407e-05,reverse,1.0577263889117783,reverse,1.0557830076693453,0.01298664218446921,0.013001472583157364,1.483039868815407e-05,1.0577263889117783,1.0557830076693453,0.052835674815876275,0.013086731528651311,finite,0.012986642184469257,0.011918009037703325,0.011931045447716929,1.3036410013603922e-05,1.047205032865026,1.0508522184702376,0.04839140801764197,-4.428611414883012,finite,0.011918009037703325,0.2812997907748667
237,linear,0.004219409282700422,0.4066035273383342,0.08892153501987565,0.0889234818179372,1.94679806155007e-06,reverse,1.1494252873563218,reverse,1.1486623675407517,0.08892153501987565,0.0889234818179372,1.94679806155007e-06,1.1494252873563218,1.1486623675407517,0.1294221624575661,0.09312839163576445,finite,0.08892153501987567,0.013786846162167847,0.01378942241575876,2.5762535909128192e-06,1.031727258934357,1.0329622281610036,0.031910390585807406,-4.283853472335551,finite,0.013786846162167847,0.317680045520397
238,constant,0.01,0.2922406460247888,0.011993883789216842,0.012060988779647262,6.710499043042009e-05,reverse,1.0577263889117783,reverse,1.0536032228484424,0.011993883789216842,0.012060988779647262,6.710499043042009e-05,1.0577263889117783,1.0536032228484424,0.0508760999264266,0.012134312673671268,finite,0.011993883789216838,0.011708330965672246,0.011720447225279311,1.2116259607064528e-05,1.047205032865026,1.050744971184214,0.04829427936925866,-4.446420336407788,finite,0.011708330965672246,0.2801796572451415
238,linear,0.004201680672268907,0.4048247628682218,0.08704364544274945,0.08706821804465446,2.4572601905012426e-05,reverse,1.1494252873563218,reverse,1.1467233184470218,0.08704364544274945,0.08706821804465446,2.4572601905012426e-05,1.1494252873563218,1.1467233184470218,0.12795006091419284,0.09109411973805405,finite,0.08704364544274946,0.013555575748883077,0.01355757974779783,2.0039989147534187e-06,1.031727258934357,1.0328233684767456,0.031780234141250086,-4.300809497075849,finite,0.013555575748883077,0.3177565448235673
239,constant,0.01,0.2901881143071287,0.011502341839819309,0.011513586497802947,1.1244657983638592e-05,forward,1.047205032865026,forward,1.0506385921363692,0.011085306944522588,0.011157064123482042,7.175717895945358e-05,1.047205032865026,1.0514370055472115,0.04892067263738876,0.011219771016211008,finite,0.011085306944522621,0.011502341839819309,0.011513586497802947,1.1244657983638592e-05,1.047205032865026,1.0506385921363692,0.04819791745266154,-4.464227506366028,finite,0.011502341839819309,0.2786745278093258
239,linear,0.0041841004184100415,0.4030492762949641,0.08515978560484727,0.08523238554792746,7.259994308018991e-05,reverse,1.1494252873563218,reverse,1.1447953213558952,0.08515978560484727,0.08523238554792746,7.259994308018991e-05,1.1494252873563218,1.1447953213558952,0.1264814055882057,0.08908521923971344,finite,0.08515978560484729,0.01332812012357869,0.013329633024977652,1.5129013989628043e-06,1.031727258934357,1.032685709857332,0.03165116893294437,-4.317765675179656,finite,0.01332812012357869,0.3178168907470367
240,constant,0.01,0.2881546558903453,0.011299976759109445,0.0113103964576506,1.0419698541154834e-05,forward,1.047205032865026,forward,1.0505327499414845,0.010272156088009465,0.010289563963365122,1.740787535565655e-05,1.047205032865026,1.049284263023292,0.04696941025427158,0.010342867488592252,finite,0.01027215608800949,0.011299976759109445,0.0113103964576506,1.0419698541154834e-05,1.047205032865026,1.0505327499414845,0.048102022468408834,-4.482032935741632,finite,0.011299976759109445,0.2768442594326947
240,linear,0.004166666666666667,0.4012832245015672,0.08326995210021382,0.08341601595209436,0.00014606385188054016,reverse,1.1494252873563218,reverse,1.142878260947613,0.08326995210021382,0.08341601595209436,0.00014606385188054016,1.1494252873563218,1.142878260947613,0.1250161682392541,0.08710158027829065,finite,0.08326995210021383,0.013104418263020322,0.013105516838412315,1.0985753919924568e-06,1.031727258934357,1.0325492259316604,0.031523171113020436,-4.3347220047232895,finite,0.013104418263020322,0.31786720854947287
241,constant,0.01,0.28612166225391344,0.01110117196433622,0.01111081150325591,9.639538919690646e-06,forward,1.047205032865026,forward,1.0504276716741612,0.009458336605253748,0.009458351257647386,1.4652393638681094e-08,1.047205032865026,1.0471448655983584,0.04502229552681698,0.009503365527277187,finite,0.00945833660525382,0.01110117196433622,0.01111081150325591,9.639538919690646e-06,1.047205032865026,1.0504276716741612,0.04800680050039995,-4.499836635400787,finite,0.01110117196433622,0.2750108507506575
241,linear,0.004149377593360996,0.3995247319797724,0.08154550232372648,0.08161913956362483,7.363723989835258e-05,reverse,1.1363636363636365,reverse,1.1409720351469779,0.08154550232372648,0.08161913956362483,7.363723989835258e-05,1.1363636363636365,1.1409720351469779,0.12355432982090409,0.08514309375118066,finite,0.08154550232372654,0.012884410060679034,0.012885166875476299,7.568147972654427e-07,1.031727258934357,1.0324138949810027,0.03139622116534882,-4.351678483818771,finite,0.012884410060679034,0.3179055924161476
242,constant,0.01,0.28411008844268565,0.010905864818033207,0.01091476721698587,8.902398952664176e-06,forward,1.047205032865026,forward,1.050323136375859,0.008643847946466998,0.008663286616989178,1.943867052217954e-05,1.047205032865026,1.045018668347503,0.043079295816496145,0.008701031036418862,finite,0.008643847946466993,0.010905864818033207,0.01091476721698587,8.902398952664176e-06,1.047205032865026,1.050323136375859,0.04791205166583215,-4.517638616098547,finite,0.010905864818033207,0.2731953212256998
242,linear,0.004132231404958678,0.3977625122451116,0.07981611087451457,0.07984178537796681,2.5674503452241537e-05,reverse,1.1363636363636365,reverse,1.1390766729047619,0.07981611087451457,0.07984178537796681,2.5674503452241537e-05,1.1363636363636365,1.1390766729047619,0.1220959714240326,0.08320965130935828,finite,0.07981611087451454,0.012668036314968902,0.012668519901542679,4.835865737764372e-07,1.031727258934357,1.0322796315934109,0.031270239773678765,-4.368635110609308,finite,0.012668036314968902,0.3179207268671448
243,constant,0.01,0.28210444581742367,0.010713993784738753,0.010722200343471652,8.206558732898675e-06,forward,1.047205032865026,forward,1.0502192691089292,0.007830376186299448,0.007904228346731186,7.385216043173833e-05,1.0386714364661032,1.0429055233166347,0.041140374039047224,0.007935632352025504,finite,0.007830376186299472,0.010713993784738753,0.010722200343471652,8.206558732898675e-06,1.047205032865026,1.0502192691089292,0.047817889640834936,-4.535438888480733,finite,0.010713993784738753,0.271382245473952
243,linear,0.00411522633744856,0.3960164942450503,0.07808157402884841,0.07808398108596129,2.407057112879807e-06,reverse,1.1363636363636365,reverse,1.1371918841641337,0.07808157402884841,0.07808398108596129,2.407057112879807e-06,1.1363636363636365,1.1371918841641337,0.12064092795119925,0.08130114535063517,finite,0.07808157402884838,0.012455238717559648,0.01245551374196843,2.7502440878325596e-07,1.031727258934357,1.0321464470584294,0.031145238304162434,-4.385591883268929,finite,0.012455238717559648,0.317932513159089
244,constant,0.01,0.28010532610778416,0.010525498411608051,0.010533048768411685,7.550356803633779e-06,forward,1.047205032865026,forward,1.0501160754429906,0.007162185034037205,0.007181032488922107,1.8847454884902103e-05,1.0386714364661032,1.0408053455879134,0.03920554958801053,0.007206940206674721,finite,0.007162185034037267,0.010525498411608051,0.010533048768411685,7.550356803633779e-06,1.047205032865026,1.0501160754429906,0.047724319829928565,-4.553237463079428,finite,0.010525498411608051,0.2695722773393725
244,linear,0.004098360655737705,0.3942712956310584,0.07634189051794393,0.07634575308105326,3.862563109330308e-06,reverse,1.1363636363636365,reverse,1.135317607346596,0.07634189051794393,0.07634575308105326,3.862563109330308e-06,1.1363636363636365,1.135317607346596,0.11918920879140882,0.07941746901377805,finite,0.07634189051794392,0.012245959841767873,0.012246087264424345,1.2742265647139317e-07,1.031727258934357,1.0320145095139062,0.031021375396151574,-4.402548799998445,finite,0.012245959841767873,0.31792554255000516
245,constant,0.01,0.2781276492026549,0.010340319309366202,0.010347251497618372,6.932188252170221e-06,forward,1.047205032865026,forward,1.0500134750527814,0.006493543878665409,0.0064935528640770864,8.985411677729649e-09,1.0386714364661032,1.038717930760463,0.037274730332340515,0.006514727694841002,finite,0.006493543878665434,0.010340319309366202,0.010347251497618372,6.932188252170221e-06,1.047205032865026,1.0500134750527814,0.04763126973229316,-4.571034350322605,finite,0.010340319309366202,0.26778039770503653
245,linear,0.004081632653061225,0.39252712044591814,0.07459705893590507,0.07462712646582137,3.0067529916300018e-05,reverse,1.1363636363636365,reverse,1.1334538602876274,0.07459705893590507,0.07462712646582137,3.0067529916300018e-05,1.1363636363636365,1.1334538602876274,0.11774088470946835,0.07755851617188247,finite,0.07459705893590508,0.01204014313102922,0.012040180361392427,3.72303632072829e-08,1.031727258934357,1.0318835394339203,0.030898389416514214,-4.419505859031569,finite,0.01204014313102922,0.3178999939800968
246,constant,0.01,0.2761504381321772,0.010158398133596449,0.010164748636593843,6.350502997394189e-06,forward,1.047205032865026,forward,1.0499115277158546,0.005824452417122816,0.005841641113090919,1.718869596810304e-05,1.0386714364661032,1.0366431862735495,0.03534792564958804,0.0058587702392517114,finite,0.00582445241712286,0.010158398133596449,0.010164748636593843,6.350502997394189e-06,1.047205032865026,1.0499115277158546,0.04753879388717653,-4.588829560530859,finite,0.010158398133596449,0.2659856894955834
246,linear,0.0040650406504065045,0.39078922964739604,0.07284707774165056,0.0729281250589501,8.10473172995485e-05,reverse,1.1363636363636365,reverse,1.131600367895273,0.07284707774165056,0.0729281250589501,8.10473172995485e-05,1.1363636363636365,1.131600367895273,0.11629579808289037,0.07572418142622549,finite,0.07284707774165058,0.011837732887454282,0.011837733933089003,1.045634721169586e-09,1.031727258934357,1.031753546148519,0.030776289809764486,-4.436463058630233,finite,0.011837732887454282,0.31786110458844596
247,constant,0.01,0.2741926108166954,0.009979677566357554,0.009985481370428697,5.803804071143406e-06,forward,1.047205032865026,forward,1.0498102113418684,0.005190734095595784,0.005225146738368575,3.441264277279088e-05,1.031727258934357,1.03458103335447,0.033425156889205956,0.005238845557316364,finite,0.0051907340955957655,0.009979677566357554,0.009985481370428697,5.803804071143406e-06,1.047205032865026,1.0498102113418684,0.04744687259061886,-4.606623103919487,finite,0.009979677566357554,0.2642071294462667
247,linear,0.004048582995951417,0.3890516187592934,0.07111082079032804,0.07124877140216175,0.0001379506118337065,reverse,1.1235955056179776,reverse,1.1297571266976711,0.07111082079032804,0.07124877140216175,0.0001379506118337065,1.1235955056179776,1.1297571266976711,0.11485400147636755,0.07391436010007324,finite,0.07111082079032807,0.011638674260470506,0.01163868987063779,1.561016728379716e-08,1.031727258934357,1.0316248147565363,0.030655345145027265,-4.453420397082448,finite,0.011638674260470506,0.31780284735713166
248,constant,0.01,0.2722421301151725,0.009804101298124677,0.009809391944082637,5.290645957960541e-06,forward,1.047205032865026,forward,1.0497095123213436,0.004641173458674319,0.00464391714504074,2.74368636642066e-06,1.031727258934357,1.0325312503935944,0.03150631071088025,0.004654733628492565,finite,0.004641173458674351,0.009804101298124677,0.009809391944082637,5.290645957960541e-06,1.047205032865026,1.0497095123213436,0.04735549381791838,-4.624414990599849,finite,0.009804101298124677,0.26243273817108986
248,linear,0.004032258064516129,0.38731935361526504,0.0695206133294961,0.06958908676724353,6.84734377474211e-05,reverse,1.1235955056179776,reverse,1.127924122837846,0.0695206133294961,0.06958908676724353,6.84734377474211e-05,1.1235955056179776,1.127924122837846,0.11341553943893871,0.07212894823259106,finite,0.0695206133294961,0.011442913235552462,0.011442991039437113,7.780388465092325e-08,1.031727258934357,1.031496991626592,0.0305352239340258,-4.4703778727075045,finite,0.011442913235552462,0.3177302668480215
249,constant,0.01,0.2702947222697808,0.009631614010047883,0.00963642364299083,4.80963294294777e-06,forward,1.047205032865026,forward,1.0496093990534303,0.0040913092289899256,0.0040977976820239445,6.4884530340189595e-06,1.031727258934357,1.0304937282785227,0.02959137687277677,0.004106216662335173,finite,0.004091309228989951,0.009631614010047883,0.00963642364299083,4.80963294294777e-06,1.047205032865026,1.0496093990534303,0.0472646292022247,-4.642205230585007,finite,0.009631614010047883,0.26065829862678996
249,linear,0.004016064257028112,0.38559154561866865,0.06792601649264607,0.06794909116294952,2.3074670303449563e-05,reverse,1.1235955056179776,reverse,1.1261010957059059,0.06792601649264607,0.06794909116294952,2.3074670303449563e-05,1.1235955056179776,1.1261010957059059,0.1119802619736005,0.07036784257261999,finite,0.06792601649264604,0.011250396623042315,0.011250581262960243,1.8463991792797008e-07,1.031727258934357,1.0313701861673523,0.030416029654615356,-4.4873354838477555,finite,0.011250396623042315,0.31764245445571915
250,constant,0.01,0.26837314170419896,0.009462161356522841,0.009466520774157057,4.359417634216059e-06,forward,1.047205032865026,forward,1.0495098144658659,0.003561678407037694,0.0035866316824622736,2.4953275424579712e-05,1.0260613253795796,1.0284684128172694,0.027680395880400704,0.003593079066753479,finite,0.0035616784070377455,0.009462161356522841,0.009466520774157057,4.359417634216059e-06,1.047205032865026,1.0495098144658659,0.04717422722822589,-4.6599938337824325,finite,0.009462161356522841,0.2589066209300419
250,linear,0.004,0.38386517332969994,0.06632703043466459,0.06632880334219914,1.772907534544621e-06,reverse,1.1235955056179776,reverse,1.124288038456914,0.06632703043466459,0.06632880334219914,1.772907534544621e-06,1.1235955056179776,1.124288038456914,0.11054821736563121,0.06863094057277493,finite,0.06632703043466454,0.011061072047062607,0.011061405306655885,3.332595932773602e-07,1.031727258934357,1.0312444361690707,0.030297798536629495,-4.504293228875032,finite,0.011061072047062607,0.3175363699875008
251,constant,0.01,0.26645208612340626,0.009295689948068111,0.009299628647427532,3.938699359421274e-06,forward,1.047205032865026,forward,1.0494109543860703,0.0031095896699081527,0.0031102605043277633,6.70834419610588e-07,1.0260613253795796,1.026455138802003,0.025773302506799548,0.0031151074172472357,finite,0.003109589669908216,0.009295689948068111,0.009299628647427532,3.938699359421274e-06,1.047205032865026,1.0494109543860703,0.04708446598499334,-4.677780810004302,finite,0.009295689948068111,0.2571524574759787
251,linear,0.00398406374501992,0.38215446071509196,0.06472365519547285,0.0647282408089467,4.585613473842565e-06,reverse,1.1235955056179776,reverse,1.1224848608508013,0.06472365519547285,0.0647282408089467,4.585613473842565e-06,1.1235955056179776,1.1224848608508013,0.10911938781781202,0.06691814038319298,finite,0.06472365519547285,0.010874887934522796,0.010875408862236932,5.209277141367957e-07,1.031727258934357,1.0311196866215309,0.03018047955567087,-4.521251106186587,finite,0.010874887934522796,0.3174262199061453
252,constant,0.01,0.26454575368337585,0.009132147334503756,0.009135693557238998,3.5462227352418135e-06,forward,1.047205032865026,forward,1.0493126484820618,0.002657295817999561,0.0026685235705220496,1.1227752522488706e-05,1.0260613253795796,1.0244538301702906,0.02387011444549506,0.002672090426451115,finite,0.0026572958179995666,0.009132147334503756,0.009135693557238998,3.5462227352418135e-06,1.047205032865026,1.0493126484820618,0.04699519114097941,-4.695566168964774,finite,0.009132147334503756,0.2554100601261369
252,linear,0.003968253968253968,0.3804383812257995,0.06311589070166279,0.06314741982564345,3.152912398066143e-05,reverse,1.1235955056179776,reverse,1.1206914800857948,0.06311589070166279,0.06314741982564345,3.152912398066143e-05,1.1235955056179776,1.1206914800857948,0.10769376070973194,0.06522934084592154,finite,0.06311589070166283,0.010691793504221512,0.01069253853220917,7.450279876589777e-07,1.031727258934357,1.0309959958237587,0.030064128230675655,-4.538209114202725,finite,0.010691793504221512,0.317290961400156
253,constant,0.01,0.26265060368790466,0.008971481988425827,0.00897466276468998,3.180776264152113e-06,forward,1.047205032865026,forward,1.04921495239227,0.0022565541399403033,0.002261258408790173,4.70426884986979e-06,1.0214282435933986,1.0224642175687386,0.021970663797071716,0.002263818914290476,finite,0.002256554139940297,0.008971481988425827,0.00897466276468998,3.180776264152113e-06,1.047205032865026,1.04921495239227,0.04690645351560906,-4.713349920278656,finite,0.008971481988425827,0.25367594092321466
253,linear,0.003952569169960474,0.3787337784098895,0.06150373676809784,0.06158635542013663,8.26186520387906e-05,reverse,1.1235955056179776,reverse,1.1189077516681372,0.06150373676809784,0.06158635542013663,8.26186520387906e-05,1.1235955056179776,1.1189077516681372,0.10627127347260046,0.06356444148870845,finite,0.06150373676809788,0.01051173875604555,0.010512741814556139,1.0030585105881562e-06,1.031727258934357,1.0308732070129658,0.029948597754735882,-4.5551672513739145,finite,0.01051173875604555,0.31714742298975285
254,constant,0.01,0.26075765904513026,0.00881364328897162,0.00881648447984228,2.84119087065951e-06,forward,1.047205032865026,forward,1.0491178011378666,0.001884395809637951,0.0018883006913761797,3.904881738228758e-06,1.0214282435933986,1.0204864874646693,0.020075216787599697,0.001890085778668388,finite,0.0018843958096379481,0.00881364328897162,0.00881648447984228,2.84119087065951e-06,1.047205032865026,1.0491178011378666,0.046818194376831365,-4.731132073471469,finite,0.00881364328897162,0.251941174565288
254,linear,0.003937007874015748,0.37703338519567947,0.05990640976383799,0.06004506139297293,0.0001386516291349421,reverse,1.1111111111111112,reverse,1.1171336237436198,0.05990640976383799,0.06004506139297293,0.0001386516291349421,1.1111111111111112,1.1171336237436198,0.10485193646852557,0.061923342519232295,finite,0.059906409763838,0.010334674460267243,0.010335967087887815,1.292627620571793e-06,1.031727258934357,1.0307513977937317,0.029833961767651605,-4.572125516168341,finite,0.010334674460267243,0.31698832380270653
255,constant,0.01,0.2588895315265615,0.008658581505870528,0.00866110784452558,2.5263386550511413e-06,forward,1.047205032865026,forward,1.0490212245713515,0.0015459924371447054,0.0015494842746117561,3.491837467050783e-06,1.0176329677282876,1.018520139281133,0.018183380540913407,0.00155068596686631,finite,0.00154599243714469,0.008658581505870528,0.00866110784452558,2.5263386550511413e-06,1.047205032865026,1.0490212245713515,0.04673044112275463,-4.748912637970124,finite,0.008658581505870528,0.25022842368203596
255,linear,0.00392156862745098,0.3753326000877497,0.05845386597969515,0.0585235503247175,6.968434502235138e-05,reverse,1.1111111111111112,reverse,1.1153690228018747,0.05845386597969515,0.0585235503247175,6.968434502235138e-05,1.1111111111111112,1.1153690228018747,0.10343574229097804,0.06030594481935573,finite,0.05845386597969511,0.010160552146941192,0.010162163596571861,1.6114496306698228e-06,1.031727258934357,1.0306304704428997,0.02972012891268062,-4.589083907084459,finite,0.010160552146941192,0.3168090497630322
256,constant,0.01,0.25702291507075864,0.008506247783775555,0.008508482915307307,2.2351315317522408e-06,forward,1.047205032865026,forward,1.048925239233765,0.0012395625993617543,0.0012446412375112382,5.078638149483934e-06,1.0176329677282876,1.0165652972913872,0.016295359811637447,0.0012454164467212898,finite,0.0012395625993617335,0.008506247783775555,0.008508482915307307,2.2351315317522408e-06,1.047205032865026,1.048925239233765,0.04664320907131997,-4.766691623110689,finite,0.008506247783775555,0.24851443215545133
256,linear,0.00390625,0.37363986640045016,0.05699762763700922,0.05702183358319778,2.4205946188564365e-05,reverse,1.1111111111111112,reverse,1.1136137762372513,0.05699762763700922,0.05702183358319778,2.4205946188564365e-05,1.1111111111111112,1.1136137762372513,0.10202260304388186,0.058712149939307005,finite,0.05699762763700924,0.009989324095401547,0.009991281436349607,1.957340948060063e-06,1.031727258934357,1.0305106155977724,0.029607279280741732,-4.606042422640945,finite,0.009989324095401547,0.31661803281725237
257,constant,0.01,0.25516604972580426,0.008356594126870424,0.008358560646844048,1.9665199736240008e-06,forward,1.047205032865026,forward,1.0488297150457015,0.000973554870007276,0.0009736019214357668,4.7051428490787334e-08,1.0145194496200836,1.0146218765267316,0.014411158348749077,0.000974076179637264,finite,0.0009735548700073423,0.008356594126870424,0.008358560646844048,1.9665199736240008e-06,1.047205032865026,1.0488297150457015,0.04655638026385798,-4.784469038138867,finite,0.008356594126870424,0.24680748907896022
257,linear,0.0038910505836575876,0.37194627172162664,0.055537695864451675,0.05553992133077078,2.22546631910292e-06,reverse,1.1111111111111112,reverse,1.1118679233474398,0.055537695864451675,0.05553992133077078,2.22546631910292e-06,1.1111111111111112,1.1118679233474398,0.10061260065012502,0.057141860091896424,finite,0.055537695864451626,0.00982094332386068,0.009823271540048502,2.32821618782221e-06,1.031727258934357,1.0303916465838168,0.029495237742442795,-4.6230010613803705,finite,0.00982094332386068,0.31640635039085585
258,constant,0.01,0.2533263899669897,0.008209573383747538,0.00821129287554688,1.7194917993415548e-06,forward,1.047205032865026,forward,1.0487349052299049,0.0007338045556031236,0.0007361949680239783,2.390412420854638e-06,1.0119621593100256,1.0126896106510006,0.012530602188012042,0.0007364660926146566,finite,0.0007338045556031661,0.008209573383747538,0.00821129287554688,1.7194917993415548e-06,1.047205032865026,1.0487349052299049,0.04647018516011086,-4.802244892209722,finite,0.008209573383747538,0.2451150970914428
258,linear,0.003875968992248062,0.37026275132770675,0.0540740716958622,0.05407782253183234,3.750835970137145e-06,reverse,1.1111111111111112,reverse,1.1101312794059621,0.0540740716958622,0.05407782253183234,3.750835970137145e-06,1.1111111111111112,1.1101312794059621,0.09920563580993233,0.055594978146999464,finite,0.05407407169586216,0.009655363579110145,0.009658085663590445,2.722084480299633e-06,1.031727258934357,1.0302736169440254,0.02938405530932877,-4.639959821867239,finite,0.009655363579110145,0.3161849287958744
259,constant,0.01,0.25148964516024,0.008065139232551973,0.008066632303515776,1.493070963802523e-06,forward,1.047205032865026,forward,1.0486405098263414,0.0005284932459063141,0.0005322473579647473,3.7541120584331893e-06,1.0098596583090638,1.0107686096330655,0.0106538821352741,0.0005323890518694791,finite,0.0005284932459063465,0.008065139232551973,0.008066632303515776,1.493070963802523e-06,1.047205032865026,1.0486405098263414,0.04638435132970065,-4.820019194391418,finite,0.008065139232551973,0.24342301285672424
259,linear,0.003861003861003861,0.3685803721644729,0.05260675607160337,0.052635544960025926,2.8788888422559555e-05,reverse,1.1111111111111112,reverse,1.1084038063794235,0.05260675607160337,0.052635544960025926,2.8788888422559555e-05,1.1111111111111112,1.1084038063794235,0.09780172691171295,0.05407140762573257,finite,0.05260675607160335,0.00949253932632468,0.009495676372195198,3.1370458705177323e-06,1.031727258934357,1.030156448557935,0.02927365896718855,-4.656918702689894,finite,0.00949253932632468,0.315944827204447
260,constant,0.01,0.24967133080037737,0.007923246166386821,0.007924532482842469,1.286316455647793e-06,forward,1.047205032865026,forward,1.0485466857647825,0.000359156708218622,0.00036158444887536,2.4277406567379763e-06,1.0081296672217952,1.008858500421581,0.008780716441284095,0.0003616498362947186,finite,0.00035915670821868087,0.007923246166386821,0.007924532482842469,1.286316455647793e-06,1.047205032865026,1.0485466857647825,0.04629902170676729,-4.837791953660196,finite,0.007923246166386821,0.2417467983175349
260,linear,0.0038461538461538464,0.3669009192317243,0.05113574983988689,0.05121309520596625,7.734536607936077e-05,reverse,1.1111111111111112,reverse,1.1066854028994881,0.05113574983988689,0.05121309520596625,7.734536607936077e-05,1.1111111111111112,1.1066854028994881,0.09640084040141411,0.05257105269518552,finite,0.051135749839886925,0.00933242573896979,0.009335997026878146,3.5712879083559662e-06,1.031727258934357,1.030040218639835,0.029164122037392822,-4.673877702455715,finite,0.00933242573896979,0.31568782402575807
261,constant,0.01,0.24785908814346608,0.007783849478975368,0.00778494780007022,1.0983210948518202e-06,forward,1.047205032865026,forward,1.0484534013704927,0.00022373326000835192,0.00022403001308771942,2.967530793675005e-07,1.0067052385626014,1.0069593893518674,0.006911290986964966,0.00022405511155971212,finite,0.00022373326000836994,0.007783849478975368,0.00778494780007022,1.0983210948518202e-06,1.047205032865026,1.0484534013704927,0.04621416775142954,-4.8555631789119476,finite,0.007783849478975368,0.24007414034339586
261,linear,0.0038314176245210726,0.3652348164800047,0.049662360522616744,0.04981047868434152,0.0001481181617247751,reverse,1.0989010989010988,reverse,1.1049761072321749,0.049662360522616744,0.04981047868434152,0.0001481181617247751,1.0989010989010988,1.1049761072321749,0.09500305621551104,0.051093818162509894,finite,0.04966236052261674,0.009174978688813586,0.009179001771068984,4.023082255397506e-06,1.031727258934357,1.0299249245503994,0.02905544262215311,-4.690836819797279,finite,0.009174978688813586,0.3154243377956632
262,constant,0.01,0.2460512084075131,0.007646905250575438,0.007647833461114523,9.282105390851642e-07,forward,1.047205032865026,forward,1.0483606975081747,0.00011842620204061127,0.0001194062753410105,9.800733003992323e-07,1.0055317587258423,1.0050710822234914,0.0050454960979206135,0.00011941340483784934,finite,0.00011842620204063399,0.007646905250575438,0.007647833461114523,9.282105390851642e-07,1.047205032865026,1.0483606975081747,0.046129826903204406,-4.873332878952014,finite,0.007646905250575438,0.23840337494639857
262,linear,0.003816793893129771,0.3635624593507378,0.048350496566268664,0.048427699641714804,7.72030754461403e-05,reverse,1.0989010989010988,reverse,1.1032755895777868,0.048350496566268664,0.048427699641714804,7.72030754461403e-05,1.0989010989010988,1.1032755895777868,0.09360815244476627,0.04963960946975945,finite,0.04835049656626869,0.009020154736043184,0.009024645517585885,4.490781542701439e-06,1.031727258934357,1.0298104874648575,0.02894754697851602,-4.707796053364405,finite,0.009020154736043184,0.315134759709023
263,constant,0.01,0.24426815898290946,0.00751237033414162,0.007513145476291453,7.75142149833305e-07,forward,1.047205032865026,forward,1.0482685124188849,4.750114138152295e-05,4.753394995231138e-05,3.280857078843128e-08,1.0031094412257027,1.0031935176281424,0.0031833515388862265,4.75350797263123e-05,finite,4.7501141381556986e-05,0.00751237033414162,0.007513145476291453,7.75142149833305e-07,1.047205032865026,1.0482685124188849,0.0460459432359607,-4.89110106250673,finite,0.00751237033414162,0.236755013506618
263,linear,0.0038022813688212928,0.3619063800313523,0.04703557223646948,0.047064761163899765,2.9188927430284783e-05,reverse,1.0989010989010988,reverse,1.1015839061273034,0.04703557223646948,0.047064761163899765,2.9188927430284783e-05,1.0989010989010988,1.1015839061273034,0.09221622208010358,0.04820833268829545,finite,0.0470355722364695,0.00886791111948618,0.00887288393570295,4.972816216770176e-06,1.031727258934357,1.0296968650267546,0.028840395688670004,-4.724755401829506,finite,0.00886791111948618,0.31484161886745254
264,constant,0.01,0.24248511732621672,0.007380202341730882,0.007380840645760214,6.383040293319459e-07,forward,1.047205032865026,forward,1.048176870057303,8.16696947136819e-06,8.23227777002916e-06,6.530829866096889e-08,1.0014447181982267,1.0013264509000592,0.0013246937588306089,8.23231165541377e-06,finite,8.166969471408631e-06,0.007380202341730882,0.007380840645760214,6.383040293319459e-07,1.047205032865026,1.048176870057303,0.04596253879812225,-4.908867738217257,finite,0.007380202341730882,0.2351042766804565
264,linear,0.003787878787878788,0.3602494534697219,0.04571758935082859,0.04572166518354427,4.07583271568035e-06,reverse,1.0989010989010988,reverse,1.0999010047332314,0.04571758935082859,0.04572166518354427,4.07583271568035e-06,1.0989010989010988,1.0999010047332314,0.0908272692754393,0.04679989451342652,finite,0.045717589350828605,0.008718205746937355,0.008723673438526914,5.46769158955851e-06,1.031727258934357,1.0295841839020392,0.02873410874467553,-4.741714863882696,finite,0.008718205746937355,0.31452778828617767
265,constant,0.01,0.24071430905987717,0.007250359631147439,0.0072508765451782965,5.169140308578304e-07,forward,1.047205032865026,forward,1.048085727590186,0.0,0.0,0.0,1.000010000100001,1.000010000100001,9.999999999961955e-06,0.0,finite,0.0,0.007250359631147439,0.0072508765451782965,5.169140308578304e-07,1.047205032865026,1.048085727590186,0.045879574851903845,-4.926632914640493,finite,0.007250359631147439,0.23346343251469887
265,linear,0.0037735849056603774,0.35859451266080944,0.044396549648988426,0.044398412487828505,1.8628388400790397e-06,reverse,1.0989010989010988,reverse,1.0982268754926614,0.044396549648988426,0.044398412487828505,1.8628388400790397e-06,1.0989010989010988,1.0982268754926614,0.08944133282897226,0.04541420225918408,finite,0.044396549648988454,0.008570997185590911,0.008576971170471983,5.973984881071925e-06,1.031727258934357,1.029472302814701,0.028628553419183928,-4.758674438239618,finite,0.008570997185590911,0.31419610017298094
266,constant,0.01,0.23895666552793665,0.0071228012928225065,0.007123211511564782,4.102187422753284e-07,forward,1.047205032865026,forward,1.0479951145236028,0.0,0.0,0.0,1.000010000100001,1.000010000100001,9.999999999961955e-06,0.0,finite,0.0,0.0071228012928225065,0.007123211511564782,4.102187422753284e-07,1.047205032865026,1.0479951145236028,0.04579707849632523,-4.9443966002579245,finite,0.0071228012928225065,0.23183345401637187
266,linear,0.0037593984962406013,0.3569502510933829,0.04307245479373778,0.04309500272593285,2.2547932195068898e-05,reverse,1.0989010989010988,reverse,1.0965612013090886,0.04307245479373778,0.04309500272593285,2.2547932195068898e-05,1.0989010989010988,1.0965612013090886,0.08805819610780742,0.04405116385287303,finite,0.043072454793737794,0.008426244652578343,0.008432734995104857,6.490342526513718e-06,1.031727258934357,1.0293612756929258,0.028523781092465277,-4.775634123630838,finite,0.008426244652578343,0.31385524836745005
267,constant,0.01,0.2372040319388573,0.006997487136924936,0.006997804629553683,3.174926287473692e-07,forward,1.047205032865026,forward,1.047904951700683,0.0,0.0,0.0,1.000010000100001,1.000010000100001,9.999999999961955e-06,0.0,finite,0.0,0.006997487136924936,0.006997804629553683,3.174926287473692e-07,1.047205032865026,1.047904951700683,0.04571497789273382,-4.962158803466699,finite,0.006997487136924936,0.23020622730930362
267,linear,0.003745318352059925,0.3553023241390147,0.0417453063721035,0.04181143441679895,6.61280446954543e-05,reverse,1.0989010989010988,reverse,1.0949041701538686,0.0417453063721035,0.04181143441679895,6.61280446954543e-05,1.0989010989010988,1.0949041701538686,0.08667806072976379,0.0427106878299471,finite,0.041745306372103524,0.008283908005611993,0.00829092348308334,7.0154774713462875e-06,1.031727258934357,1.0292510502596817,0.028419742930844386,-4.792593918803519,finite,0.008283908005611993,0.3134908897222157
268,constant,0.01,0.23546963083824513,0.00687437768069856,0.0068746157177773815,2.3803707882141117e-07,forward,1.047205032865026,forward,1.0478154056355302,0.0,0.0,0.0,1.000010000100001,1.000010000100001,9.999999999961955e-06,0.0,finite,0.0,0.00687437768069856,0.0068746157177773815,2.3803707882141117e-07,1.047205032865026,1.0478154056355302,0.045633424912786894,-4.979919532587736,finite,0.00687437768069856,0.22859501512046773
268,linear,0.0037313432835820895,0.35366839610626455,0.04041510589642128,0.04054770495675607,0.00013259906033478985,reverse,1.0989010989010988,reverse,1.0932555347662825,0.04041510589642128,0.04054770495675607,0.00013259906033478985,1.0989010989010988,1.0932555347662825,0.08530076619847035,0.041392683328761,finite,0.04041510589642127,0.00814394773373434,0.008151495900260331,7.548166525992231e-06,1.031727258934357,1.0291417188381973,0.028316526582068267,-4.8095538225276675,finite,0.00814394773373434,0.31312069114950847
269,constant,0.01,0.2337395815515438,0.0067534341360224,0.00675360531556801,1.7117954561034904e-07,forward,1.047205032865026,forward,1.047726240696334,0.0,0.0,0.0,1.000010000100001,1.000010000100001,9.999999999961955e-06,0.0,finite,0.0,0.0067534341360224,0.00675360531556801,1.7117954561034904e-07,1.047205032865026,1.047726240696334,0.045552205187315356,-4.997678795864564,finite,0.0067534341360224,0.2269859762359758
269,linear,0.0037174721189591076,0.352028457013462,0.03921207737869459,0.03930381062721989,9.173324852530113e-05,reverse,1.0869565217391304,reverse,1.091615302430447,0.03921207737869459,0.03930381062721989,9.173324852530113e-05,1.0869565217391304,1.091615302430447,0.0839263632769423,0.04009706008541722,finite,0.03921207737869461,0.008006324948172933,0.008014412196062373,8.08724788944025e-06,1.031727258934357,1.0290332106656648,0.028214065750981596,-4.8265138335934665,finite,0.008006324948172933,0.31272464638624214
270,constant,0.01,0.2320160282148564,0.006634618397189655,0.006634734669897356,1.1627270770069725e-07,forward,1.047205032865026,forward,1.0476376102005545,0.0,0.0,0.0,1.000010000100001,1.000010000100001,9.999999999961955e-06,0.0,finite,0.0,0.006634618397189655,0.006634734669897356,1.1627270770069725e-07,1.047205032865026,1.0476376102005545,0.045471458581402995,-5.015436601462923,finite,0.006634618397189655,0.22538129354495903
270,linear,0.003703703703703704,0.35040287957961924,0.03804083269090208,0.03807974660252307,3.891391162098856e-05,reverse,1.0869565217391304,reverse,1.0899834060782778,0.03804083269090208,0.03807974660252307,3.891391162098856e-05,1.0869565217391304,1.0899834060782778,0.08255484035489581,0.038823728428769334,finite,0.03804083269090211,0.007871001373300816,0.007879632992099268,8.631618798451979e-06,1.031727258934357,1.0289254124785496,0.028112253937699956,-4.843473950803672,finite,0.007871001373300816,0.3123231329770962
271,constant,0.01,0.23031493891602273,0.006517893028901744,0.006517965722536017,7.269363427268166e-08,forward,1.047205032865026,forward,1.0475494834285575,0.0,0.0,0.0,1.000010000100001,1.000010000100001,9.999999999961955e-06,0.0,finite,0.0,0.006517893028901744,0.006517965722536017,7.269363427268166e-08,1.047205032865026,1.0475494834285575,0.04539115734459754,-5.033192957473505,finite,0.006517893028901744,0.2237969731934867
271,linear,0.0036900369003690036,0.3487785263096805,0.0368671032593082,0.03687550695757031,8.403698262111903e-06,reverse,1.0869565217391304,reverse,1.0883597229219897,0.0368671032593082,0.03687550695757031,8.403698262111903e-06,1.0869565217391304,1.0883597229219897,0.08118613824183478,0.03757259927526235,finite,0.03686710325930821,0.00773793933770242,0.007747119570843463,9.180233141043055e-06,1.031727258934357,1.0288184486726346,0.028011209081462016,-4.860434172980917,finite,0.00773793933770242,0.3119030193521102
272,constant,0.01,0.22861416454394753,0.0064032212544735305,0.0064032610974556195,3.984298208893622e-08,forward,1.047205032865026,forward,1.0474618322471019,0.0,0.0,0.0,1.000010000100001,1.000010000100001,9.999999999961955e-06,0.0,finite,0.0,0.0064032212544735305,0.0064032610974556195,3.984298208893622e-08,1.047205032865026,1.0474618322471019,0.04531127606366601,-5.050947871913794,finite,0.0064032212544735305,0.22221090344649191
272,linear,0.003676470588235294,0.34715415271498035,0.035690891269977265,0.03569108467559525,1.9340561798614209e-07,reverse,1.0869565217391304,reverse,1.086744139709653,0.035690891269977265,0.03569108467559525,1.9340561798614209e-07,1.0869565217391304,1.086744139709653,0.0798202047197866,0.03634358412390036,finite,0.035690891269977314,0.007607671405121649,0.007616833864567136,9.162459445486923e-06,1.0260613253795796,1.0287122920021785,0.02791090592132018,-4.877394498966659,finite,0.007607671405121649,0.3114630680393851
273,constant,0.01,0.22692543070941087,0.0062905669442461275,0.006290584088490669,1.7144244541383857e-08,forward,1.047205032865026,forward,1.0473746654604215,0.0,0.0,0.0,1.000010000100001,1.000010000100001,9.999999999961955e-06,0.0,finite,0.0,0.0062905669442461275,0.006290584088490669,1.7144244541383857e-08,1.047205032865026,1.0473746654604215,0.04523182297864318,-5.068701352725565,finite,0.0062905669442461275,0.2206348466209202
273,linear,0.003663003663003663,0.34554572600464806,0.0345121988461099,0.034526471656105034,1.4272809995136138e-05,reverse,1.0869565217391304,reverse,1.0851367281924538,0.0345121988461099,0.034526471656105034,1.4272809995136138e-05,1.0869565217391304,1.0851367281924538,0.07845714367651031,0.035136595051429964,finite,0.03451219884610993,0.007480401053751353,0.00748873844447243,8.337390721076775e-06,1.0260613253795796,1.0286069487822385,0.02781135089171423,-4.894354927618917,finite,0.007480401053751353,0.31101925434854305
274,constant,0.01,0.22524954574239714,0.006179894604203488,0.0061798986471823,4.042978811978626e-09,forward,1.047205032865026,forward,1.0472879540467324,0.0,0.0,0.0,1.000010000100001,1.000010000100001,9.999999999961955e-06,0.0,finite,0.0,0.006179894604203488,0.0061798986471823,4.042978811978626e-09,1.047205032865026,1.0472879540467324,0.045152771846569205,-5.086453407779335,finite,0.006179894604203488,0.21906964709521484
274,linear,0.0036496350364963502,0.34393063127959983,0.033331028048934175,0.03338165872260443,5.063067367025442e-05,reverse,1.0869565217391304,reverse,1.0835372715504958,0.033331028048934175,0.03338165872260443,5.063067367025442e-05,1.0869565217391304,1.0835372715504958,0.07709681405878875,0.03395154470731671,finite,0.033331028048934154,0.0073552312122565225,0.007362796509995913,7.56529773939061e-06,1.0260613253795796,1.0285023709999637,0.027712499070130604,-4.911315457810829,finite,0.0073552312122565225,0.31054897255699543
275,constant,0.01,0.2235797248797395,0.006071169364789308,0.006071169370886053,6.09674550428041e-12,forward,1.047205032865026,forward,1.0472017938924416,0.0,0.0,0.0,1.000010000100001,1.000010000100001,9.999999999961955e-06,0.0,finite,0.0,0.006071169364789308,0.006071169370886053,6.09674550428041e-12,1.047205032865026,1.0472017938924416,0.04507421030763608,-5.104204044872464,finite,0.006071169364789308,0.21750855550885345
275,linear,0.0036363636363636364,0.3423305629790846,0.032147380878578824,0.03225663563040454,0.00010925475182571587,reverse,1.0869565217391304,reverse,1.0819458630735963,0.032147380878578824,0.03225663563040454,0.00010925475182571587,1.0869565217391304,1.0819458630735963,0.07573933767887804,0.032788346308832275,finite,0.032147380878578775,0.007232128006349466,0.007238971878280344,6.843871930877626e-06,1.0260613253795796,1.0283984666463795,0.02761426389421532,-4.9282760884306684,finite,0.007232128006349466,0.31007392734868006
276,constant,0.01,0.22192573357158335,0.005964356969920675,0.005964361491057535,4.521136860724528e-09,forward,1.047205032865026,forward,1.047116008984258,0.0,0.0,0.0,1.000010000100001,1.000010000100001,9.999999999961955e-06,0.0,finite,0.0,0.005964356969920675,0.005964361491057535,4.521136860724528e-09,1.047205032865026,1.047116008984258,0.044995978076929864,-5.121953271733804,finite,0.005964356969920675,0.21596137208052582
276,linear,0.0036231884057971015,0.34072870036508596,0.030961259274931208,0.031151391074607827,0.0001901317996766197,reverse,1.0869565217391304,reverse,1.0803623111302856,0.030961259274931208,0.031151391074607827,0.0001901317996766197,1.0869565217391304,1.0803623111302856,0.0743845933001954,0.03164691363634708,finite,0.030961259274931232,0.00711105808486548,0.007117228973765512,6.1708889000323605e-06,1.0260613253795796,1.0282953967229211,0.027516798006774867,-4.945236818389855,finite,0.00711105808486548,0.3095773092904781
277,constant,0.01,0.22027624397276996,0.005859423766194972,0.005859440861811614,1.7095616641933653e-08,forward,1.047205032865026,forward,1.0470307812141841,0.0,0.0,0.0,1.000010000100001,1.000010000100001,9.999999999961955e-06,0.0,finite,0.0,0.005859423766194972,0.005859440861811614,1.7095616641933653e-08,1.047205032865026,1.0470307812141841,0.04491824123799402,-5.139701096018722,finite,0.005859423766194972,0.21441680311095834
277,linear,0.0036101083032490976,0.339132298830171,0.02977801156265858,0.030065912697972794,0.0002879011353142148,reverse,1.0707512486174096,reverse,1.0787864923046357,0.02977801156265858,0.030065912697972794,0.0002879011353142148,1.0707512486174096,1.0787864923046357,0.07303251650502457,0.030527161028521807,finite,0.029778011562658625,0.006991988612404605,0.006997532818124866,5.544205720261694e-06,1.0260613253795796,1.0281930120577973,0.0274199607730972,-4.962197646607119,finite,0.006991988612404605,0.30906638613219817
278,constant,0.01,0.21863570151509343,0.005756336692286729,0.005756373948606685,3.7256319956185946e-08,forward,1.047205032865026,forward,1.0469460151180208,0.0,0.0,0.0,1.000010000100001,1.000010000100001,9.999999999961955e-06,0.0,finite,0.0,0.005756336692286729,0.005756373948606685,3.7256319956185946e-08,1.047205032865026,1.0469460151180208,0.04484091294117847,-5.157447525318361,finite,0.005756336692286729,0.21287932756648675
278,linear,0.0035971223021582736,0.33754429438285366,0.028812821380381548,0.02900018709880254,0.0001873657184209912,reverse,1.0707512486174096,reverse,1.0772185701012662,0.028812821380381548,0.02900018709880254,0.0001873657184209912,1.0707512486174096,1.0772185701012662,0.07168328902277202,0.029429003377548047,finite,0.02881282138038157,0.0068748872620526275,0.006879849020164016,4.961758111388277e-06,1.0260613253795796,1.0280914440359032,0.027323876877748034,-4.9791585720212765,finite,0.0068748872620526275,0.30854410728405113
279,constant,0.01,0.21701413245576395,0.005655063268530958,0.005655127817240288,6.454870932984941e-08,forward,1.047205032865026,forward,1.0468615729342257,0.0,0.0,0.0,1.000010000100001,1.000010000100001,9.999999999961955e-06,0.0,finite,0.0,0.005655063268530958,0.005655127817240288,6.454870932984941e-08,1.047205032865026,1.0468615729342257,0.044763867683936795,-5.17519256715131,finite,0.005655063268530958,0.21135900463852367
279,linear,0.0035842293906810036,0.33595172474733126,0.027845839836300512,0.027954199838780683,0.00010836000248017064,reverse,1.0707512486174096,reverse,1.0756582139920337,0.027845839836300512,0.027954199838780683,0.00010836000248017064,1.0707512486174096,1.0756582139920337,0.070336667361324,0.028352356124359813,finite,0.027845839836300543,0.006759722208181239,0.006764143766031708,4.421557850469056e-06,1.0260613253795796,1.027990592180883,0.02722845169380481,-4.996119593583904,finite,0.006759722208181239,0.3079975249085506
280,constant,0.01,0.21539339575533276,0.005555571586689795,0.005555670122954544,9.853626474834454e-08,forward,1.047205032865026,forward,1.0467776135640332,0.0,0.0,0.0,1.000010000100001,1.000010000100001,9.999999999961955e-06,0.0,finite,0.0,0.005555571586689795,0.005555670122954544,9.853626474834454e-08,1.047205032865026,1.0467776135640332,0.044687250623144596,-5.192936228971026,finite,0.005555571586689795,0.2098377256323782
280,linear,0.0035714285714285713,0.3343777271086306,0.02687706944602697,0.026927935451147807,5.086600512083789e-05,reverse,1.0707512486174096,reverse,1.0741055440206773,0.02687706944602697,0.026927935451147807,5.086600512083789e-05,1.0707512486174096,1.0741055440206773,0.06899279538515328,0.027297135254221064,finite,0.026877069446026945,0.006646462119327467,0.006650383809498492,3.921690171024977e-06,1.0260613253795796,1.0278903834944468,0.02713361652400114,-5.013080710265803,finite,0.006646462119327467,0.3074497916574828
281,constant,0.01,0.21378434895571455,0.005457830299899142,0.005457969099806435,1.3879990729253472e-07,forward,1.047205032865026,forward,1.0466942689967558,0.0,0.0,0.0,1.000010000100001,1.000010000100001,9.999999999961955e-06,0.0,finite,0.0,0.005457830299899142,0.005457969099806435,1.3879990729253472e-07,1.047205032865026,1.0466942689967558,0.044611182443476706,-5.210678518161918,finite,0.005457830299899142,0.2083263798559081
281,linear,0.0035587188612099642,0.332792369363279,0.02590651267715549,0.025921377448431357,1.486477127586594e-05,reverse,1.0707512486174096,reverse,1.0725603876729952,0.02590651267715549,0.025921377448431357,1.486477127586594e-05,1.0707512486174096,1.0725603876729952,0.06765156396500963,0.026263257291879265,finite,0.02590651267715548,0.006535076151152339,0.006538536462503586,3.460311351247136e-06,1.0260613253795796,1.0277909212565244,0.02703946948913374,-5.030041921047874,finite,0.006535076151152339,0.3068709919148476
282,constant,0.01,0.2121899052113886,0.0053618086127922345,0.005361993550160235,1.8493736800035548e-07,forward,1.047205032865026,forward,1.0466112098212599,0.0,0.0,0.0,1.000010000100001,1.000010000100001,9.999999999961955e-06,0.0,finite,0.0,0.0053618086127922345,0.005361993550160235,1.8493736800035548e-07,1.047205032865026,1.0466112098212599,0.04453536268660839,-5.228419442048572,finite,0.0053618086127922345,0.20682791166122838
282,linear,0.0035460992907801418,0.3312287417930313,0.024934171949942296,0.02493450833058435,3.3638064205268603e-07,reverse,1.0707512486174096,reverse,1.0710227830884391,0.024934171949942296,0.02493450833058435,3.3638064205268603e-07,1.0707512486174096,1.0710227830884391,0.0663130460060199,0.025250639297166238,finite,0.02493417194994235,0.006425533939478764,0.00642856958572138,3.0356462426160344e-06,1.0260613253795796,1.0276921757517117,0.026945982858589037,-5.047003224932735,finite,0.006425533939478764,0.30629423346244694
283,constant,0.01,0.2105993148710415,0.005267476271796917,0.005267712834484005,2.365626870885762e-07,forward,1.047205032865026,forward,1.0465286948277128,0.0,0.0,0.0,1.000010000100001,1.000010000100001,9.999999999961955e-06,0.0,finite,0.0,0.005267476271796917,0.005267712834484005,2.365626870885762e-07,1.047205032865026,1.0465286948277128,0.04446002776385661,-5.246159007884542,finite,0.005267476271796917,0.20533160203655748
283,linear,0.0035335689045936395,0.3296584666384929,0.023960049637970937,0.02396730959290808,7.259954937142293e-06,reverse,1.0707512486174096,reverse,1.0694926001089804,0.023960049637970937,0.02396730959290808,7.259954937142293e-06,1.0707512486174096,1.0694926001089804,0.06497716777273553,0.024259198860403692,finite,0.02396004963797093,0.006317805593408528,0.006320451579511574,2.645986103045478e-06,1.0260613253795796,1.0275942026344849,0.02685320972397519,-5.063964620921613,finite,0.006317805593408528,0.3056911570455848
284,constant,0.01,0.2090228027376486,0.005174803555603658,0.005175096861221198,2.9330561754012385e-07,forward,1.047205032865026,forward,1.0464465539469647,0.0,0.0,0.0,1.000010000100001,1.000010000100001,9.999999999961955e-06,0.0,finite,0.0,0.005174803555603658,0.005175096861221198,2.9330561754012385e-07,1.047205032865026,1.0464465539469647,0.04438502260032165,-5.263897222861675,finite,0.005174803555603658,0.2038477058764274
284,linear,0.0035211267605633804,0.328097831602748,0.02298414806880633,0.023019761734108354,3.561366530202212e-05,reverse,1.0707512486174096,reverse,1.0679697711946967,0.02298414806880633,0.023019761734108354,3.561366530202212e-05,1.0707512486174096,1.0679697711946967,0.06364390924535387,0.023288854097973443,finite,0.022984148068806352,0.0062118616885182614,0.006214151374650885,2.2896861326237444e-06,1.0260613253795796,1.027496837357782,0.026760994640616518,-5.080926108048753,finite,0.0062118616885182614,0.30507806986863967
285,constant,0.01,0.2074525910994113,0.00508376126580123,0.005084116076898082,3.548110968521617e-07,forward,1.047205032865026,forward,1.046364951422156,0.0,0.0,0.0,1.000010000100001,1.000010000100001,9.999999999961955e-06,0.0,finite,0.0,0.00508376126580123,0.005084116076898082,3.548110968521617e-07,1.047205032865026,1.046364951422156,0.04431049736436549,-5.2816340941102835,finite,0.00508376126580123,0.20236847502251323
285,linear,0.0035087719298245615,0.3265427198112125,0.022006469524636807,0.02209184426423451,8.53747395977017e-05,reverse,1.0707512486174096,reverse,1.066454276706138,0.022006469524636807,0.02209184426423451,8.53747395977017e-05,1.0707512486174096,1.066454276706138,0.062313291959772824,0.02233952364779548,finite,0.02200646952463681,0.006107673260134179,0.006109638423642893,1.9651635087139865e-06,1.0260613253795796,1.0274001645770545,0.026669418131088522,-5.097887685349562,finite,0.006107673260134179,0.30445087554697803
286,constant,0.01,0.20589326206835917,0.004994320717677188,0.004994741456440597,4.20738763409062e-07,forward,1.047205032865026,forward,1.0462835642577129,0.0,0.0,0.0,1.000010000100001,1.000010000100001,9.999999999961955e-06,0.0,finite,0.0,0.004994320717677188,0.004994741456440597,4.20738763409062e-07,1.047205032865026,1.0462835642577129,0.044236157231953344,-5.299369628693593,finite,0.004994320717677188,0.20089852061191857
286,linear,0.0034965034965034965,0.3249860040197451,0.021027016242904484,0.02118353571292513,0.00015651947002064473,reverse,1.0707512486174096,reverse,1.0649459610634417,0.021027016242904484,0.02118353571292513,0.00015651947002064473,1.0707512486174096,1.0649459610634417,0.060985217502104505,0.021411126665148404,finite,0.021027016242904515,0.006005211796685502,0.006006882691869433,1.6708951839309455e-06,1.0260613253795796,1.027304171652491,0.026578468584012856,-5.1148493518765585,finite,0.006005211796685502,0.30380246830681995
287,constant,0.01,0.20434823725427412,0.004906453731180153,0.004906944493583857,4.907624037040967e-07,forward,1.047205032865026,forward,1.0462027499662292,0.0,0.0,0.0,1.000010000100001,1.000010000100001,9.999999999961955e-06,0.0,finite,0.0,0.004906453731180153,0.004906944493583857,4.907624037040967e-07,1.047205032865026,1.0462027499662292,0.04416232892498181,-5.317103833618834,finite,0.004906453731180153,0.19944129276069025
287,linear,0.003484320557491289,0.32344505596577916,0.02014041338949213,0.02029481363716736,0.00015440024767523,reverse,1.0577263889117783,reverse,1.063444901173344,0.02014041338949213,0.02029481363716736,0.00015440024767523,1.0577263889117783,1.063444901173344,0.059659791591781086,0.02050358281802119,finite,0.020140413389492157,0.005904449233136187,0.005905854649008976,1.4054158727887928e-06,1.0260613253795796,1.027208838458816,0.02648812728250957,-5.131811106696581,finite,0.005904449233136187,0.3031502423286118
288,constant,0.01,0.20280455748270967,0.004820132622041126,0.004820697191555498,5.645695143720666e-07,forward,1.047205032865026,forward,1.0461223254451026,0.0,0.0,0.0,1.000010000100001,1.000010000100001,9.999999999961955e-06,0.0,finite,0.0,0.004820132622041126,0.004820697191555498,5.645695143720666e-07,1.047205032865026,1.0461223254451026,0.044088845370428925,-5.334836715828854,finite,0.004820132622041126,0.19798386029115417
288,linear,0.003472222222222222,0.3218958634588342,0.01934102605055843,0.019425654629581124,8.462857902269416e-05,reverse,1.0577263889117783,reverse,1.0619510057433967,0.01934102605055843,0.019425654629581124,8.462857902269416e-05,1.0577263889117783,1.0619510057433967,0.05833697167604189,0.019616812283031346,finite,0.019341026050558468,0.00580535794449479,0.005806525260595334,1.1673161005440122e-06,1.0260613253795796,1.0271141940967612,0.026398422154612907,-5.148772948888315,finite,0.00580535794449479,0.3024702088292531
289,constant,0.01,0.20127450809868316,0.004735330193050985,0.004735972053866092,6.418608151067054e-07,forward,1.047205032865026,forward,1.0460423220041042,0.0,0.0,0.0,1.000010000100001,1.000010000100001,9.999999999961955e-06,0.0,finite,0.0,0.004735330193050985,0.004735972053866092,6.418608151067054e-07,1.047205032865026,1.0460423220041042,0.04401573534414173,-5.352568282206252,finite,0.004735330193050985,0.19653853604481708
289,linear,0.0034602076124567475,0.3203654879288871,0.01854034076730282,0.018576034326351222,3.569355904840116e-05,reverse,1.0577263889117783,reverse,1.060464125270777,0.01854034076730282,0.018576034326351222,3.569355904840116e-05,1.0577263889117783,1.060464125270777,0.05701666263848217,0.018750735741013,finite,0.01854034076730283,0.005707910739402106,0.005708865979691893,9.552402897875997e-07,1.0260613253795796,1.0270202252836014,0.026309340963699093,-5.165734877544105,finite,0.005707910739402106,0.30178945360253584
290,constant,0.01,0.1997588258538623,0.00465201972549148,0.004652742075281667,7.22349790187142e-07,forward,1.047205032865026,forward,1.0459627004212237,0.0,0.0,0.0,1.000010000100001,1.000010000100001,9.999999999961955e-06,0.0,finite,0.0,0.00465201972549148,0.004652742075281667,7.22349790187142e-07,1.047205032865026,1.0459627004212237,0.04394296316944564,-5.370298539574865,finite,0.00465201972549148,0.19510608377858063
290,linear,0.0034482758620689655,0.3188275963294754,0.017738359890942523,0.01774592741554116,7.567524598635356e-06,reverse,1.0577263889117783,reverse,1.0589843199293572,0.017738359890942523,0.01774592741554116,7.567524598635356e-06,1.0577263889117783,1.0589843199293572,0.05569895495080775,0.017905274373024735,finite,0.017738359890942492,0.005612080853796324,0.005612848738732038,7.678849357145925e-07,1.0260613253795796,1.0269268442486323,0.02622080082864501,-5.1826968917671525,finite,0.005612080853796324,0.30108166891393423
291,constant,0.01,0.1982439747255471,0.004570174970716938,0.004570980732960081,8.057622431431599e-07,forward,1.047205032865026,forward,1.0458835743143169,0.0,0.0,0.0,1.000010000100001,1.000010000100001,9.999999999961955e-06,0.0,finite,0.0,0.004570174970716938,0.004570980732960081,8.057622431431599e-07,1.047205032865026,1.0458835743143169,0.043870632870774584,-5.388027494701557,finite,0.004570174970716938,0.19367299399258703
291,linear,0.003436426116838488,0.3173040692775777,0.016935085736857758,0.01693530764488516,2.2190802740143512e-07,reverse,1.0577263889117783,reverse,1.0575114748206333,0.016935085736857758,0.01693530764488516,2.2190802740143512e-07,1.0577263889117783,1.0575114748206333,0.054383783240165656,0.017080349855856294,finite,0.016935085736857803,0.005517841944655281,0.005518445941463974,6.039968086929415e-07,1.0260613253795796,1.0268341869921733,0.026132931034149383,-5.199658990674286,finite,0.005517841944655281,0.30036876163269255
292,constant,0.01,0.19674386044176692,0.004489770141884112,0.004490661977780425,8.918358963133644e-07,forward,1.047205032865026,forward,1.0458047825401153,0.0,0.0,0.0,1.000010000100001,1.000010000100001,9.999999999961955e-06,0.0,finite,0.0,0.004489770141884112,0.004490661977780425,8.918358963133644e-07,1.047205032865026,1.0458047825401153,0.043798597314559935,-5.405755154291166,finite,0.004489770141884112,0.1922531984639865
292,linear,0.003424657534246575,0.3157796737510629,0.016130520585087016,0.016144147830093346,1.3627245006329891e-05,reverse,1.0577263889117783,reverse,1.0560454593512068,0.016130520585087016,0.016144147830093346,1.3627245006329891e-05,1.0577263889117783,1.0560454593512068,0.05307106702171606,0.016275884358089656,finite,0.016130520585087002,0.005425168083815467,0.005425630455067616,4.62371252149367e-07,1.0260613253795796,1.0267420585420335,0.026045546999415893,-5.216621173392122,finite,0.005425168083815467,0.2996355259209696
293,constant,0.01,0.19525363290224587,0.004410779905827509,0.004411760225776962,9.803199494534676e-07,forward,1.047205032865026,forward,1.0457264308361496,0.0,0.0,0.0,1.000010000100001,1.000010000100001,9.999999999961955e-06,0.0,finite,0.0,0.004410779905827509,0.004411760225776962,9.803199494534676e-07,1.047205032865026,1.0457264308361496,0.043726953329072275,-5.423481524993114,finite,0.004410779905827509,0.1908418726764689
293,linear,0.0034129692832764505,0.3142609519202972,0.015324666680812782,0.015372419862849903,4.7753182037120825e-05,reverse,1.0577263889117783,reverse,1.05458640343579,0.015324666680812782,0.015372419862849903,4.7753182037120825e-05,1.0577263889117783,1.05458640343579,0.05176095885358483,0.015491800535879003,finite,0.015324666680812801,0.0053340337518674045,0.005334375602349715,3.4185048231050175e-07,1.0260613253795796,1.0266506868427827,0.025958865254101703,-5.233583439062958,finite,0.0053340337518674045,0.29888853205744725
294,constant,0.01,0.19376887554718894,0.004333179375077655,0.004334250349759232,1.0709746815773524e-06,forward,1.047205032865026,forward,1.0456484496629188,0.0,0.0,0.0,1.000010000100001,1.000010000100001,9.999999999961955e-06,0.0,finite,0.0,0.004333179375077655,0.004334250349759232,1.0709746815773524e-06,1.047205032865026,1.0456484496629188,0.043655637492346834,-5.441206613401682,finite,0.004333179375077655,0.1894346251974297
294,linear,0.003401360544217687,0.312750261282171,0.014517526234839484,0.014620094719098604,0.00010256848425911971,reverse,1.0577263889117783,reverse,1.0531340276528154,0.014517526234839484,0.014620094719098604,0.00010256848425911971,1.0577263889117783,1.0531340276528154,0.05045324361158328,0.014728021529054995,finite,0.014517526234839456,0.0052444138321269314,0.005244655154131422,2.4132200449056285e-07,1.0260613253795796,1.0265598669287586,0.025872691680632262,-5.250545786839398,finite,0.0052444138321269314,0.2981301665630724
295,constant,0.01,0.19229888711945597,0.004256944100019817,0.0042581076711028796,1.1635710830629892e-06,forward,1.047205032865026,forward,1.0455708788152849,0.0,0.0,0.0,1.000010000100001,1.000010000100001,9.999999999961955e-06,0.0,finite,0.0,0.004256944100019817,0.0042581076711028796,1.1635710830629892e-06,1.047205032865026,1.0455708788152849,0.04358468635519036,-5.458930426052048,finite,0.004256944100019817,0.1880407794483531
295,linear,0.003389830508474576,0.3112363902018328,0.013788007445282857,0.01388714246692168,9.913502163882287e-05,reverse,1.047205032865026,reverse,1.051688369485836,0.013788007445282857,0.01388714246692168,9.913502163882287e-05,1.047205032865026,1.051688369485836,0.04914799001828483,0.013984470956848438,finite,0.01378800744528283,0.0051562836046819445,0.005156443321716109,1.5971703416425842e-07,1.0260613253795796,1.0264696146752799,0.02578704161998358,-5.267508215887659,finite,0.0051562836046819445,0.2973492477349111
296,constant,0.01,0.1908316443935266,0.00418205006119064,0.0041833079516396515,1.2578904490115686e-06,forward,1.047205032865026,forward,1.045493711825939,0.0,0.0,0.0,1.000010000100001,1.000010000100001,9.999999999961955e-06,0.0,finite,0.0,0.00418205006119064,0.0041833079516396515,1.2578904490115686e-06,1.047205032865026,1.045493711825939,0.04351409416560244,-5.476652969427995,finite,0.00418205006119064,0.18664833644188694
296,linear,0.0033783783783783786,0.30973964772165996,0.013127633387664983,0.013173532274903869,4.5898887238885605e-05,reverse,1.047205032865026,reverse,1.0502494829562425,0.013127633387664983,0.013173532274903869,4.5898887238885605e-05,1.047205032865026,1.0502494829562425,0.04784528226074475,0.013261072914139688,finite,0.013127633387664962,0.005069618740514238,0.005069714749560545,9.6009046306883e-08,1.0260613253795796,1.0263800644711554,0.025702042921836924,-5.284470725375928,finite,0.005069618740514238,0.2965661154467561
297,constant,0.01,0.18937838179169308,0.004108473661710342,0.0041098273857560885,1.3537240457460464e-06,forward,1.047205032865026,forward,1.0454169027378464,0.0,0.0,0.0,1.000010000100001,1.000010000100001,9.999999999961955e-06,0.0,finite,0.0,0.004108473661710342,0.0041098273857560885,1.3537240457460464e-06,1.047205032865026,1.0454169027378464,0.04344381903420913,-5.4943742499554515,finite,0.004108473661710342,0.185268554405937
297,linear,0.003367003367003367,0.30823391778110265,0.012466309064661396,0.012479232420071002,1.2923355409606013e-05,reverse,1.047205032865026,reverse,1.0488172641029736,0.012466309064661396,0.012479232420071002,1.2923355409606013e-05,1.047205032865026,1.0488172641029736,0.046545061541035604,0.012557751967309563,finite,0.012466309064661398,0.004984395295695783,0.004984444507901606,4.921220582345537e-08,1.0260613253795796,1.0262910733612383,0.025617560206512794,-5.301433314495254,finite,0.004984395295695783,0.29575468536103167
298,constant,0.01,0.1879371426842834,0.004036191719848021,0.004037642592594386,1.450872746364823e-06,forward,1.047205032865026,forward,1.0453405228851749,0.0,0.0,0.0,1.000010000100001,1.000010000100001,9.999999999961955e-06,0.0,finite,0.0,0.004036191719848021,0.004037642592594386,1.450872746364823e-06,1.047205032865026,1.0453405228851749,0.043373926383369746,-5.5120942740057535,finite,0.004036191719848021,0.183899500091689
298,linear,0.003355704697986577,0.3067480140699027,0.011804036576691712,0.011804210296183086,1.737194913736112e-07,reverse,1.047205032865026,reverse,1.0473916416322075,0.011804036576691712,0.011804210296183086,1.737194913736112e-07,1.047205032865026,1.0473916416322075,0.04524729790506483,0.011874433150483612,finite,0.01180403657669167,0.004900589705659128,0.004900608085699144,1.8380040016016674e-08,1.0260613253795796,1.0262027281098423,0.025533676136395532,-5.318395982442941,finite,0.004900589705659128,0.29494380377371965
299,constant,0.01,0.18649571599288897,0.003965181461717807,0.003966730608391546,1.5491466737391213e-06,forward,1.047205032865026,forward,1.0452645494599544,0.0,0.0,0.0,1.000010000100001,1.000010000100001,9.999999999961955e-06,0.0,finite,0.0,0.003965181461717807,0.003966730608391546,1.5491466737391213e-06,1.047205032865026,1.0452645494599544,0.043304395507664274,-5.52981304790011,finite,0.003965181461717807,0.18252898538449744
299,linear,0.0033444816053511705,0.305255507561089,0.011140817996624586,0.011148432421843811,7.614425219225687e-06,reverse,1.047205032865026,reverse,1.045972437994616,0.011140817996624586,0.011148432421843811,7.614425219225687e-06,1.047205032865026,1.045972437994616,0.04395186366741783,0.011211041961624259,finite,0.011140817996624575,0.004818178779541302,0.004818181383599317,2.6040580143604775e-09,1.0260613253795796,1.0261148732468381,0.025450243367202478,-5.335358728424758,finite,0.004818178779541302,0.29410707513924517
300,constant,0.01,0.18507157617330072,0.003895420514103475,0.003897068878998322,1.6483648948469043e-06,forward,1.047205032865026,forward,1.0451889436680861,0.0,0.0,0.0,1.000010000100001,1.000010000100001,9.999999999961955e-06,0.0,finite,0.0,0.003895420514103475,0.003897068878998322,1.6483648948469043e-06,1.047205032865026,1.0451889436680861,0.04323519105502175,-5.547530577904083,finite,0.003895420514103475,0.1811745072943024
300,linear,0.0033333333333333335,0.3037754288874821,0.01047665537015019,0.010511864448540057,3.52090783898671e-05,reverse,1.047205032865026,reverse,1.0445597585225568,0.01047665537015019,0.010511864448540057,3.52090783898671e-05,1.047205032865026,1.0445597585225568,0.042658888741399434,0.010567504358586926,finite,0.010476655370150223,0.004737139694600666,0.0047371407070008744,1.0124002088052197e-09,1.0260613253795796,1.0260276072136931,0.025367355644917263,-5.352321551660504,finite,0.004737139694600666,0.293263564438942
