n,regime,epsilon,minimax,achievability,converse,converse_reverse,converse_forward,achievability_lambda,converse_reverse_lambda,converse_forward_lambda,lp_objective,worst_type_i,worst_type_i_s,worst_type_ii,worst_type_ii_t,lp_iterations,active_null_constraints,active_alternative_constraints,achievability_type_i,achievability_worst_s,achievability_worst_t,achievability_eta,achievability_threshold,projection_s,projection_t,projection_D,achievability_minus_minimax,minimax_minus_converse,type_count
1,constant,0.01,0.987766202,0.9877662020000001,0.987766202,0.987766202,0.9490092592151418,0.001,inf,1.8181818181818181,0.987766202,0.010000000000000078,1.0,0.987766202,0.0,1.0,17.0,17.0,0.01,1.0,0.0,0.028571428571428577,0.22897516795960732,1.0,0.44678324054271057,1.697483024924677e-05,1.1102230246251565e-16,0.0,3
1,linear,1.0,0.0,0.0,0.0,0.0,0.0,0.001,1.000010000100001,1.000010000100001,0.0,1.0,0.0,0.0,0.0,0.0,0.0,0.0,1.0,0.0,0.0,0.0,-inf,1.0,0.44678324054271057,1.697483024924677e-05,0.0,0.0,3
2,constant,0.01,0.9850334186495197,0.9850334186495199,0.9850334186495195,0.9850334186495195,0.9231352681485233,0.001,inf,1.5625000000000002,0.9850334186495197,0.010000000000000037,1.0,0.9850334186495197,0.0,1.0,17.0,17.0,0.01,1.0,0.0,0.08163265306122451,0.45795033591921464,1.0,0.44678324054271057,1.697483024924677e-05,2.220446049250313e-16,1.1102230246251565e-16,6
2,linear,0.5,0.396994783288868,0.4103304656444795,0.3755277664940007,0.34224100925109924,0.3755277664940007,0.001,4.76190476190476,10.000000000000002,0.396994783288868,0.5000000000000001,1.0,0.39699478328886806,0.0,1.0,17.0,17.0,0.5,1.0,1.0,0.6645021645021646,0.056765994894680843,1.0,0.44678324054271057,1.697483024924677e-05,0.0133356823556115,0.02146701679486729,6
3,constant,0.01,0.9816901867007649,0.9816901867007657,0.9816901867007656,0.9816901867007656,0.9001925578637914,0.001,inf,1.4492753623188408,0.9816901867007649,0.010000000000000175,1.0,0.981690186700765,0.0,1.0,17.0,17.0,0.01,1.0,0.0,0.23323615160349856,0.686925503878822,1.0,0.44678324054271057,1.697483024924677e-05,7.771561172376096e-16,-6.661338147750939e-16,10
3,linear,0.3333333333333333,0.5400037668641167,0.5476786496654817,0.49084244975373026,0.49084244975373026,0.4882594917750735,0.001,4.999999999999998,4.545454545454546,0.5400037668641167,0.33333333333333337,1.0,0.5400037680628996,0.48269157061228907,8.0,17.0,24.0,0.33333333333333337,1.0,1.0,0.4797557043650797,-0.022816069543601047,1.0,0.44678324054271057,1.697483024924677e-05,0.007674882801365079,0.049161317110386404,10
4,constant,0.01,0.9776001442679447,0.9776001442679454,0.9776001442679452,0.9776001442679452,0.8789592366880301,0.001,inf,1.3888888888888888,0.9776001442679447,0.010000000000000403,1.0,0.9776001442679443,0.0,1.0,17.0,17.0,0.01,1.0,0.0,0.6663890045814248,0.9159006718384293,1.0,0.44678324054271057,1.697483024924677e-05,6.661338147750939e-16,-4.440892098500626e-16,15
4,linear,0.25,0.6253542760004445,0.6642658618922982,0.5673531100889875,0.5673531100889875,0.5398023364073488,0.001,4.76190476190476,3.333333333333333,0.6253542760004445,0.25,1.0,0.625354276874967,0.4825935049248505,9.0,17.0,25.0,0.25,1.0,1.0,0.3108556869717585,0.159845544102684,1.0,0.44678324054271057,1.697483024924677e-05,0.03891158589185373,0.05800116591145699,15
5,constant,0.01,0.9733479544584683,0.9733479544584686,0.9728320950659215,0.9728320950659215,0.8589385325338,0.001,58.34600886166606,1.3513513513513513,0.9733479544584683,0.010000000000000018,1.0,0.9733479544584679,0.0,1.0,17.0,17.0,0.01,1.0,0.0,0.19774312786339046,0.7900050530868251,1.0,0.44678324054271057,1.697483024924677e-05,2.220446049250313e-16,0.0005158593925468358,21
5,linear,0.2,0.6632255709470057,0.6815870971475848,0.6134710143834408,0.6134710143834408,0.5662923686648017,0.001,4.545454545454546,2.7777777777777777,0.6632255709470057,0.20000000000000023,1.0,0.6632255715621062,0.18246761347075635,6.0,17.0,22.0,0.2,1.0,1.0,0.24676127830116804,0.34250715774896906,1.0,0.44678324054271057,1.697483024924677e-05,0.01836152620057907,0.04975455656356498,21
6,constant,0.01,0.9707473689674382,0.9746475486689256,0.9674618393024703,0.9674618393024703,0.8398449235500067,0.001,34.91221794698342,1.3157894736842106,0.9707473689674382,0.010000000000000451,1.0,0.9707473689674379,1.0,1.0,17.0,17.0,0.01,1.0,1.0,0.8093586377699772,1.0189802210464323,1.0,0.44678324054271057,1.697483024924677e-05,0.003900179701487372,0.003285529664967868,28
6,linear,0.16666666666666666,0.6967437017886704,0.7112301787429215,0.6439552495304851,0.6439552495304851,0.5801970971695264,0.001,4.347826086956522,2.4390243902439024,0.6967437017886704,0.16666666666666685,1.0,0.6967437026854767,0.4825797557386409,9.0,17.0,25.0,0.16666666666666666,1.0,1.0,0.24323271454370024,0.2629250933106872,1.0,0.44678324054271057,1.697483024924677e-05,0.014486476954251093,0.05278845225818529,28
7,constant,0.01,0.9670688492567686,0.9690794028014663,0.9627752342004751,0.9627752342004751,0.8215630771115072,0.001,8.333333333333334,1.2987012987012987,0.9670688492567686,0.009999999999999974,1.0,0.9670688510059707,0.29139868794437807,5.0,17.0,21.0,0.009999999999999998,1.0,0.0,0.08787601586605147,0.8930846022948282,1.0,0.44678324054271057,1.697483024924677e-05,0.002010553544697702,0.004293615056293554,36
7,linear,0.14285714285714285,0.7186235200858947,0.7490373545877012,0.6653124674159441,0.6653124674159441,0.586954535693648,0.001,4.166666666666667,2.2222222222222223,0.7186235200858947,0.14285714285714227,1.0,0.7186235220712969,0.48250198759931345,8.0,17.0,24.0,0.14285714285714285,1.0,1.0,0.30586654493850335,0.4455867069569722,1.0,0.44678324054271057,1.697483024924677e-05,0.030413834501806458,0.05331105266995062,36
8,constant,0.01,0.9650309040837114,0.9696426741695359,0.9587934136253012,0.9587934136253012,0.8039447674031163,0.001,7.142857142857142,1.282051282051282,0.9650309040837114,0.009999999999999771,1.0,0.9650309054892867,0.48307797012452275,7.0,17.0,23.0,0.010000000000000002,1.0,1.0,0.106569643107586,1.0757462159411133,1.0,0.44678324054271057,1.697483024924677e-05,0.004611770085824474,0.006237490458410155,45
8,linear,0.125,0.7304513320845086,0.7305610841247977,0.6808632697196935,0.6808632697196935,0.5892682970487714,0.001,4.0,2.0408163265306123,0.7304513320845086,0.12499999999999978,1.0,0.7304513326748109,0.482501611455923,9.0,17.0,25.0,0.125,1.0,0.537783609703183,0.17375140409521045,0.36600464251869025,1.0,0.44678324054271057,1.697483024924677e-05,0.00010975204028906838,0.049588062364815166,45
9,constant,0.01,0.9614503967420583,0.964473703535051,0.954892645941277,0.954892645941277,0.7869315748961426,0.001,6.249999999999999,1.2658227848101264,0.9614503967420583,0.009999999999999627,1.0,0.9614503983631169,0.1815228983560649,5.0,17.0,21.0,0.010000000000000002,1.0,0.0,0.5313235103422544,1.2584078295873984,1.0,0.44678324054271057,1.697483024924677e-05,0.003023306792992675,0.006557750800781359,55
9,linear,0.1111111111111111,0.747800781663298,0.7744666863158435,0.6924802355422102,0.6924802355422102,0.588713367980261,0.001,3.846153846153846,1.923076923076923,0.747800781663298,0.11111111111111108,1.0,0.74780078238229,0.48256213653580504,9.0,17.0,25.0,0.1111111111111111,1.0,1.0,0.49594183062801944,0.5486662561649753,1.0,0.44678324054271057,1.697483024924677e-05,0.02666590465254548,0.05532054612108783,55
10,constant,0.01,0.9594654014016932,0.9624921947935149,0.9510049503399017,0.9510049503399017,0.7704659829664141,0.001,5.882352941176469,1.25,0.9594654014016932,0.009999999999999197,1.0,0.9594654019329545,0.48283664932339176,8.0,17.0,24.0,0.01,1.0,1.0,0.3384217081250136,1.1788257651491165,1.0,0.44678324054271057,1.697483024924677e-05,0.0030267933918216583,0.008460451061791496,66
10,linear,0.1,0.7520390409523334,0.7565010310694393,0.7012990089635186,0.7012990089635186,0.5861609206019669,0.001,3.7037037037037033,1.8181818181818181,0.7520390409523334,0.09999999999999995,1.0,0.7520390419568969,0.40003572307474267,8.0,17.0,24.0,0.1,1.0,0.07770696288207546,0.027285345540719107,0.46908419172669336,1.0,0.44678324054271057,1.697483024924677e-05,0.004461990117105907,0.05074003198881483,66
11,constant,0.01,0.955947259710399,0.9585934025730021,0.9471122468974836,0.9471122468974836,0.7544904299928666,0.001,5.263157894736841,1.2345679012345678,0.955947259710399,0.009999999999999554,1.0,0.9559472604546405,0.32170768058232013,5.0,17.0,21.0,0.01,1.0,0.0,0.7664915652566877,1.3614873787954014,1.0,0.44678324054271057,1.697483024924677e-05,0.002646142862603118,0.008835012812915322,78
11,linear,0.09090909090909091,0.7648039769089541,0.7870493814793507,0.7080475241783764,0.7080475241783764,0.582236178567856,0.001,3.571428571428571,1.7543859649122808,0.7648039769089541,0.09090909090909045,1.0,0.764803977682425,0.48258368882188063,9.0,17.0,25.0,0.09090909090909091,1.0,1.0,0.7662807679679435,0.6517458053729785,1.0,0.44678324054271057,1.697483024924677e-05,0.022245404570396587,0.05675645273057772,78
12,constant,0.01,0.9538775628986088,0.9560884342149151,0.9432198195832088,0.9432198195832088,0.7389580277209935,0.001,4.999999999999998,1.2345679012345678,0.9538775628986088,0.009999999999996585,1.0,0.9538775636343112,0.48243470290256,8.0,17.0,24.0,0.01,1.0,0.9692660551518202,0.6681505006593252,1.2819053143571195,1.0,0.44678324054271057,1.697483024924677e-05,0.002210871316306262,0.010657743315400037,91
12,linear,0.08333333333333333,0.7665700778438078,0.7878895201517887,0.7132131544937361,0.7132131544937361,0.5772839864961781,0.001,3.4482758620689653,1.6949152542372883,0.7665700778438078,0.08333333333333331,1.0,0.7665700783651132,0.3761487157910157,8.0,17.0,24.0,0.08333333333333333,1.0,0.0,0.3487491859269206,0.7417803103926189,1.0,0.44678324054271057,1.697483024924677e-05,0.021319442307980885,0.053356923350071694,91
13,constant,0.01,0.9504614934170542,0.9531024442059921,0.9392951790267846,0.9392951790267846,0.7239100760130119,0.001,4.76190476190476,1.2195121951219512,0.9504614934170542,0.009999999999999457,1.0,0.9504614943023162,0.5283537972620799,6.0,17.0,22.0,0.01,1.0,0.0,0.2648571899604507,1.4182533736900822,1.0,0.44678324054271057,1.697483024924677e-05,0.0026409507889378903,0.011166314390269605,105
13,linear,0.07692307692307693,0.7754631986435334,0.7911734089881347,0.7171694677160924,0.7171694677160924,0.5716155942003954,0.001,3.4482758620689653,1.639344262295082,0.7754631986435334,0.07692307692307679,1.0,0.775463199637786,0.48260384368094933,9.0,17.0,25.0,0.07692307692307693,1.0,1.0,0.126544113967483,0.7085118002676594,1.0,0.44678324054271057,1.697483024924677e-05,0.015710210344601294,0.058293730927441056,105
14,constant,0.01,0.9483317821442327,0.9497719630327621,0.9353363407754893,0.9353363407754893,0.7092133623724615,0.001,4.545454545454546,1.2048192771084336,0.9483317821442327,0.010000000000000812,1.0,0.948331783417877,0.48245375715919614,8.0,17.0,24.0,0.01,1.0,0.8199147030711174,0.12524799154842015,1.3386713092518003,1.0,0.44678324054271057,1.697483024924677e-05,0.0014401808885293743,0.012995441368743421,120
14,linear,0.07142857142857142,0.776006776481205,0.7944861469133792,0.7202003642946109,0.7202003642946109,0.5654252405413163,0.001,3.333333333333333,1.5873015873015872,0.776006776481205,0.07142857142857183,1.0,0.7760067781227278,0.36705452184503723,11.0,17.0,27.0,0.07142857142857142,1.0,0.0,0.40119796250451506,0.844859859600622,1.0,0.44678324054271057,1.697483024924677e-05,0.01847937043217418,0.0558064121865941,120
15,constant,0.01,0.9449819332708432,0.9486032194126317,0.9313401857356529,0.9313401857356529,0.6949476157638755,0.001,4.347826086956522,1.2048192771084336,0.9449819332708432,0.00999999999999961,1.0,0.9449819352621096,0.6279565610265794,7.0,17.0,23.0,0.01,1.0,0.0,0.8205209643500025,1.5213329228980854,1.0,0.44678324054271057,1.697483024924677e-05,0.003621286141788471,0.013641747535190318,136
15,linear,0.06666666666666667,0.782406456881898,0.7922424940109317,0.7224138457916416,0.7224138457916416,0.5588286077908744,0.001,3.2258064516129026,1.5384615384615388,0.782406456881898,0.06666666666666617,1.0,0.7824064579088963,0.4826357827682033,9.0,17.0,25.0,0.06666666666666667,1.0,0.9604108333587646,0.48457305147323376,0.8115913494756625,1.0,0.44678324054271057,1.697483024924677e-05,0.009836037129033692,0.05999261109025644,136
16,constant,0.01,0.942826000530566,0.9438801735617333,0.9273027776226327,0.9273027776226327,0.680986645838429,0.001,4.166666666666667,1.1904761904761905,0.942826000530566,0.010000000000001156,1.0,0.9428260016797858,0.4825228807482203,8.0,17.0,24.0,0.01,1.0,0.7603553891181949,0.5549050577126831,1.4417508584598036,1.0,0.44678324054271057,1.697483024924677e-05,0.0010541730311672826,0.015523222907933287,153
16,linear,0.0625,0.7821454058785777,0.8004935320731595,0.7239401410309558,0.7239401410309558,0.5519045748312392,0.001,3.1249999999999996,1.5151515151515154,0.7821454058785777,0.06250000000000148,1.0,0.7821454069222055,0.3886017933260567,8.0,17.0,24.0,0.0625,1.0,0.0,0.793852747394723,0.947939408808625,1.0,0.44678324054271057,1.697483024924677e-05,0.018348126194581815,0.058205264847621896,153
17,constant,0.01,0.9394972730075942,0.9447035444613531,0.9232196039492189,0.9232196039492189,0.6674438870181824,0.001,4.0,1.1904761904761905,0.9394972730075942,0.010000000000000977,1.0,0.9394972737358631,0.5828566553706266,9.0,17.0,25.0,0.01,1.0,0.0,0.5522760762800447,1.5780989177927662,1.0,0.44678324054271057,1.697483024924677e-05,0.005206271453758848,0.016277669058375355,171
17,linear,0.058823529411764705,0.7869739816956319,0.795207022142189,0.7249970284880871,0.7249970284880871,0.5448119463469735,0.001,3.1249999999999996,1.4705882352941178,0.7869739816956319,0.05882352941176508,1.0,0.7869739827509226,0.48269109034198726,9.0,17.0,25.0,0.058823529411764705,1.0,0.8794956684112549,0.9487718359733653,0.9146708986836656,1.0,0.44678324054271057,1.697483024924677e-05,0.008233040446557038,0.061976953207544816,171
18,constant,0.01,0.9373297689022958,0.938571257381456,0.9191067781268656,0.9191067781268656,0.6541704525930382,0.001,4.0,1.1904761904761905,0.9373297689022958,0.010000000000000566,1.0,0.9373297704429816,0.482543656166266,8.0,17.0,24.0,0.01,1.0,0.7514463873580097,0.14942345716124045,1.4985168533544844,1.0,0.44678324054271057,1.697483024924677e-05,0.0012414884791601688,0.018222990775430215,190
18,linear,0.05555555555555555,0.786362055734274,0.8058320802342703,0.7255782017933385,0.7255782017933385,0.537547117224548,0.001,3.03030303030303,1.4492753623188408,0.786362055734274,0.055555555555556024,1.0,0.7863620572582177,0.3604199317994251,11.0,17.0,27.0,0.05555555555555555,1.0,0.0,0.40658936810567636,1.0047054037033059,1.0,0.44678324054271057,1.697483024924677e-05,0.019470024499996352,0.06078385394093544,190
19,constant,0.01,0.9338678174151743,0.9413944571288534,0.9149680920259868,0.9149680920259868,0.6412456802220151,0.001,3.846153846153846,1.1764705882352942,0.9338678174151743,0.010000000000000026,1.0,0.9338678182542184,0.6895399766784414,9.0,17.0,25.0,0.01,1.0,0.0,0.38884450608881754,1.6348649126874473,1.0,0.44678324054271057,1.697483024924677e-05,0.007526639713679062,0.018899725389187494,210
19,linear,0.05263157894736842,0.7899106122629268,0.795395782641355,0.7257114376058602,0.7257114376058602,0.5301628435076163,0.001,2.9411764705882346,1.4285714285714286,0.7899106122629268,0.052631578947367814,1.0,0.7899106133119778,0.48247898740008077,9.0,17.0,25.0,0.05263157894736842,1.0,0.8232177047757432,0.4166650462645158,0.9714368935783464,1.0,0.44678324054271057,1.697483024924677e-05,0.005485170378428217,0.0641991746570666,210
20,constant,0.01,0.93180053386412,0.9333565610855634,0.9107777179538239,0.9107777179538239,0.6286361553479975,0.001,3.7037037037037033,1.1764705882352942,0.93180053386412,0.009999999999999478,1.0,0.9318005352773714,0.48268906400320843,8.0,17.0,24.0,0.010000000000000002,1.0,0.7733572151511909,0.7507694096286429,1.6015964025624878,1.0,0.44678324054271057,1.697483024924677e-05,0.0015560272214434345,0.02102281591029609,231
20,linear,0.05,0.788874324704401,0.809064159067508,0.7256170482703641,0.7256170482703641,0.5227110208937077,0.5,2.9411764705882346,1.4084507042253522,0.788874324704401,0.04999999999999966,1.0,0.7888743265869479,0.7690528213862016,12.0,17.0,28.0,0.05,1.0,0.0,0.021917449968460255,1.0497521057410422,1.0,0.4434499058409389,0.008604631968951004,0.02018983436310695,0.06325727643403689,231
21,constant,0.01,0.9282840867019291,0.9389391645096954,0.9065296450219408,0.9065296450219408,0.6162745855440142,0.001,3.571428571428571,1.1764705882352942,0.9282840867019291,0.010000000000000668,1.0,0.928284088082066,0.3729933579624838,10.0,17.0,26.0,0.01,1.0,0.0,0.4768003237359986,1.691630907582128,1.0,0.44678324054271057,1.697483024924677e-05,0.010655077807766311,0.0217544416799883,253
21,linear,0.047619047619047616,0.791656855626963,0.797454732507498,0.7251630248367269,0.7251630248367269,0.5152285123643712,0.001,2.857142857142857,1.3888888888888888,0.791656855626963,0.047619047619047936,1.0,0.791656856665574,0.4825727669581814,9.0,17.0,25.0,0.047619047619047616,1.0,0.8071985332760963,0.9849636096485922,1.0745164427863494,1.0,0.44678324054271057,1.697483024924677e-05,0.005797876880535013,0.06649383079023607,253
22,constant,0.01,0.9261907796519346,0.9279777641904695,0.9022245571497934,0.9022245571497934,0.6042194788527578,0.001,3.571428571428571,1.1627906976744187,0.9261907796519346,0.01000000000000055,1.0,0.9261907810431201,0.4823597915208138,8.0,17.0,24.0,0.01,1.0,0.7982542112469673,0.4440736078832141,1.6583623974571686,1.0,0.44678324054271057,1.697483024924677e-05,0.0017869845385348748,0.0239662225021412,276
22,linear,0.045454545454545456,0.7902481906959546,0.8148129443964681,0.724476854586247,0.724476854586247,0.5077405385115491,0.5,2.857142857142857,1.36986301369863,0.7902481906959546,0.045454545454545935,1.0,0.7902481925860032,0.3877046794044469,12.0,17.0,28.0,0.045454545454545456,1.0,0.0,0.9516488983825738,1.1549208862273106,1.0,0.4434499058409389,0.008604631968951004,0.024564753700513475,0.06577133610970765,276
23,constant,0.01,0.9225092161141607,0.9336299220984289,0.897927755650776,0.897927755650776,0.5924697375122978,0.5,3.4482758620689653,1.1627906976744187,0.9225092161141607,0.010000000000000182,1.0,0.9225092178840297,0.3862753270686849,7.0,17.0,23.0,0.01,1.0,0.0,0.6034748736548529,1.6873928581081201,1.0,0.4434499058409389,0.008604631968951004,0.011120705984268175,0.02458146046338472,300
23,linear,0.043478260869565216,0.79248531429714,0.797079946318584,0.7235769407892279,0.7235769407892279,0.5002631097655277,0.001,2.7777777777777777,1.3513513513513513,0.79248531429714,0.04347826086956512,1.0,0.7924853152637629,0.48268703514634437,9.0,17.0,25.0,0.043478260869565216,1.0,0.7919981479644775,0.5558245458176487,1.1312824376810304,1.0,0.44678324054271057,1.697483024924677e-05,0.004594632021444056,0.06890837350791212,300
24,constant,0.01,0.9204511138474951,0.9229692050417256,0.8935632499782454,0.8935632499782454,0.5809484833795487,0.001,3.333333333333333,1.1627906976744187,0.9204511138474951,0.009999999999999948,1.0,0.920451115125435,0.4826245858575108,8.0,17.0,24.0,0.009999999999999998,1.0,0.8482013285160066,0.22208102552540077,1.7151283923518494,1.0,0.44678324054271057,1.697483024924677e-05,0.0025180911942305206,0.026887863869249684,325
24,linear,0.041666666666666664,0.7908162737345857,0.8121920340433683,0.7224398797425089,0.7224398797425089,0.49280476162638165,0.5,2.7777777777777777,1.3333333333333333,0.7908162737345857,0.04166666666666661,1.0,0.7908162749370097,0.8672723749419786,14.0,17.0,30.0,0.041666666666666664,1.0,0.0,0.29541890780360724,1.1607926434776386,1.0,0.4434499058409389,0.008604631968951004,0.02137576030878252,0.06837639399207684,325
25,constant,0.01,0.9168327927070004,0.9214149217329827,0.8891247493467342,0.8891247493467342,0.56965127325848,0.5,3.2258064516129026,1.1627906976744187,0.9168327927070004,0.009999999999999615,1.0,0.9168327934220442,0.4132403504163231,8.0,17.0,24.0,0.01,1.0,0.04113280773162843,0.18482743308661467,1.69132891623681,1.0,0.4434499058409389,0.008604631968951004,0.004582129025982318,0.02770804336026611,351
25,linear,0.04,0.7925701429903392,0.7973899973131089,0.7211886343442111,0.7211886343442111,0.48536776732527975,0.001,2.7027027027027026,1.3157894736842106,0.7925701429903392,0.039999999999998564,1.0,0.792570143932939,0.4825701778053843,9.0,17.0,25.0,0.04,1.0,0.7979099452815717,0.21772302486180883,1.1880484325757112,1.0,0.44678324054271057,1.697483024924677e-05,0.004819854322769657,0.07138150864612813,351
26,constant,0.01,0.9146165437503456,0.9180864200114968,0.884700347275937,0.884700347275937,0.5586468980279448,0.001,3.2258064516129026,1.1494252873563218,0.9146165437503456,0.00999999999999924,1.0,0.9146165446996329,0.4880550557044058,8.0,17.0,24.0,0.009999999999999998,1.0,0.9126976960338653,0.06085542255367038,1.7718943872465303,1.0,0.44678324054271057,1.697483024924677e-05,0.003469876261151139,0.029916196474408574,378
26,linear,0.038461538461538464,0.7908373151427008,0.8028881784629522,0.7197020141326786,0.7197020141326786,0.4779489432975109,0.5,2.7027027027027026,1.2987012987012987,0.7908373151427008,0.03846153846153765,1.0,0.790837316231878,0.40924095009185096,14.0,17.0,30.0,0.038461538461538464,1.0,0.0,0.5709003555595725,1.2153450627851177,1.0,0.4434499058409389,0.008604631968951004,0.012050863320251404,0.07113530101002219,378
27,constant,0.01,0.9111199212137715,0.9123250330622517,0.8802099670559351,0.8802099670559351,0.5479024838108449,0.5,3.1249999999999996,1.1494252873563218,0.9111199212137715,0.010000000000000215,1.0,0.9111199223079671,0.4180446380662808,8.0,17.0,24.0,0.010000000000000002,1.0,0.23241419345140457,0.28412978289790075,1.7458813355442895,1.0,0.4434499058409389,0.008604631968951004,0.001205111848480156,0.030909954157836372,406
27,linear,0.037037037037037035,0.7920422408983513,0.7975320005762667,0.7181639206730029,0.7181639206730029,0.4706453016523048,0.001,2.6315789473684212,1.2987012987012987,0.7920422408983513,0.037037037037037444,1.0,0.7920422415797305,0.48544504909152625,9.0,17.0,25.0,0.037037037037037035,1.0,0.820519581437111,0.9138996081105384,1.2911279817837147,1.0,0.44678324054271057,1.697483024924677e-05,0.005489759677915429,0.07387832022534835,406
28,constant,0.01,0.9086663168182687,0.9137578983232579,0.8756463642108084,0.8756463642108084,0.5373647161128187,0.001,3.1249999999999996,1.1494252873563218,0.9086663168182687,0.009999999999999364,1.0,0.908666318744243,0.08426342065825188,13.0,17.0,29.0,0.009999999999999998,1.0,0.0,0.984512108042352,1.8749739364545333,1.0,0.44678324054271057,1.697483024924677e-05,0.005091581504989229,0.03301995260746027,435
28,linear,0.03571428571428571,0.790197849576294,0.7959881142566495,0.7164027603463426,0.7164027603463426,0.463382584485798,0.5,2.6315789473684212,1.282051282051282,0.790197849576294,0.03571428571428546,1.0,0.7901978500852809,0.413016976270085,9.0,17.0,25.0,0.03571428571428571,1.0,0.12990000229328869,0.5868056048131528,1.2698974820925968,1.0,0.4434499058409389,0.008604631968951004,0.005790264680355484,0.07379508922995137,435
29,constant,0.01,0.9053452394008317,0.9054718941276463,0.8711077194493302,0.8711077194493302,0.5270296205167422,0.5,3.03030303030303,1.1494252873563218,0.9053452394008317,0.010000000000001162,1.0,0.9053452408655076,0.4295735422017966,8.0,17.0,24.0,0.01,1.0,0.36763013899326324,0.28559061263594626,1.8004337548517682,1.0,0.4434499058409389,0.008604631968951004,0.00012665472681461232,0.03423751995150148,465
29,linear,0.034482758620689655,0.7910525051943942,0.7961233597320422,0.7146223037407788,0.7146223037407788,0.45613409444080977,0.001,2.564102564102564,1.282051282051282,0.7910525051943942,0.03448275862069035,1.0,0.7910525060967208,0.4854115581629997,5.0,17.0,21.0,0.03448275862068964,1.0,0.843208760768175,0.6695052746387437,1.3478939766783955,1.0,0.44678324054271057,1.697483024924677e-05,0.005070854537647995,0.07643020145361534,465
30,constant,0.01,0.9026219885196797,0.9113945296086519,0.8664772152502898,0.8664772152502898,0.5168932990451612,0.5,2.9411764705882346,1.1494252873563218,0.9026219885196797,0.010000000000001041,1.0,0.9026219896108423,0.5265661449970849,11.0,17.0,27.0,0.01,1.0,0.0,0.04804156724414955,1.877358476123478,1.0,0.4434499058409389,0.008604631968951004,0.008772541088972186,0.03614477326938992,496
30,linear,0.03333333333333333,0.7892335201835659,0.7917725218906627,0.7126435122328348,0.7126435122328348,0.4490504298052897,0.5,2.564102564102564,1.2658227848101264,0.7892335201835659,0.0333333333333349,1.0,0.7892335207473954,0.4296647758365889,9.0,17.0,25.0,0.03333333333333333,1.0,0.23568946125305956,0.5180472099666851,1.324449901400076,1.0,0.4434499058409389,0.008604631968951004,0.0025390017070968662,0.07659000795073101,496
31,constant,0.01,0.8995842416839874,0.8995842416839842,0.8618320775358115,0.8618320775358115,0.5070286351589349,0.001,2.9411764705882346,1.1363636363636365,0.8995842416839874,0.009999999999999475,1.0,0.8995842416839878,0.47602641434606907,3.0,17.0,19.0,0.01,1.0,0.4760264157957863,0.2668133730144674,1.8521578669109322,1.0,0.44678324054271057,1.697483024924677e-05,-3.219646771412954e-15,0.03775216414817595,528
31,linear,0.03225806451612903,0.7896202699753009,0.7974757976740025,0.7106514950919535,0.7106514950919535,0.441965166286436,0.5,2.5,1.25,0.7896202699753009,0.03225806451613695,1.0,0.789620271326035,0.48796725120542095,16.0,17.0,32.0,0.032258064516129024,1.0,0.0,0.497189017856355,1.4013746226717851,1.0,0.4434499058409389,0.008604631968951004,0.00785552769870157,0.07896877488334741,528
32,constant,0.01,0.8965571037447803,0.9087318710085638,0.8571487263691723,0.8571487263691723,0.49738277515235574,0.5,2.857142857142857,1.1363636363636365,0.8965571037447803,0.009999999999999702,1.0,0.89655710530088,0.6120034809516661,9.0,17.0,25.0,0.01,1.0,0.0,0.3860027562529316,1.9319108954309572,1.0,0.4434499058409389,0.008604631968951004,0.012174767263783526,0.039408377375607984,561
32,linear,0.03125,0.7880004705041789,0.7888156954297995,0.7084991478267967,0.7084991478267967,0.43501733578973306,0.5,2.5,1.25,0.7880004705041789,0.03125,1.0,0.7880004711700335,0.429570148941143,9.0,17.0,25.0,0.03125,1.0,0.32056243456900113,0.4244691936079335,1.379002320707555,1.0,0.4434499058409389,0.008604631968951004,0.0008152249256205835,0.07950132267738219,561
33,constant,0.01,0.8938753194457124,0.8940872123791198,0.8523956198079572,0.8523956198079572,0.4879204207878935,0.001,2.857142857142857,1.1363636363636365,0.8938753194457124,0.01000000000000058,1.0,0.8938753212179456,0.4836234128367418,8.0,17.0,24.0,0.01,1.0,0.5727308228611947,0.26550694604110925,1.908923861805613,1.0,0.44678324054271057,1.697483024924677e-05,0.00021189293340739823,0.04147969963775522,595
33,linear,0.030303030303030304,0.7878255608181113,0.799520438571088,0.7063167857583679,0.7063167857583679,0.428097357252356,0.5,2.4390243902439024,1.2345679012345678,0.7878255608181113,0.030303030303029922,1.0,0.7878255614807333,0.4957825521796076,10.0,17.0,26.0,0.0303030303030303,1.0,0.0,0.3964059999775907,1.4559270419792643,1.0,0.4434499058409389,0.008604631968951004,0.011694877752976729,0.08150877505974341,595
34,constant,0.01,0.8904887215010554,0.9011169520618584,0.8476599697907836,0.8476599697907836,0.4786380810009189,0.5,2.7777777777777777,1.1363636363636365,0.8904887215010554,0.010000000000000078,1.0,0.8904887231305632,0.39999208476351245,13.0,17.0,29.0,0.01,1.0,0.0,0.3926754390230846,1.9377826526812856,1.0,0.4434499058409389,0.008604631968951004,0.010628230560802976,0.042828751710271784,630
34,linear,0.029411764705882353,0.7864224265415687,0.7865349080447852,0.7040256320641862,0.7040256320641862,0.4213165319573879,0.5,2.4390243902439024,1.2345679012345678,0.7864224265415687,0.029411764705882363,1.0,0.7864224265415687,0.43531964140399476,2.0,17.0,18.0,0.029411764705882353,1.0,0.3942667558440007,0.3277978063909812,1.4335547400150341,1.0,0.4434499058409389,0.008604631968951004,0.00011248150321652162,0.08239679447738246,630
35,constant,0.01,0.8879488031742924,0.8914851838904563,0.8428125926417341,0.8428125926417341,0.46953233114182985,0.5,2.7027027027027026,1.1363636363636365,0.8879488031742924,0.010000000000000819,1.0,0.8879488044477861,0.48504801926313984,14.0,17.0,30.0,0.009999999999999998,1.0,0.0,0.3121945514480154,1.9640910127742055,1.0,0.4434499058409389,0.008604631968951004,0.0035363807161639116,0.04513621053255823,666
35,linear,0.02857142857142857,0.7857919177765134,0.7999992517881489,0.7016672860517756,0.7016672860517756,0.4145470051838244,0.5,2.380952380952381,1.2195121951219512,0.7857919177765134,0.028571428571429597,1.0,0.7857919184388265,0.5181766418468956,15.0,17.0,31.0,0.02857142857142857,1.0,0.0,0.38744042401113116,1.5104794612867438,1.0,0.4434499058409389,0.008604631968951004,0.014207334011635542,0.08412463172473772,666
36,constant,0.01,0.8844573277645892,0.8884124709855392,0.8380211698954494,0.8380211698954494,0.46059981171255315,0.5,2.7027027027027026,1.1363636363636365,0.8844573277645892,0.009999999999999783,1.0,0.884457328666323,0.42612831126281153,14.0,17.0,30.0,0.010000000000000002,1.0,0.1319481076905504,0.08169377612104292,1.941718710809975,1.0,0.4434499058409389,0.008604631968951004,0.00395514322095003,0.046436157869139794,703
36,linear,0.027777777777777776,0.7846091836688688,0.7846097861192962,0.6992651479778587,0.6992651479778587,0.4079585003534062,0.001,2.380952380952381,1.2195121951219512,0.7846091836688688,0.027777777777777395,1.0,0.7846091836688698,0.4533795658170221,4.0,17.0,20.0,0.027777777777777776,1.0,0.45436211529595316,0.2345305945736191,1.4849234512374783,1.0,0.44678324054271057,1.697483024924677e-05,6.024504274337872e-07,0.08534403569101012,703
37,constant,0.01,0.8818060802596724,0.8897369791617568,0.8331136999254352,0.8331136999254352,0.4518765280672468,0.5,2.6315789473684212,1.1235955056179776,0.8818060802596724,0.010000000000000417,1.0,0.8818060808742367,0.4910377189898034,11.0,17.0,27.0,0.01,1.0,0.0,0.4478171782423193,2.0186434320816846,1.0,0.4434499058409389,0.008604631968951004,0.007930898902084316,0.048692380334237284,741
37,linear,0.02702702702702703,0.7835673214936456,0.7987136131727622,0.6967401924304841,0.6967401924304841,0.40137489380535074,0.5,2.325581395348837,1.2195121951219512,0.7835673214936456,0.02702702702702708,1.0,0.7835673220706981,0.5848942502844965,11.0,17.0,27.0,0.02702702702702703,1.0,0.0,0.5125189604389848,1.5650318805942225,1.0,0.4434499058409389,0.008604631968951004,0.01514629167911663,0.08682712906316148,741
38,constant,0.01,0.8784217539471829,0.8793029781446515,0.8282413797589088,0.8282413797589088,0.44337216789695255,0.5,2.6315789473684212,1.1235955056179776,0.8784217539471829,0.009999999999998203,1.0,0.8784217554118755,0.42951779997461703,8.0,17.0,24.0,0.01,1.0,0.27139136788755425,0.43771490058583257,1.9962711301174545,1.0,0.4434499058409389,0.008604631968951004,0.0008812241974686108,0.050180374188274146,780
38,linear,0.02631578947368421,0.7827425014205,0.7829378946326928,0.6942496470079016,0.6942496470079016,0.3949366206419501,0.5,2.325581395348837,1.2048192771084336,0.7827425014205,0.02631578947368249,1.0,0.78274250225922,0.4834755823136275,9.0,17.0,25.0,0.02631578947368421,1.0,0.0,0.16386807564047506,1.542659578629992,1.0,0.4434499058409389,0.008604631968951004,0.00019539321219286254,0.08849285441259835,780
39,constant,0.01,0.8755461157412208,0.8879585685462574,0.8232723657410899,0.8232723657410899,0.43502786061149257,0.5,2.564102564102564,1.1235955056179776,0.8755461157412208,0.010000000000001234,1.0,0.87554611759944,0.5105624524323962,13.0,17.0,29.0,0.01,1.0,0.0,0.7332811362502896,2.073195851389164,1.0,0.4434499058409389,0.008604631968951004,0.012412452805036667,0.0522737500001309,820
39,linear,0.02564102564102564,0.7812221304773588,0.7959791900665167,0.6916168994799692,0.6916168994799692,0.38857275156827953,0.5,2.325581395348837,1.2048192771084336,0.7812221304773588,0.025641025641026747,1.0,0.7812221320814315,0.6818420755507049,14.0,17.0,30.0,0.02564102564102564,1.0,0.0,0.8407523590761445,1.6195842999017016,1.0,0.4434499058409389,0.008604631968951004,0.014757059589157961,0.0896052309973896,820
40,constant,0.01,0.8723350861743935,0.8736822524536241,0.8183285721248308,0.8183285721248308,0.4268405940000209,0.5,2.564102564102564,1.1235955056179776,0.8723350861743935,0.010000000000002082,1.0,0.8723350879627875,0.4382724332195248,8.0,17.0,24.0,0.01,1.0,0.0,0.6761241100485562,2.0508235494249343,1.0,0.4434499058409389,0.008604631968951004,0.0013471662792305938,0.05400651404956269,861
40,linear,0.025,0.7805901861340014,0.7836533632009236,0.6890033592989562,0.6890033592989562,0.3822325396012121,0.5,2.2727272727272725,1.2048192771084336,0.7805901861340014,0.025000000000001566,1.0,0.7805901868653237,0.4836135175105945,9.0,17.0,25.0,0.025,1.0,0.0,0.11489423244585635,1.5972119979374715,1.0,0.4434499058409389,0.008604631968951004,0.0030631770669221625,0.09158682683504527,861
41,constant,0.01,0.8692361044581668,0.8775100109344793,0.8132959123543788,0.8132959123543788,0.41880741254179227,0.5,2.5,1.1235955056179776,0.8692361044581668,0.00999999999999903,1.0,0.8692361056452709,0.6152534322437081,11.0,17.0,27.0,0.01,1.0,0.0,0.13315532866979063,2.0771319095178535,1.0,0.4434499058409389,0.008604631968951004,0.008273906476312543,0.05594019210378798,903
41,linear,0.024390243902439025,0.7787754209398873,0.7860315957568889,0.6863118841691214,0.6863118841691214,0.37609588244335707,0.5,2.2727272727272725,1.1904761904761905,0.7787754209398873,0.02439024390243797,1.0,0.7787754222418074,0.4199487152092094,14.0,17.0,30.0,0.02439024390243903,1.0,0.081619441480143,0.4203993654814942,1.62545605715203,1.0,0.4434499058409389,0.008604631968951004,0.007256174817001582,0.09246353677076591,903
42,constant,0.01,0.8662874482320141,0.8709099089221743,0.8082897281139036,0.8082897281139036,0.4109254163392491,0.5,2.5,1.1235955056179776,0.8662874482320141,0.009999999999998614,1.0,0.866287449771012,0.48447543679216665,11.0,17.0,27.0,0.010000000000000002,1.0,0.0,0.8940324633148744,2.1053759687324125,1.0,0.4434499058409389,0.008604631968951004,0.004622460690160257,0.05799772011811044,946
42,linear,0.023809523809523808,0.7781063823262515,0.7840308403057742,0.6835446026623007,0.6835446026623007,0.3699899616989181,0.5,2.2222222222222223,1.1904761904761905,0.7781063823262515,0.023809523809522712,1.0,0.7781063833607332,0.4865326971391274,12.0,17.0,28.0,0.023809523809523808,1.0,0.0,0.10607098843151026,1.651764417244951,1.0,0.4434499058409389,0.008604631968951004,0.005924457979522679,0.09456177966395085,946
43,constant,0.01,0.8629373426168558,0.870430662770695,0.8031907595105404,0.8031907595105404,0.4031917600711876,0.5,2.4390243902439024,1.1235955056179776,0.8629373426168558,0.009999999999998342,1.0,0.8629373439861548,0.8488640582901539,12.0,17.0,28.0,0.01,1.0,0.00393071746826172,0.24283359619580477,2.083003666768182,1.0,0.4434499058409389,0.008604631968951004,0.007493320153839189,0.05974658310631542,990
43,linear,0.023255813953488372,0.7762334077460142,0.7784838471592006,0.680808379905126,0.680808379905126,0.36391946359940136,0.5,2.2222222222222223,1.1904761904761905,0.7762334077460142,0.02325581395348708,1.0,0.7762334083604702,0.4277892394726618,9.0,17.0,25.0,0.023255813953488372,1.0,0.22634419502865064,0.7631743820082548,1.6800084764595096,1.0,0.4434499058409389,0.008604631968951004,0.002250439413186367,0.09542502784088824,990
44,constant,0.01,0.8601266858543986,0.8666161219424727,0.7981309222330035,0.7981309222330035,0.3956036519656257,0.5,2.4390243902439024,1.1235955056179776,0.8601266858543986,0.01000000000000099,1.0,0.8601266869747699,0.4860459781346973,11.0,17.0,27.0,0.01,1.0,0.0,0.1297167052985807,2.109312026861103,1.0,0.4434499058409389,0.008604631968951004,0.006489436088074174,0.06199576362139503,1035
44,linear,0.022727272727272728,0.7753714701264642,0.7836323080615459,0.677952691238229,0.677952691238229,0.35804223137156094,0.5,2.2222222222222223,1.1764705882352942,0.7753714701264642,0.022727272727274022,1.0,0.7753714710949098,0.4913569262610584,11.0,17.0,27.0,0.022727272727272728,1.0,0.0,0.15933164216855591,1.7063168365524293,1.0,0.4434499058409389,0.008604631968951004,0.0082608379350817,0.09741877888823525,1035
45,constant,0.01,0.8567504305724697,0.8582903330443854,0.7929625001469555,0.7929625001469555,0.3881700001988095,0.88,2.380952380952381,1.1111111111111112,0.8567504305724697,0.009999999999999945,1.0,0.8567504321760433,0.4282817589182611,8.0,17.0,24.0,0.01,1.0,0.2241484619677067,0.3807926663038055,2.1175854758892614,1.0,0.44063524601551607,0.015273582206009237,0.0015399024719157106,0.06378793042551423,1081
45,linear,0.022222222222222223,0.7735858541204796,0.7741319579883374,0.6751178823422654,0.6751178823422654,0.35221273012020793,0.5,2.173913043478261,1.1764705882352942,0.7735858541204796,0.0222222222222222,1.0,0.7735858549190601,0.4296128095434381,9.0,17.0,25.0,0.022222222222222223,1.0,0.0,0.9492968653684396,1.7345608957669878,1.0,0.4434499058409389,0.008604631968951004,0.0005461038678578056,0.0984679717782142,1081
46,constant,0.01,0.8537875578303817,0.8643143220993479,0.7878574027702931,0.7878574027702931,0.38094219458014944,0.5,2.380952380952381,1.1111111111111112,0.8537875578303817,0.009999999999999065,1.0,0.8537875584678452,0.30278756385706124,11.0,17.0,27.0,0.01,1.0,0.0,0.49992284306250356,2.1638644461685823,1.0,0.4434499058409389,0.008604631968951004,0.010526764268966149,0.06593015506008859,1128
46,linear,0.021739130434782608,0.7724766147353261,0.7823793779867608,0.6722374360937025,0.6722374360937025,0.3464256821890794,0.88,2.173913043478261,1.1764705882352942,0.7724766147353261,0.02173913043478155,1.0,0.772476615514103,0.502948510943795,9.0,17.0,25.0,0.021739130434782608,1.0,0.0,0.30716068371170796,1.7541293193569256,1.0,0.44063524601551607,0.015273582206009237,0.009902763251434687,0.10023917864162368,1128
47,constant,0.01,0.8505114644552144,0.8535040403745054,0.7826264247234928,0.7826264247234928,0.37384897219572794,0.5,2.380952380952381,1.1111111111111112,0.8505114644552144,0.010000000000000673,1.0,0.850511466302931,0.4297378384432231,8.0,17.0,24.0,0.010000000000000005,1.0,0.0,0.33370990943819495,2.141492144204352,1.0,0.4434499058409389,0.008604631968951004,0.0029925759192910295,0.06788503973172166,1176
47,linear,0.02127659574468085,0.7708296960560497,0.7722038751909541,0.6692487209695743,0.6692487209695743,0.34075613531225446,0.88,2.127659574468085,1.1627906976744187,0.7708296960560497,0.02127659574468168,1.0,0.7708296977159034,0.4376761392465482,7.0,17.0,23.0,0.02127659574468085,1.0,0.0,0.9665462904192557,1.7657381728560102,1.0,0.44063524601551607,0.015273582206009237,0.0013741791349044519,0.10158097508647534,1176
48,constant,0.01,0.8473992328774992,0.8579030625227212,0.7774736670509803,0.7774736670509803,0.3668878270779119,0.88,2.325581395348837,1.1111111111111112,0.8473992328774992,0.009999999999999858,1.0,0.8473992335739702,0.38058889952305325,11.0,17.0,27.0,0.01,1.0,0.0,0.39640045816873354,2.1865504665488387,1.0,0.44063524601551607,0.015273582206009237,0.010503829645222007,0.06992556582651888,1225
48,linear,0.020833333333333332,0.7694803694214659,0.780524366087511,0.6663526028878669,0.6663526028878669,0.3352121521237876,0.88,2.127659574468085,1.1627906976744187,0.7694803694214659,0.020833333333332996,1.0,0.7694803703647781,0.378691686938539,8.0,17.0,24.0,0.020833333333333332,1.0,0.0,0.5977672252862475,1.8068094105064585,1.0,0.44063524601551607,0.015273582206009237,0.011043996666045053,0.10312776653359901,1225
49,constant,0.01,0.8442094252778979,0.8505695268018353,0.7722097188783749,0.7722097188783749,0.36005629992070365,0.5,2.325581395348837,1.1111111111111112,0.8442094252778979,0.010000000000001948,1.0,0.8442094260218979,0.4423418016088346,16.0,17.0,32.0,0.01,1.0,0.0,0.7035564031763856,2.1960445635118306,1.0,0.4434499058409389,0.008604631968951004,0.0063601015239374,0.07199970639952302,1275
49,linear,0.02040816326530612,0.7679944992874312,0.7717147106465878,0.6633536776283138,0.6633536776283138,0.3297143854154735,0.5,2.127659574468085,1.1627906976744187,0.7679944992874312,0.020408163265307953,1.0,0.7679944999929388,0.4438703463719926,9.0,17.0,25.0,0.020408163265306124,1.0,0.0,0.1087874100290178,1.7930493732031576,1.0,0.4434499058409389,0.008604631968951004,0.0037202113591565666,0.10464082165911748,1275
50,constant,0.01,0.8409426263391871,0.8487400224465231,0.7669835313133353,0.7669835313133353,0.3533519772108911,0.88,2.2727272727272725,1.1111111111111112,0.8409426263391871,0.009999999999998144,1.0,0.8409426274354628,0.6998217045580454,14.0,17.0,30.0,0.01,1.0,0.0,0.8883129895986779,2.209768173547005,1.0,0.44063524601551607,0.015273582206009237,0.007797396107335985,0.07395909502585185,1326
50,linear,0.02,0.7664447610583457,0.7764974673097362,0.6603026732638786,0.6603026732638786,0.3242661534458309,0.88,2.0833333333333335,1.1627906976744187,0.7664447610583457,0.01999999999999804,1.0,0.7664447619750222,0.41595485850327973,16.0,17.0,32.0,0.02,1.0,0.0,0.14815547628896372,1.834703163515587,1.0,0.44063524601551607,0.015273582206009237,0.010052706251390542,0.1061420877944671,1326
51,constant,0.01,0.8378666178222404,0.8438275821560814,0.7616943447956069,0.7616943447956069,0.34677249037537716,0.88,2.2727272727272725,1.1111111111111112,0.8378666178222404,0.010000000000000788,1.0,0.8378666192383879,0.4882123244070416,9.0,17.0,25.0,0.01,1.0,0.0,0.055836082182510974,2.196590688905685,1.0,0.44063524601551607,0.015273582206009237,0.005960964333841079,0.07617227302663343,1378
51,linear,0.0196078431372549,0.7650720095247096,0.7714304656755107,0.657302315147833,0.657302315147833,0.31893676922374875,0.88,2.0833333333333335,1.1494252873563218,0.7650720095247096,0.01960784313725587,1.0,0.765072009925514,0.14067136023418136,6.0,17.0,22.0,0.0196078431372549,1.0,0.0,0.24032673656718376,1.8463120170146703,1.0,0.44063524601551607,0.015273582206009237,0.006358456150801106,0.10776969437687656,1378
52,constant,0.01,0.8345547330051679,0.8377869061970031,0.7563901951689223,0.7563901951689223,0.3403155149443851,0.88,2.2222222222222223,1.1111111111111112,0.8345547330051679,0.010000000000002457,1.0,0.8345547335418265,0.42957990283671926,9.0,17.0,25.0,0.010000000000000002,1.0,0.0,0.8757073278053089,2.2376619265561333,1.0,0.44063524601551607,0.015273582206009237,0.0032321731918352192,0.07816453783624566,1431
52,linear,0.019230769230769232,0.7633985460957851,0.7667089100264435,0.6542063180050275,0.6542063180050275,0.3137293257071459,0.88,2.0833333333333335,1.1494252873563218,0.7633985460957851,0.019230769230771185,1.0,0.7633985472114846,0.4268666727514719,15.0,17.0,31.0,0.019230769230769232,1.0,0.0,0.8043206201881137,1.887383254665119,1.0,0.44063524601551607,0.015273582206009237,0.003310363930658422,0.10919222809075757,1431
53,constant,0.01,0.8314573221245164,0.8414809793967,0.7510831602575961,0.7510831602575961,0.33397876973024593,0.88,2.2222222222222223,1.1111111111111112,0.8314573221245164,0.009999999999999197,1.0,0.8314573230502411,0.32902384113003097,9.0,17.0,25.0,0.01,1.0,0.0,0.5441366378883054,2.249270780055217,1.0,0.44063524601551607,0.015273582206009237,0.010023657272183573,0.08037416186692026,1485
53,linear,0.018867924528301886,0.7620431749963633,0.7709361167938559,0.6510946410414152,0.6510946410414152,0.3085721298035325,0.88,2.0408163265306123,1.1494252873563218,0.7620431749963633,0.01886792452830074,1.0,0.7620431757464743,0.4914166756771518,10.0,17.0,26.0,0.018867924528301886,1.0,0.0,0.42290061606639856,1.8989921081642023,1.0,0.44063524601551607,0.015273582206009237,0.00889294179749256,0.11094853395494808,1485
54,constant,0.01,0.8281906263773279,0.8327556056537986,0.7456963007540751,0.7456963007540751,0.3277600160214764,0.88,2.173913043478261,1.1111111111111112,0.8281906263773279,0.010000000000001546,1.0,0.8281906279305111,0.4297858479199309,8.0,17.0,24.0,0.009999999999999998,1.0,0.0,0.2788476859623688,2.236093295413897,1.0,0.44063524601551607,0.015273582206009237,0.004564979276470704,0.08249432562325276,1540
54,linear,0.018518518518518517,0.7602941509058992,0.7629777488598504,0.6480090911231274,0.6480090911231274,0.3034674262680476,0.88,2.0408163265306123,1.1494252873563218,0.7602941509058992,0.018518518518519822,1.0,0.7602941516726608,0.4295924391807053,9.0,17.0,25.0,0.018518518518518517,1.0,0.0,0.6857714134558582,1.910600961663286,1.0,0.44063524601551607,0.015273582206009237,0.0026835979539511223,0.11228505978277181,1540
55,constant,0.01,0.8249921401755389,0.830531919331277,0.7403784787909764,0.7403784787909764,0.32165705679186357,0.88,2.173913043478261,1.1111111111111112,0.8249921401755389,0.010000000000003905,1.0,0.8249921408606351,0.5864765236609059,12.0,17.0,28.0,0.009999999999999998,1.0,0.0,0.8595052103331182,2.277164533064345,1.0,0.44063524601551607,0.015273582206009237,0.0055397791557381115,0.0846136613845625,1596
55,linear,0.01818181818181818,0.7588209818995715,0.7701337608269127,0.6448341313893322,0.6448341313893322,0.29841717132175555,0.88,2.0408163265306123,1.1494252873563218,0.7588209818995715,0.018181818181821983,1.0,0.7588209828065808,0.3284176709939751,11.0,17.0,27.0,0.01818181818181818,1.0,0.0,0.6916122726766641,1.9516721993137343,1.0,0.44063524601551607,0.015273582206009237,0.011312778927341172,0.11398685051023927,1596
56,constant,0.01,0.8217488177384866,0.830095251721115,0.7349494542361927,0.7349494542361927,0.3156677981256555,0.88,2.173913043478261,1.0989010989010988,0.8217488177384866,0.010000000000000604,1.0,0.8217488189549382,0.4383354312075364,12.0,17.0,28.0,0.01,1.0,0.0,0.7767227402062339,2.2887733865634297,1.0,0.44063524601551607,0.015273582206009237,0.008346433982628354,0.08679936350229389,1653
56,linear,0.017857142857142856,0.7571223622035086,0.7615244976737997,0.6416607598107094,0.6416607598107094,0.2935290325732568,0.88,2.0,1.1363636363636365,0.7571223622035086,0.017857142857143526,1.0,0.7571223627339178,0.43762769089530706,8.0,17.0,24.0,0.017857142857142853,1.0,0.0,0.23132358666899683,1.938494714672414,1.0,0.44063524601551607,0.015273582206009237,0.004402135470291113,0.11546160239279923,1653
57,constant,0.01,0.8184437953125752,0.8257697574730997,0.7295821245785645,0.7295821245785645,0.30985178140743447,0.88,2.127659574468085,1.0989010989010988,0.8184437953125752,0.009999999999999804,1.0,0.8184437971448788,0.69276491720921,14.0,17.0,30.0,0.01,1.0,0.0,0.11260689683851112,2.2755959019221095,1.0,0.44063524601551607,0.015273582206009237,0.007325962160524502,0.08886167073401063,1711
57,linear,0.017543859649122806,0.7555252921529797,0.765624442167989,0.6385062885575634,0.6385062885575634,0.28871115046724566,0.88,2.0,1.1363636363636365,0.7555252921529797,0.017543859649122733,1.0,0.7555252929491424,0.5773621320754104,11.0,17.0,27.0,0.017543859649122806,1.0,0.0,0.29379233162695484,1.9795659523228624,1.0,0.44063524601551607,0.015273582206009237,0.010099150015009273,0.11701900359541628,1711
58,constant,0.01,0.8152478325116898,0.8220474549631503,0.7241534247982192,0.7241534247982192,0.3041429218039634,0.88,2.127659574468085,1.0989010989010988,0.8152478325116898,0.009999999999998987,1.0,0.815247833138295,0.45212964202472367,15.0,17.0,31.0,0.010000000000000002,1.0,0.0,0.2243976060656166,2.287204755421193,1.0,0.44063524601551607,0.015273582206009237,0.006799622451460596,0.09109440771347055,1770
58,linear,0.017241379310344827,0.7538856458903622,0.7608357641537229,0.6352679141788269,0.6352679141788269,0.28394609531312853,0.88,2.0,1.1363636363636365,0.7538856458903622,0.017241379310344,1.0,0.7538856478571738,0.4377633580518259,8.0,17.0,24.0,0.017241379310344827,1.0,0.0,0.4973775443588539,1.991174805821947,1.0,0.44063524601551607,0.015273582206009237,0.006950118263360672,0.11861773171153533,1770
59,constant,0.01,0.8119721563426642,0.8151629490518474,0.7186954821809102,0.7186954821809102,0.2985392450005528,0.98,2.0833333333333335,1.0989010989010988,0.8119721563426642,0.00999999999999973,1.0,0.8119721570178,0.42958489465092997,9.0,17.0,25.0,0.009999999999999998,1.0,0.0,0.34414621542713475,2.2937412949313796,1.0,0.43985095710519145,0.01704244078727933,0.00319079270918321,0.093276674161754,1830
59,linear,0.01694915254237288,0.7521816487682778,0.755903774749154,0.6320298325516728,0.6320298325516728,0.2792351929656066,0.88,1.9607843137254901,1.1363636363636365,0.7521816487682778,0.01694915254237251,1.0,0.7521816500921057,0.6365827283375476,15.0,17.0,31.0,0.01694915254237288,1.0,0.0,0.24671605894663262,2.0027836593210306,1.0,0.44063524601551607,0.015273582206009237,0.0037221259808762897,0.12015181621660498,1830
60,constant,0.01,0.8087493494233586,0.8200883200093062,0.7132734971534526,0.7132734971534526,0.2930388130582451,0.88,2.0833333333333335,1.0989010989010988,0.8087493494233586,0.009999999999996942,1.0,0.8087493504729434,0.3973293007492396,7.0,17.0,23.0,0.01,1.0,0.0,0.85767269413235,2.339884846570725,1.0,0.44063524601551607,0.015273582206009237,0.011338970585947572,0.09547585226990607,1891
60,linear,0.016666666666666666,0.7505397189807211,0.7606603893213583,0.6288205267032508,0.6288205267032508,0.274579578850392,0.88,1.9607843137254901,1.1363636363636365,0.7505397189807211,0.016666666666663707,1.0,0.7505397200527255,0.44590274457301193,11.0,17.0,27.0,0.016666666666666666,1.0,0.0,0.7740543281184419,2.043854896971479,1.0,0.44063524601551607,0.015273582206009237,0.010120670340637128,0.1217191922774703,1891
61,constant,0.01,0.8054775342055341,0.812147580266305,0.7077470064398939,0.7077470064398939,0.2876397237436107,0.88,2.0833333333333335,1.0989010989010988,0.8054775342055341,0.010000000000000276,1.0,0.8054775352309327,0.43775891733578026,13.0,17.0,29.0,0.01,1.0,0.0,0.4997510367954535,2.326707361929405,1.0,0.44063524601551607,0.015273582206009237,0.006670046060770818,0.09773052776564028,1953
61,linear,0.01639344262295082,0.7487982197029113,0.7549851682118756,0.6255322575912958,0.6255322575912958,0.27002714892128893,0.88,1.9607843137254901,1.1235955056179776,0.7487982197029113,0.016393442622951,1.0,0.7487982203366472,0.7041127027840152,15.0,17.0,31.0,0.01639344262295082,1.0,0.0,0.06761424501286886,2.0306774123301587,1.0,0.44063524601551607,0.015273582206009237,0.006186948508964285,0.12326596211161545,1953
62,constant,0.01,0.8021693476153295,0.8082573542753132,0.7023103668677606,0.7023103668677606,0.2823401098708919,0.88,2.0408163265306123,1.0989010989010988,0.8021693476153295,0.01000000000000061,1.0,0.8021693490266805,0.40808846290142975,14.0,17.0,30.0,0.01,1.0,0.0,0.4654119465561908,2.3383162154284896,1.0,0.44063524601551607,0.015273582206009237,0.006088006659983658,0.09985898074756894,2016
62,linear,0.016129032258064516,0.7471143537469365,0.7513737796481159,0.6222249299937109,0.6222249299937109,0.26559338749463424,0.98,1.923076923076923,1.1235955056179776,0.7471143537469365,0.016129032258065015,1.0,0.7471143544722026,0.2828087326252376,11.0,17.0,27.0,0.016129032258064516,1.0,0.0,0.9256495211922597,2.077980229763801,1.0,0.43985095710519145,0.01704244078727933,0.004259425901179448,0.12488942375322554,2016
63,constant,0.01,0.798876558047349,0.8034421490013058,0.6968010858082387,0.6968010858082387,0.2771381386562677,0.88,2.0408163265306123,1.0989010989010988,0.798876558047349,0.009999999999999332,1.0,0.7988765593113252,0.4394568825164156,14.0,17.0,30.0,0.01,1.0,0.0,0.017989084597449887,2.3251387307871694,1.0,0.44063524601551607,0.015273582206009237,0.004565590953956811,0.10207547223911029,2080
63,linear,0.015873015873015872,0.7453807903919236,0.7513730380001017,0.6189731284555284,0.6189731284555284,0.2612120005272761,0.88,1.923076923076923,1.1235955056179776,0.7453807903919236,0.01587301587301493,1.0,0.745380792002031,0.43779332497128004,13.0,17.0,29.0,0.01587301587301587,1.0,0.0,0.5906645762656398,2.0833575034796907,1.0,0.44063524601551607,0.015273582206009237,0.0059922476081780696,0.1264076619363952,2080
64,constant,0.01,0.7955868516339603,0.8012119224906812,0.6912643915844383,0.6912643915844383,0.2720320110840156,0.88,2.0,1.0989010989010988,0.7955868516339603,0.010000000000001886,1.0,0.7955868531748768,0.42941815629419944,15.0,17.0,31.0,0.010000000000000004,1.0,0.0,0.7227150942727593,2.3662099684376177,1.0,0.44063524601551607,0.015273582206009237,0.005625070856720926,0.10432246004952195,2145
64,linear,0.015625,0.7436725668493221,0.7498203425230968,0.6156468504886599,0.6156468504886599,0.25688375263729557,0.88,1.923076923076923,1.1235955056179776,0.7436725668493221,0.015625000000001478,1.0,0.7436725676094319,0.3782184581238419,5.0,17.0,21.0,0.015625,1.0,0.0,0.35681879605794015,2.0949663569787753,1.0,0.44063524601551607,0.015273582206009237,0.006147775673774669,0.1280257163606623,2145
65,constant,0.01,0.7923510248975766,0.8017103259527267,0.6857780533463591,0.6857780533463591,0.26701996128435207,0.88,2.0,1.0989010989010988,0.7923510248975766,0.009999999999998111,1.0,0.7923510248977268,0.29594188124549137,10.0,17.0,26.0,0.01,1.0,0.0,0.6477707334540627,2.3778188219367014,1.0,0.44063524601551607,0.015273582206009237,0.009359301055150149,0.10657297155121748,2211
65,linear,0.015384615384615385,0.7418681785035695,0.7465920831567425,0.6122645734314707,0.6122645734314707,0.25260927827739427,0.98,1.8867924528301885,1.1235955056179776,0.7418681785035695,0.015384615384613477,1.0,0.7418681797263789,0.43461306335939276,16.0,17.0,32.0,0.015384615384615385,1.0,0.0,0.6105146771961087,2.1195217287315504,1.0,0.43985095710519145,0.01704244078727933,0.004723904653173072,0.12960360507209878,2211
66,constant,0.01,0.7890425952162786,0.7949855582062376,0.6801942209856644,0.6801942209856644,0.2621002559227354,0.88,2.0,1.0989010989010988,0.7890425952162786,0.009999999999998808,1.0,0.7890425964131101,0.43778123705111954,8.0,17.0,24.0,0.01,1.0,0.0,0.2620031846015355,2.364641337295381,1.0,0.44063524601551607,0.015273582206009237,0.005942962989959,0.10884837423061422,2278
66,linear,0.015151515151515152,0.7401635117435643,0.7494168462270726,0.608981193228119,0.608981193228119,0.2483890930887749,0.98,1.8867924528301885,1.1235955056179776,0.7401635117435643,0.015151515151514217,1.0,0.7401635117819677,0.419666087179305,6.0,17.0,22.0,0.015151515151515152,1.0,0.0,0.9007474798293905,2.1451650852672235,1.0,0.43985095710519145,0.01704244078727933,0.009253334483508291,0.13118231851544526,2278
67,constant,0.01,0.7857183733566646,0.7903520995717188,0.6746776970726254,0.6746776970726254,0.2572711936004207,0.98,1.9607843137254901,1.0989010989010988,0.7857183733566646,0.009999999999999409,1.0,0.785718374994733,0.4976002403581924,10.0,17.0,26.0,0.01,1.0,0.0,0.1965327928131071,2.3737214359347147,1.0,0.43985095710519145,0.01704244078727933,0.004633726215054201,0.11104067628403924,2346
67,linear,0.014925373134328358,0.7384202772406905,0.7438604316047017,0.6056274547872291,0.6056274547872291,0.24422360425635606,0.88,1.8867924528301885,1.1235955056179776,0.7384202772406905,0.014925373134327912,1.0,0.7384202780791304,0.4376275185702918,9.0,17.0,25.0,0.014925373134328358,1.0,0.0,0.22728547578289432,2.134468963486987,1.0,0.44063524601551607,0.015273582206009237,0.00544015436401124,0.13279282245346136,2346
68,constant,0.01,0.7824040354343597,0.7919876423625194,0.669126636951187,0.669126636951187,0.25253110426605946,0.98,1.9607843137254901,1.0989010989010988,0.7824040354343597,0.010000000000002084,1.0,0.7824040364253931,0.438876659049217,11.0,17.0,27.0,0.01,1.0,0.0,0.03364977868770114,2.4002359351667923,1.0,0.43985095710519145,0.01704244078727933,0.009583606928159738,0.11327739848317264,2415
68,linear,0.014705882352941176,0.7365930032752929,0.741680990188919,0.6022032996637273,0.6022032996637273,0.24020524626531797,0.98,1.8867924528301885,1.1111111111111112,0.7365930032752929,0.014705882352942993,1.0,0.7365930051298184,0.42957737267120705,15.0,17.0,31.0,0.014705882352941176,1.0,0.0,0.8405233312539961,2.1791930843671365,1.0,0.43985095710519145,0.01704244078727933,0.005087986913626108,0.13438970361156555,2415
69,constant,0.01,0.7790973842037516,0.7861898587219212,0.6634995520814047,0.6634995520814047,0.24787834863813957,0.98,1.923076923076923,1.0989010989010988,0.7790973842037516,0.010000000000002564,1.0,0.7790973851966255,0.43603834590937973,12.0,17.0,28.0,0.01,1.0,0.0,0.41194445812303704,2.4077494350346282,1.0,0.43985095710519145,0.01704244078727933,0.007092474518169523,0.11559783212234698,2485
69,linear,0.014492753623188406,0.7348683458917027,0.7434466694385384,0.5988584090076887,0.5988584090076887,0.23624298413051495,0.88,1.8518518518518516,1.1111111111111112,0.7348683458917027,0.014492753623190904,1.0,0.7348683470417597,0.43777693376441373,8.0,17.0,24.0,0.014492753623188406,1.0,0.0,0.6162765614549679,2.187149054636519,1.0,0.44063524601551607,0.015273582206009237,0.008578323546835742,0.13600993688401397,2485
70,constant,0.01,0.775840719044134,0.7840111516178533,0.6579863734247118,0.6579863734247118,0.24331131763806724,0.88,1.923076923076923,1.0989010989010988,0.775840719044134,0.01000000000000099,1.0,0.7758407204715889,0.43777379284052753,8.0,17.0,24.0,0.01,1.0,0.0,0.5512444785628979,2.4157527973026776,1.0,0.44063524601551607,0.015273582206009237,0.0081704325737193,0.11785434561942221,2556
70,linear,0.014285714285714285,0.7330237495809996,0.7381362603730031,0.5954866480617682,0.5954866480617682,0.23233161908552613,0.98,1.8518518518518516,1.1111111111111112,0.7330237495809996,0.014285714285715264,1.0,0.7330237511867567,0.43781424214250764,5.0,17.0,21.0,0.014285714285714285,1.0,0.0,0.9025973992800298,2.194220084102809,1.0,0.43985095710519145,0.01704244078727933,0.005112510792003477,0.13753710151923138,2556
71,constant,0.01,0.7724914345913967,0.7784465231274117,0.6523828675809715,0.6523828675809715,0.2388284318336936,0.88,1.923076923076923,1.0989010989010988,0.7724914345913967,0.010000000000003301,1.0,0.7724914354840715,0.43777417208132363,6.0,17.0,22.0,0.01,1.0,0.0,0.0732580512376234,2.4025753126613574,1.0,0.44063524601551607,0.015273582206009237,0.005955088536015007,0.12010856701042516,2628
71,linear,0.014084507042253521,0.7312237584161135,0.7395465184656009,0.5920482464488106,0.5920482464488106,0.22847139651069595,0.98,1.8518518518518516,1.1111111111111112,0.7312237584161135,0.0140845070422564,1.0,0.7312237601865986,0.46929055117572366,11.0,17.0,27.0,0.014084507042253523,1.0,0.0,0.3691518373243974,2.220734583334887,1.0,0.43985095710519145,0.01704244078727933,0.008322760049487399,0.13917551196730293,2628
72,constant,0.01,0.7691487931139229,0.7731068007470965,0.6467725024916067,0.6467725024916067,0.2344515493780053,0.98,1.8867924528301885,1.0869565217391304,0.7691487931139229,0.010000000000000774,1.0,0.769148794739315,0.46935839032612775,12.0,17.0,28.0,0.01,1.0,0.0,0.11974119744049878,2.4121600779703005,1.0,0.43985095710519145,0.01704244078727933,0.003958007633173555,0.12237629062231625,2701
72,linear,0.013888888888888888,0.7294273094504397,0.7363835018215628,0.5886156766922719,0.5886156766922719,0.22466248473513095,0.88,1.8181818181818181,1.1111111111111112,0.7294273094504397,0.013888888888889622,1.0,0.7294273105752322,0.4377425628672115,8.0,17.0,24.0,0.013888888888888888,1.0,0.0,0.5074080396052674,2.226651661144732,1.0,0.44063524601551607,0.015273582206009237,0.006956192371123104,0.14081163275816777,2701
73,constant,0.01,0.7658156807043127,0.7748967301223882,0.6412160232275564,0.6412160232275564,0.2301768399572393,0.88,1.8867924528301885,1.0869565217391304,0.7658156807043127,0.009999999999999508,1.0,0.7658156814820288,0.4388210416207758,13.0,17.0,29.0,0.010000000000000004,1.0,0.0,0.9638906813451157,2.4552554038108885,1.0,0.44063524601551607,0.015273582206009237,0.009081049418075526,0.12459965747675628,2775
73,linear,0.0136986301369863,0.7275749092970546,0.7324048897133001,0.5852343975546901,0.5852343975546901,0.2209049815667985,0.98,1.8181818181818181,1.1111111111111112,0.7275749092970546,0.01369863013698533,1.0,0.7275749105027766,0.40181777895388154,9.0,17.0,25.0,0.0136986301369863,1.0,0.0,0.37754024916488776,2.235761583070559,1.0,0.43985095710519145,0.01704244078727933,0.004829980416245494,0.1423405117423645,2775
74,constant,0.01,0.7625126568897196,0.7706657058455905,0.6355721372298018,0.6355721372298018,0.22598007048048505,0.98,1.8867924528301885,1.0869565217391304,0.7625126568897196,0.00999999999999515,1.0,0.7625126569335637,0.4376896091330059,3.0,17.0,19.0,0.01,1.0,0.0,0.2396181470763301,2.4461880770702145,1.0,0.43985095710519145,0.01704244078727933,0.008153048955870879,0.12694051965991782,2850
74,linear,0.013513513513513514,0.725711449757948,0.7353502455374477,0.5817900097842899,0.5817900097842899,0.21719892029144958,0.98,1.8181818181818181,1.1111111111111112,0.725711449757948,0.013513513513508843,1.0,0.7257114505631117,0.43889871377679157,11.0,17.0,27.0,0.013513513513513514,1.0,0.0,0.05376430232607013,2.262276082302636,1.0,0.43985095710519145,0.01704244078727933,0.009638795779499665,0.14392143997365814,2850
75,constant,0.01,0.759225011117911,0.7669377326249947,0.629978989184307,0.629978989184307,0.2218598198839287,0.98,1.8518518518518516,1.0869565217391304,0.759225011117911,0.010000000000000692,1.0,0.759225012674791,0.4377631249557067,8.0,17.0,24.0,0.010000000000000002,1.0,0.0,0.5381147404149677,2.45370157693805,1.0,0.43985095710519145,0.01704244078727933,0.007712721507083686,0.12924602193360402,2926
75,linear,0.013333333333333334,0.7239052644752062,0.7315505902994129,0.5782823612366406,0.5782823612366406,0.213553170301333,0.98,1.8181818181818181,1.0989010989010988,0.7239052644752062,0.013333333333334276,1.0,0.7239052658101375,0.5816830181961875,11.0,17.0,27.0,0.013333333333333336,1.0,0.0,0.16042066939997077,2.269789582170473,1.0,0.43985095710519145,0.01704244078727933,0.007645325824206739,0.14562290323856564,2926
76,constant,0.01,0.7558627641607915,0.7620655429051248,0.6243909304144889,0.6243909304144889,0.21781469301373602,0.98,1.8518518518518516,1.0869565217391304,0.7558627641607915,0.01000000000000226,1.0,0.7558627655320906,0.43789925700047166,7.0,17.0,23.0,0.01,1.0,0.0,0.929341832976722,2.4612150768058876,1.0,0.43985095710519145,0.01704244078727933,0.006202778744333393,0.13147183374630256,3003
76,linear,0.013157894736842105,0.7220715329596511,0.7272908573471382,0.5748785100145304,0.5748785100145304,0.21003307050684586,0.98,1.7857142857142856,1.0989010989010988,0.7220715329596511,0.013157894736844528,1.0,0.7220715336440723,0.4376286383145695,9.0,17.0,25.0,0.013157894736842105,1.0,0.0,0.292720324706624,2.2773030820383084,1.0,0.43985095710519145,0.01704244078727933,0.005219324387487068,0.1471930229451207,3003
77,constant,0.01,0.7525111817572291,0.7564920573406547,0.6187184807590125,0.6187184807590125,0.21384332015364088,0.98,1.8518518518518516,1.0869565217391304,0.7525111817572291,0.009999999999996836,1.0,0.7525111829673453,0.43778015805067905,8.0,17.0,24.0,0.01,1.0,0.0,0.151825690481597,2.4505987200058876,1.0,0.43985095710519145,0.01704244078727933,0.003980875583425636,0.1337927009982166,3081
77,linear,0.012987012987012988,0.7201452229831954,0.7219990960318007,0.5714356362663648,0.5714356362663648,0.20656032532768048,0.98,1.7857142857142856,1.0989010989010988,0.7201452229831954,0.012987012987009291,1.0,0.7201452235554325,0.8171516888721079,15.0,17.0,31.0,0.012987012987012988,1.0,0.0,0.024100040797972636,2.284816581906146,1.0,0.43985095710519145,0.01704244078727933,0.0018538730486052923,0.14870958671683054,3081
78,constant,0.01,0.7491498287264114,0.7539294608486485,0.6131422441904386,0.6131422441904386,0.2099443565611469,0.98,1.8181818181818181,1.0869565217391304,0.7491498287264114,0.010000000000001315,1.0,0.7491498299400823,0.4339332975045871,18.0,17.0,34.0,0.010000000000000002,1.0,0.0,0.628219360844806,2.4771132192379635,1.0,0.43985095710519145,0.01704244078727933,0.0047796321222370874,0.13600758453597284,3160
78,linear,0.01282051282051282,0.7183386414770031,0.7273717544234007,0.5679328143140194,0.5679328143140194,0.2031349136940197,0.98,1.7857142857142856,1.0989010989010988,0.7183386414770031,0.01282051282051448,1.0,0.7183386420772675,0.4377876893935563,8.0,17.0,24.0,0.01282051282051282,1.0,0.0,0.811678081065584,2.3294609378060596,1.0,0.43985095710519145,0.01704244078727933,0.009033112946397637,0.15040582716298367,3160
79,constant,0.01,0.7458420080297106,0.7539757569244481,0.6075340660859687,0.6075340660859687,0.20611648201218571,0.98,1.8181818181818181,1.0869565217391304,0.7458420080297106,0.010000000000003947,1.0,0.7458420096129239,0.43862767591115687,6.0,17.0,22.0,0.01,1.0,0.0,0.28456611041006385,2.4846267191058002,1.0,0.43985095710519145,0.01704244078727933,0.008133748894737503,0.13830794194374185,3240
79,linear,0.012658227848101266,0.71646378052558,0.7220089835715872,0.5644249886442219,0.5644249886442219,0.19975676702502812,0.98,1.7543859649122808,1.0989010989010988,0.71646378052558,0.012658227848104935,1.0,0.7164637819175764,0.43773289584530034,8.0,17.0,24.0,0.012658227848101266,1.0,0.0,0.1990416327490411,2.3188445810060587,1.0,0.43985095710519145,0.01704244078727933,0.005545203046007141,0.15203879188135816,3240
80,constant,0.01,0.7425377681716976,0.750409822353776,0.6018445876555285,0.6018445876555285,0.20235840035407707,0.98,1.8181818181818181,1.0869565217391304,0.7425377681716976,0.009999999999999126,1.0,0.7425377694185439,0.43775854508247836,8.0,17.0,24.0,0.009999999999999997,1.0,0.0,0.6030663173190902,2.492140218973636,1.0,0.43985095710519145,0.01704244078727933,0.00787205418207837,0.14069318051616908,3321
80,linear,0.0125,0.7145241588993864,0.7168484299444953,0.560990473577452,0.560990473577452,0.19642577320697716,0.98,1.7543859649122808,1.0989010989010988,0.7145241588993864,0.012499999999999161,1.0,0.7145241606703144,0.5236837630304442,9.0,17.0,25.0,0.0125,1.0,0.0,0.07963668924516056,2.3263580808738946,1.0,0.43985095710519145,0.01704244078727933,0.0023242710451089055,0.15353368532193434,3321
81,constant,0.01,0.7391821004765763,0.7459602486836722,0.5962842306805116,0.5962842306805116,0.19866883906664007,0.98,1.7857142857142856,1.0869565217391304,0.7391821004765763,0.009999999999997957,1.0,0.7391821017009788,0.43792120974890564,7.0,17.0,23.0,0.01,1.0,0.0,0.9419819962941085,2.499653718841474,1.0,0.43985095710519145,0.01704244078727933,0.00677814820709588,0.14289786979606467,3403
81,linear,0.012345679012345678,0.7126749219109026,0.7213288919826245,0.5574991454610547,0.5574991454610547,0.19314178026890216,0.98,1.7543859649122808,1.0989010989010988,0.7126749219109026,0.012345679012343777,1.0,0.7126749228483189,0.43776064121525227,8.0,17.0,24.0,0.012345679012345678,1.0,0.0,0.7818431800905822,2.371002436773808,1.0,0.43985095710519145,0.01704244078727933,0.008653970071721862,0.15517577644984792,3403
82,constant,0.01,0.7358370338165742,0.7404648890795879,0.5906671038771161,0.5906671038771161,0.1950465488313064,0.98,1.7857142857142856,1.0869565217391304,0.7358370338165742,0.010000000000003239,1.0,0.7358370343700661,0.43763110243356956,9.0,17.0,25.0,0.009999999999999993,1.0,0.0,0.26133646447668757,2.489037362041473,1.0,0.43985095710519145,0.01704244078727933,0.0046278552630136804,0.1451699299394581,3486
82,linear,0.012195121951219513,0.7107906717934905,0.7175629352372184,0.5539508169302875,0.5539508169302875,0.18990459978043422,0.98,1.7543859649122808,1.0989010989010988,0.7107906717934905,0.012195121951222855,1.0,0.7107906727807103,0.43793808245007665,7.0,17.0,23.0,0.012195121951219514,1.0,0.0,0.8625005708193759,2.3785159366416457,1.0,0.43985095710519145,0.01704244078727933,0.006772263443727833,0.15683985486320307,3486
83,constant,0.01,0.7324538095768816,0.7355203808942211,0.584971822798056,0.584971822798056,0.1914903031080896,0.98,1.7857142857142856,1.0869565217391304,0.7324538095768816,0.010000000000003261,1.0,0.7324538107844186,0.437689520752354,8.0,17.0,24.0,0.01,1.0,0.0,0.393309063218805,2.4965508619093084,1.0,0.43985095710519145,0.01704244078727933,0.0030665713173395615,0.1474819867788255,3570
83,linear,0.012048192771084338,0.7088688973900563,0.7122200127314274,0.5504584378281014,0.5504584378281014,0.1867140099942285,0.98,1.7241379310344829,1.0989010989010988,0.7088688973900563,0.01204819277108755,1.0,0.7088688982611134,0.4376274237279209,9.0,17.0,25.0,0.012048192771084338,1.0,0.0,0.1230451706352035,2.367899579841645,1.0,0.43985095710519145,0.01704244078727933,0.0033511153413711137,0.15841045956195487,3570
84,constant,0.01,0.7291186497432534,0.7352935800349145,0.5794256612271304,0.5794256612271304,0.18799889772026807,0.98,1.7543859649122808,1.0869565217391304,0.7291186497432534,0.009999999999997856,1.0,0.7291186514626748,0.42680643212059666,9.0,17.0,25.0,0.01,1.0,0.0,0.6546079534190352,2.5230653611413865,1.0,0.43985095710519145,0.01704244078727933,0.006174930291661163,0.149692988516123,3655
84,linear,0.011904761904761904,0.7069296126782691,0.7140868838063328,0.5469847199277653,0.5469847199277653,0.183569758753412,0.98,1.7241379310344829,1.0989010989010988,0.7069296126782691,0.011904761904759748,1.0,0.7069296138268477,0.43791024290601777,9.0,17.0,25.0,0.011904761904761904,1.0,0.0,0.8151235739228814,2.4125439357415583,1.0,0.43985095710519145,0.01704244078727933,0.007157271128063636,0.15994489275050383,3655
85,constant,0.01,0.7258017508234338,0.7343195418391412,0.5738104431232552,0.5738104431232552,0.18457115044663946,0.98,1.7543859649122808,1.0869565217391304,0.7258017508234338,0.009999999999997743,1.0,0.725801751625442,0.4377599004443912,8.0,17.0,24.0,0.01,1.0,0.0,0.7560570653288536,2.5305788610092224,1.0,0.43985095710519145,0.01704244078727933,0.008517791015707377,0.15199130770017855,3741
85,linear,0.011764705882352941,0.705072433922024,0.7126142671840151,0.5434569834607561,0.5434569834607561,0.18050049244552666,0.98,1.7241379310344829,1.0869565217391304,0.705072433922024,0.011764705882350738,1.0,0.7050724351172836,0.4377669762670959,8.0,17.0,24.0,0.011764705882352941,1.0,0.0,0.7089304646094332,2.4200574356093942,1.0,0.43985095710519145,0.01704244078727933,0.007541833261991093,0.1616154504612679,3741
86,constant,0.01,0.7224652195281555,0.7298712104647642,0.5681202545053774,0.5681202545053774,0.1812059006212106,0.98,1.7543859649122808,1.0869565217391304,0.7224652195281555,0.01000000000000268,1.0,0.7224652208642016,0.43796342824591555,7.0,17.0,23.0,0.01,1.0,0.0,0.10632954846014399,2.519962504209221,1.0,0.43985095710519145,0.01704244078727933,0.007405990936608764,0.15434496502277806,3828
86,linear,0.011627906976744186,0.7031375043696538,0.7077719031519986,0.5398750268576907,0.5398750268576907,0.17751633952526777,0.98,1.7241379310344829,1.0869565217391304,0.7031375043696538,0.011627906976746994,1.0,0.703137506107819,0.4377314482057339,8.0,17.0,24.0,0.011627906976744184,1.0,0.0,0.07379275864466857,2.4094410788093943,1.0,0.43985095710519145,0.01704244078727933,0.004634398782344729,0.1632624775119631,3828
87,constant,0.01,0.7191326723040714,0.7249699114057566,0.5625860228175339,0.5625860228175339,0.17790200874018494,0.98,1.7241379310344829,1.0869565217391304,0.7191326723040714,0.009999999999999416,1.0,0.7191326730060636,0.43762709078572487,9.0,17.0,25.0,0.009999999999999998,1.0,0.0,0.44123225138679373,2.5274760040770587,1.0,0.43985095710519145,0.01704244078727933,0.00583723910168521,0.15654664948653751,3916
87,linear,0.011494252873563218,0.7011543357562108,0.7025053014723445,0.5363917558796535,0.5363917558796535,0.17457453832514552,0.98,1.6949152542372883,1.0869565217391304,0.7011543357562108,0.011494252873562465,1.0,0.7011543363138643,0.4277240995702869,11.0,17.0,27.0,0.011494252873563218,1.0,0.0,0.6116222751819981,2.4350844353450665,1.0,0.43985095710519145,0.01704244078727933,0.0013509657161336897,0.1647625798765573,3916
88,constant,0.01,0.7157644916882486,0.720269867056216,0.556983238300263,0.556983238300263,0.17465835607611685,0.98,1.7241379310344829,1.0869565217391304,0.7157644916882486,0.009999999999999136,1.0,0.7157644929147071,0.4377260269519986,8.0,17.0,24.0,0.009999999999999998,1.0,0.0,0.8344355636718674,2.5349895039448946,1.0,0.43985095710519145,0.01704244078727933,0.004505375367967357,0.15878125338798565,4005
88,linear,0.011363636363636364,0.6992746023383982,0.7073296548895693,0.5328901039220726,0.5328901039220726,0.1716748559082264,0.98,1.6949152542372883,1.0869565217391304,0.6992746023383982,0.011363636363635573,1.0,0.6992746034510244,0.4377506952384457,8.0,17.0,24.0,0.011363636363636364,1.0,0.0,0.7327747128548809,2.4615989345771445,1.0,0.43985095710519145,0.01704244078727933,0.008055052551171116,0.16638449841632563,4005
89,constant,0.01,0.7123891431361639,0.714866043685231,0.5513086883708549,0.5513086883708549,0.17147384429910015,0.98,1.7241379310344829,1.0869565217391304,0.7123891431361639,0.010000000000001024,1.0,0.712389144057931,0.437774326200059,8.0,17.0,24.0,0.01,1.0,0.0,0.10608169705963513,2.524373147144894,1.0,0.43985095710519145,0.01704244078727933,0.002476900549067129,0.16108045476530897,4095
89,linear,0.011235955056179775,0.6973464789143535,0.703450816752276,0.5293370840166981,0.5293370840166981,0.16881703597536493,0.98,1.6949152542372883,1.0869565217391304,0.6973464789143535,0.011235955056180913,1.0,0.6973464794332808,0.4377380330605115,8.0,17.0,24.0,0.011235955056179775,1.0,0.0,0.8328691003059694,2.4691124344449804,1.0,0.43985095710519145,0.01704244078727933,0.006104337837922524,0.16800939489765543,4095
90,constant,0.01,0.7090312588592406,0.7166579790299246,0.5457836072699347,0.5457836072699347,0.1683473951048638,0.98,1.6949152542372883,1.0869565217391304,0.7090312588592406,0.010000000000000314,1.0,0.7090312605671387,0.4380349247882882,12.0,17.0,28.0,0.01,1.0,0.0,0.2359874633124643,2.5508876463769714,1.0,0.43985095710519145,0.01704244078727933,0.007626720170683998,0.16324765158930588,4186
90,linear,0.011111111111111112,0.6953789944009563,0.6982012632894979,0.525732488915327,0.525732488915327,0.16600080090718697,0.98,1.6949152542372883,1.0869565217391304,0.6953789944009563,0.011111111111111448,1.0,0.6953789952152205,0.4376267564238415,9.0,17.0,25.0,0.011111111111111112,1.0,0.0,0.10703942707415819,2.4584960776449805,1.0,0.43985095710519145,0.01704244078727933,0.002822268888541646,0.16964650548562932,4186
91,constant,0.01,0.7057210129103773,0.7127435449567254,0.5402034334203799,0.5402034334203799,0.1652779498496486,0.98,1.6949152542372883,1.0869565217391304,0.7057210129103773,0.010000000000003758,1.0,0.7057210137959741,0.43797124626262335,7.0,17.0,23.0,0.009999999999999997,1.0,0.0,0.49311557393836475,2.5584011462448073,1.0,0.43985095710519145,0.01704244078727933,0.007022532046348173,0.16551757948999735,4278
91,linear,0.01098901098901099,0.6934044818366004,0.7008091986171637,0.5222510013496287,0.5222510013496287,0.1632258536614576,0.98,1.6666666666666667,1.0869565217391304,0.6934044818366004,0.01098901098901459,1.0,0.6934044828495403,0.4379134597336009,7.0,17.0,23.0,0.01098901098901099,1.0,0.0,0.8456198786717004,2.503140433544894,1.0,0.43985095710519145,0.01704244078727933,0.007404716780563314,0.17115348048697177,4278
92,constant,0.01,0.7024081043754601,0.7099389906440969,0.5345547055937125,0.5345547055937125,0.1622644691917406,0.98,1.6949152542372883,1.0869565217391304,0.7024081043754601,0.010000000000001612,1.0,0.7024081049028754,0.4376264109047336,9.0,17.0,25.0,0.01,1.0,0.0,0.6983012758934202,2.565914646112645,1.0,0.43985095710519145,0.01704244078727933,0.007530886268636849,0.16785339878174754,4371
92,linear,0.010869565217391304,0.6915058862715969,0.6989066067674632,0.5187318677232118,0.5187318677232118,0.16049187953648886,0.98,1.6666666666666667,1.0869565217391304,0.6915058862715969,0.010869565217392956,1.0,0.6915058875656087,0.43776247153226333,8.0,17.0,24.0,0.010869565217391304,1.0,0.0,0.7685479769008468,2.5106539334127307,1.0,0.43985095710519145,0.01704244078727933,0.007400720495866264,0.17277401854838514,4371
93,constant,0.01,0.6990668711480218,0.7050132787301047,0.5290355458888958,0.5290355458888958,0.1593059327395409,0.98,1.6666666666666667,1.0869565217391304,0.6990668711480218,0.009999999999998614,1.0,0.699066871989628,0.4377275091612206,8.0,17.0,24.0,0.010000000000000002,1.0,0.0,0.17936694459786617,2.555298289312644,1.0,0.43985095710519145,0.01704244078727933,0.005946407582082869,0.170031325259126,4465
93,linear,0.010752688172043012,0.6895439791587546,0.6940578645400144,0.5151638982329243,0.5151638982329243,0.1577985478103869,0.98,1.6666666666666667,1.0869565217391304,0.6895439791587546,0.010752688172041525,1.0,0.6895439810960433,0.43773242252992783,8.0,17.0,24.0,0.01075268817204301,1.0,0.0,0.12386248046167722,2.5000375766127303,1.0,0.43985095710519145,0.01704244078727933,0.004513885381259741,0.17438008092583035,4465
94,constant,0.01,0.6957238307996442,0.7002984001608816,0.5234878002474449,0.5234878002474449,0.1564013387060518,0.98,1.6666666666666667,1.0869565217391304,0.6957238307996442,0.009999999999999004,1.0,0.69572383257303,0.43776244281919113,8.0,17.0,24.0,0.01,1.0,0.0,0.43138332720054046,2.56281178918048,1.0,0.43985095710519145,0.01704244078727933,0.004574569361237457,0.17223603055219927,4560
94,linear,0.010638297872340425,0.6875300650629799,0.6891605052305043,0.5115468861245904,0.5115468861245904,0.15514551326514894,0.98,1.6666666666666667,1.0869565217391304,0.6875300650629799,0.01063829787233944,1.0,0.6875300660175688,0.4377546095208971,8.0,17.0,24.0,0.010638297872340425,1.0,0.0,0.08876422487610575,2.507551076480566,1.0,0.43985095710519145,0.01704244078727933,0.0016304401675244495,0.17598317893838944,4560
95,constant,0.01,0.6923663259806172,0.6954709493250267,0.5178747047023367,0.5178747047023367,0.1535497035696628,0.98,1.6666666666666667,1.0869565217391304,0.6923663259806172,0.01000000000000297,1.0,0.6923663267756207,0.4376180187124544,9.0,17.0,25.0,0.01,1.0,0.0,0.94841153700595,2.5703252890483173,1.0,0.43985095710519145,0.01704244078727933,0.0031046233444095295,0.17449162127828055,4656
95,linear,0.010526315789473684,0.6855925624005548,0.6940061895596286,0.5080590458906175,0.5080590458906175,0.15253241760391095,0.98,1.639344262295082,1.0869565217391304,0.6855925624005548,0.010526315789476628,1.0,0.685592563342482,0.43775095077415294,8.0,17.0,24.0,0.010526315789473682,1.0,0.0,0.8532855419894846,2.5521954323804796,1.0,0.43985095710519145,0.01704244078727933,0.008413627159073789,0.17753351650993732,4656
96,constant,0.01,0.6889919169986324,0.6904264249707652,0.5123578473574736,0.5123578473574736,0.15075006174112113,0.98,1.639344262295082,1.0869565217391304,0.6889919169986324,0.01000000000000103,1.0,0.6889919178822325,0.437732421518523,8.0,17.0,24.0,0.01,1.0,0.0,0.07851074262661116,2.5597089322483164,1.0,0.43985095710519145,0.01704244078727933,0.001434507972132848,0.1766340696411588,4753
96,linear,0.010416666666666666,0.6836488475785267,0.6901670599989348,0.5045321731631396,0.5045321731631396,0.14995889076899,0.98,1.639344262295082,1.0869565217391304,0.6836488475785267,0.010416666666667546,1.0,0.6836488482216566,0.43773909912121145,8.0,17.0,24.0,0.010416666666666666,1.0,0.0,0.032107698299397615,2.541579075580479,1.0,0.43985095710519145,0.01704244078727933,0.006518212420408065,0.17911667441538714,4753
97,constant,0.01,0.6856675690059475,0.6928771308309247,0.5068519793588158,0.5068519793588158,0.14800146523657493,0.98,1.639344262295082,1.0869565217391304,0.6856675690059475,0.010000000000001634,1.0,0.6856675709048882,0.438063603648218,7.0,17.0,23.0,0.01,1.0,0.0,0.30500505066797345,2.5862234314803927,1.0,0.43985095710519145,0.01704244078727933,0.007209561824977229,0.17881558964713173,4851
97,linear,0.010309278350515464,0.6816661823255898,0.6851457402804999,0.5009588962490081,0.5009588962490081,0.14742455216777298,0.98,1.639344262295082,1.0869565217391304,0.6816661823255898,0.01030927835051694,1.0,0.6816661832766178,0.4376252624923892,9.0,17.0,25.0,0.010309278350515464,1.0,0.0,0.2477033923217228,2.5490925754483165,1.0,0.43985095710519145,0.01704244078727933,0.003479557954910062,0.1807072860765817,4851
98,constant,0.01,0.6823618658556583,0.6893440499444781,0.501283945728548,0.501283945728548,0.14530298335657715,0.98,1.639344262295082,1.0869565217391304,0.6823618658556583,0.010000000000002118,1.0,0.6823618675485698,0.4379446429821832,7.0,17.0,23.0,0.01,1.0,0.0,0.618959706246383,2.59373693134823,1.0,0.43985095710519145,0.01704244078727933,0.006982184088819787,0.18107792012711033,4950
98,linear,0.01020408163265306,0.679626652464622,0.680407884355178,0.4973390133186134,0.4973390133186134,0.14492901181295612,0.98,1.639344262295082,1.0869565217391304,0.679626652464622,0.010204081632655064,1.0,0.6796266535478088,0.4377262451763592,8.0,17.0,24.0,0.01020408163265306,1.0,0.0,0.06581428442043413,2.5566060753161524,1.0,0.43985095710519145,0.01704244078727933,0.0007812318905560112,0.18228763914600854,4950
99,constant,0.01,0.6790551790353665,0.6862136007065535,0.49576543800848794,0.49576543800848794,0.14265370237094235,0.98,1.6129032258064517,1.0869565217391304,0.6790551790353665,0.0099999999999989,1.0,0.6790551803904323,0.4377591223121285,8.0,17.0,24.0,0.01,1.0,0.0,0.8132737294153678,2.601250431216066,1.0,0.43985095710519145,0.01704244078727933,0.007158421671186965,0.18328974102687856,5050
99,linear,0.010101010101010102,0.6776974324562197,0.6861272127057383,0.4938360198617372,0.4938360198617372,0.14247187138314268,0.98,1.6129032258064517,1.0869565217391304,0.6776974324562197,0.0101010101010089,1.0,0.6776974332634245,0.437763790446311,8.0,17.0,24.0,0.0101010101010101,1.0,0.0,0.9938359171512827,2.601250431216066,1.0,0.43985095710519145,0.01704244078727933,0.00842978024951857,0.18386141259448252,5050
100,constant,0.01,0.6757331062399188,0.681048753671275,0.4903105232259273,0.4903105232259273,0.14005920144530712,0.98,1.6129032258064517,1.0707512486174096,0.6757331062399188,0.010000000000000977,1.0,0.6757331080409544,0.4377338445847539,8.0,17.0,24.0,0.009999999999999992,1.0,0.0,0.3473335432516718,2.590634074416065,1.0,0.43985095710519145,0.01704244078727933,0.005315647431356263,0.1854225830139915,5151
100,linear,0.01,0.6757331062399188,0.681048753671275,0.4903105232259273,0.4903105232259273,0.14005920144530712,0.98,1.6129032258064517,1.0707512486174096,0.6757331062399188,0.010000000000000977,1.0,0.6757331080409544,0.4377338445847539,8.0,17.0,24.0,0.009999999999999992,1.0,0.0,0.3473335432516718,2.590634074416065,1.0,0.43985095710519145,0.01704244078727933,0.005315647431356263,0.1854225830139915,5151
101,constant,0.01,0.6724018823267938,0.6766922043069591,0.4847965960361895,0.4847965960361895,0.13754199936156097,0.98,1.6129032258064517,1.0707512486174096,0.6724018823267938,0.009999999999998984,1.0,0.672401883541682,0.4377538047940455,8.0,17.0,24.0,0.01,1.0,0.0,0.5996635004796101,2.5981475742839026,1.0,0.43985095710519145,0.01704244078727933,0.004290321980165324,0.18760528629060425,5253
101,linear,0.009900990099009901,0.6737230854638167,0.6767261936973277,0.4867409666087793,0.4867409666087793,0.1377503237994421,0.98,1.6129032258064517,1.0707512486174096,0.6737230854638167,0.009900990099008852,1.0,0.6737230869383887,0.4377550411714349,8.0,17.0,24.0,0.009900990099009901,1.0,0.0,0.3837131821496525,2.5981475742839026,1.0,0.43985095710519145,0.01704244078727933,0.0030031082335110204,0.18698211885503735,5253
102,constant,0.01,0.6690677453437632,0.6717115495813939,0.4792722037453252,0.4792722037453252,0.13507003747813748,0.98,1.5873015873015872,1.0707512486174096,0.6690677453437632,0.01000000000000005,1.0,0.669067746387721,0.43762251410248065,9.0,17.0,25.0,0.01,1.0,0.0,0.13384410289879653,2.5875312174839027,1.0,0.43985095710519145,0.01704244078727933,0.0026438042376306647,0.18979554159843803,5356
102,linear,0.00980392156862745,0.6716748461652589,0.6718353348232806,0.4831271562328717,0.4831271562328717,0.1354754676896082,0.98,1.6129032258064517,1.0707512486174096,0.6716748461652589,0.009803921568627498,1.0,0.6716748467061234,0.44218801592806684,7.0,17.0,23.0,0.009803921568627453,1.0,0.0,0.007970238807085623,2.6056610741517403,1.0,0.43985095710519145,0.01704244078727933,0.00016048865802176238,0.18854768993238713,5356
103,constant,0.01,0.6657190005613481,0.6669951675127632,0.4738769406129697,0.4738769406129697,0.1326425027193847,0.98,1.5873015873015872,1.0707512486174096,0.6657190005613481,0.010000000000000928,1.0,0.6657190025542458,0.4377314545602844,8.0,17.0,24.0,0.01,1.0,0.0,0.2570103372808768,2.5950447173517395,1.0,0.43985095710519145,0.01704244078727933,0.0012761669514150809,0.19184205994837844,5460
103,linear,0.009708737864077669,0.6697354573368665,0.6762722199042972,0.4795996694863165,0.4795996694863165,0.13323432213556544,0.98,1.5873015873015872,1.0707512486174096,0.6697354573368665,0.009708737864078798,1.0,0.6697354591498608,0.43795956581985623,7.0,17.0,23.0,0.009708737864077669,1.0,0.0,0.4826571671779883,2.632175573383816,1.0,0.43985095710519145,0.01704244078727933,0.006536762567430743,0.19013578785054996,5460
104,constant,0.01,0.66238374044443,0.6665454210707141,0.4684257771340671,0.4684257771340671,0.13025859662258377,0.98,1.5873015873015872,1.0707512486174096,0.66238374044443,0.010000000000000986,1.0,0.6623837421178591,0.4507034418157974,12.0,17.0,28.0,0.01,1.0,0.0,0.9220025024366924,2.6215592165838153,1.0,0.43985095710519145,0.01704244078727933,0.004161680626284081,0.19395796331036297,5565
104,linear,0.009615384615384616,0.667760141220284,0.672954865469874,0.47608410166510573,0.47608410166510573,0.13102656810935223,0.98,1.5873015873015872,1.0707512486174096,0.667760141220284,0.009615384615385573,1.0,0.6677601419019363,0.43762521724688425,9.0,17.0,25.0,0.009615384615384616,1.0,0.0,0.550519370549768,2.639689073251653,1.0,0.43985095710519145,0.01704244078727933,0.005194724249589999,0.1916760395551783,5565
105,constant,0.01,0.6591004901373393,0.666734096732629,0.46291813412486527,0.46291813412486527,0.127917535075319,0.98,1.5873015873015872,1.0707512486174096,0.6591004901373393,0.009999999999996064,1.0,0.6591004908022449,0.4377295790452868,8.0,17.0,24.0,0.01,1.0,0.0,0.8562462865579672,2.629072716451653,1.0,0.43985095710519145,0.01704244078727933,0.007633606595289666,0.19618235601247402,5671
105,linear,0.009523809523809525,0.665737038773217,0.6684621194487604,0.47252673976589565,0.47252673976589565,0.12885187937996578,0.98,1.5873015873015872,1.0707512486174096,0.665737038773217,0.009523809523805608,1.0,0.665737039331955,0.4376153016713848,9.0,17.0,25.0,0.009523809523809525,1.0,0.0,0.7276476075687109,2.647202573119489,1.0,0.43985095710519145,0.01704244078727933,0.0027250806755434454,0.19321029900732134,5671
106,constant,0.01,0.6558161612117713,0.6623639276433105,0.45756374170502034,0.45756374170502034,0.12561854805756853,0.98,1.5625000000000002,1.0707512486174096,0.6558161612117713,0.010000000000004679,1.0,0.6558161617673149,0.4377519852557754,8.0,17.0,24.0,0.01,1.0,0.0,0.23568890268499557,2.618456359651653,1.0,0.43985095710519145,0.01704244078727933,0.006547766431539204,0.198252419506751,5778
106,linear,0.009433962264150943,0.6636774237892533,0.6638065509529293,0.4689274002091933,0.4689274002091933,0.1267099233023549,0.98,1.5873015873015872,1.0707512486174096,0.6636774237892533,0.00943396226415558,1.0,0.6636774246615559,0.4577840955044338,9.0,17.0,25.0,0.009433962264150943,1.0,0.0,0.09060966969695229,2.654716072987326,1.0,0.43985095710519145,0.01704244078727933,0.00012912716367596833,0.19475002358006,5778
107,constant,0.01,0.6525267864585172,0.6582817447211152,0.45218361191393264,0.45218361191393264,0.12336087938842964,0.98,1.5625000000000002,1.0707512486174096,0.6525267864585172,0.010000000000000859,1.0,0.6525267871842167,0.43762074890318015,9.0,17.0,25.0,0.010000000000000005,1.0,0.0,0.6069673639642879,2.6259698595194876,1.0,0.43985095710519145,0.01704244078727933,0.005754958262597976,0.2003431745445846,5886
107,linear,0.009345794392523364,0.6617251529913168,0.6688042225918029,0.4653656479536563,0.4653656479536563,0.12460036155434984,0.98,1.5625000000000002,1.0707512486174096,0.6617251529913168,0.009345794392524052,1.0,0.6617251541606812,0.4377352812135247,8.0,17.0,24.0,0.009345794392523369,1.0,0.0,0.7464738796844026,2.6812305722194023,1.0,0.43985095710519145,0.01704244078727933,0.007079069600486099,0.19635950503766053,5886
108,constant,0.01,0.6492274543441967,0.6539587136299913,0.4467501195459038,0.4467501195459038,0.12114378647739678,0.98,1.5625000000000002,1.0707512486174096,0.6492274543441967,0.009999999999997762,1.0,0.649227455561602,0.4377326795023879,8.0,17.0,24.0,0.01,1.0,0.0,0.03777197384365572,2.6153535027194876,1.0,0.43985095710519145,0.01704244078727933,0.004731259285794542,0.20247733479829289,5995
108,linear,0.009259259259259259,0.6597363883064864,0.6650960881865463,0.46186805122192975,0.46186805122192975,0.12252285082489922,0.98,1.5625000000000002,1.0707512486174096,0.6597363883064864,0.009259259259257056,1.0,0.6597363894128151,0.4377492269449351,8.0,17.0,24.0,0.00925925925925926,1.0,0.0,0.8736531137798531,2.6887440720872386,1.0,0.43985095710519145,0.01704244078727933,0.005359699880059909,0.19786833708455664,5995
109,constant,0.01,0.645927596189175,0.6492010517721469,0.4413824834746405,0.4413824834746405,0.118966540080109,0.98,1.5384615384615388,1.0707512486174096,0.645927596189175,0.010000000000001794,1.0,0.6459275968890335,0.43762639359613753,9.0,17.0,25.0,0.01,1.0,0.0,0.4053906147353333,2.6228670025873253,1.0,0.43985095710519145,0.01704244078727933,0.0032734555829719847,0.20454511271453446,6105
109,linear,0.009174311926605505,0.6577118525454628,0.6603058993272845,0.4583308544472028,0.4583308544472028,0.12047704345674976,0.98,1.5625000000000002,1.0707512486174096,0.6577118525454628,0.009174311926607262,1.0,0.6577118536834746,0.4376220504247848,9.0,17.0,25.0,0.009174311926605505,1.0,0.0,0.17869659331727672,2.6781277152872387,1.0,0.43985095710519145,0.01704244078727933,0.002594046781821624,0.19938099809826004,6105
110,constant,0.01,0.6426203517511524,0.6447247860297013,0.4360812718504139,0.4360812718504139,0.1168284240584875,0.98,1.5384615384615388,1.0707512486174096,0.6426203517511524,0.00999999999999552,1.0,0.6426203525821023,0.4376160832642367,9.0,17.0,25.0,0.01,1.0,0.11616788957617247,0.8369087857727483,2.6303805024551603,1.0,0.43985095710519145,0.01704244078727933,0.0021044342785488945,0.2065390799007385,6216
110,linear,0.00909090909090909,0.6556455737880771,0.6558425869600311,0.4547538856495804,0.4547538856495804,0.11846258804648968,0.98,1.5625000000000002,1.0707512486174096,0.6556455737880771,0.009090909090904565,1.0,0.6556455751656005,0.4377420763857026,8.0,17.0,24.0,0.00909090909090909,1.0,0.2903197795152665,0.07313899232358981,2.6856412151550746,1.0,0.43985095710519145,0.01704244078727933,0.00019701317195397472,0.20089168813849667,6216
111,constant,0.01,0.639309161502801,0.6400499355447957,0.43072975237895106,0.43072975237895106,0.11472873514518439,0.98,1.5384615384615388,1.0707512486174096,0.639309161502801,0.00999999999999648,1.0,0.6393091620790808,0.4376253965132741,9.0,17.0,25.0,0.01,1.0,0.1926187992445193,0.15781921045004815,2.6197641456551604,1.0,0.43985095710519145,0.01704244078727933,0.0007407740419946851,0.20857940912384998,6328
111,linear,0.009009009009009009,0.6536675945475645,0.6611292269745297,0.451147756429485,0.451147756429485,0.11647913000467519,0.98,1.5384615384615388,1.0707512486174096,0.6536675945475645,0.009009009009005562,1.0,0.6536675953851485,0.43775495291920075,8.0,17.0,24.0,0.009009009009009009,1.0,0.0,0.07219092930500028,2.7121557143871526,1.0,0.43985095710519145,0.01704244078727933,0.007461632426965181,0.2025198381180795,6328
112,constant,0.01,0.6359992950334447,0.6360122676999174,0.42534381488076944,0.42534381488076944,0.11266678271226413,0.98,1.5151515151515154,1.0707512486174096,0.6359992950334447,0.010000000000001487,1.0,0.6359992955647166,0.4410091489414265,15.0,17.0,31.0,0.01,1.0,0.476307637989521,0.0891452493993265,2.627277645522998,1.0,0.43985095710519145,0.01704244078727933,1.2972666472710337e-05,0.2106554801526752,6441
112,linear,0.008928571428571428,0.6516754407870013,0.6567100139625197,0.44767570508347243,0.44767570508347243,0.11452631207857436,0.98,1.5384615384615388,1.0707512486174096,0.6516754407870013,0.008928571428573067,1.0,0.6516754424153635,0.4377304172287792,8.0,17.0,24.0,0.008928571428571428,1.0,0.0,0.37563986431981483,2.719669214254987,1.0,0.43985095710519145,0.01704244078727933,0.005034573175518364,0.20399973570352892,6441
113,constant,0.01,0.6327405392719558,0.639233434423635,0.4201290237829939,0.4201290237829939,0.11064188854404315,0.98,1.5151515151515154,1.0707512486174096,0.6327405392719558,0.01000000000000112,1.0,0.6327405404491757,0.43700047928245644,11.0,17.0,27.0,0.010000000000000002,1.0,0.0,0.8382090633342542,2.653792144755074,1.0,0.43985095710519145,0.01704244078727933,0.006492895151679168,0.21261151548896196,6555
113,linear,0.008849557522123894,0.6496485732212888,0.6526359127149292,0.44416618030643573,0.44416618030643573,0.11260377483989377,0.98,1.5384615384615388,1.0707512486174096,0.6496485732212888,0.008849557522125037,1.0,0.6496485737340347,0.437626855186936,9.0,17.0,25.0,0.008849557522123894,1.0,0.0,0.47364294231531207,2.727182714122825,1.0,0.43985095710519145,0.01704244078727933,0.002987339493640384,0.20548239291485304,6555
114,constant,0.01,0.6294935242747106,0.6365958846193589,0.4148669103959999,0.4148669103959999,0.10865338661401161,0.98,1.5151515151515154,1.0707512486174096,0.6294935242747106,0.010000000000005418,1.0,0.6294935250135175,0.4377532340736521,8.0,17.0,24.0,0.01,1.0,0.0,0.011014356477483734,2.643175787955073,1.0,0.43985095710519145,0.01704244078727933,0.007102360344648284,0.21462661387871074,6670
114,linear,0.008771929824561403,0.6475877110693965,0.6482769812050813,0.4406190225540477,0.4406190225540477,0.11071115713969082,0.98,1.5384615384615388,1.0707512486174096,0.6475877110693965,0.008771929824566257,1.0,0.6475877130069254,0.4377422810841725,8.0,17.0,24.0,0.008771929824561403,1.0,0.2042713665869087,0.5175869585834046,2.7346962139906608,1.0,0.43985095710519145,0.01704244078727933,0.0006892701356847608,0.20696868851534878,6670
115,constant,0.01,0.626240555548369,0.6316067633602355,0.40955704528761727,0.40955704528761727,0.10670062286576426,0.98,1.5151515151515154,1.0707512486174096,0.626240555548369,0.00999999999999741,1.0,0.6262405570119228,0.4377270799099789,8.0,17.0,24.0,0.01,1.0,0.0,0.5580827248704884,2.6506892878229107,1.0,0.43985095710519145,0.01704244078727933,0.005366207811866475,0.21668351026075172,6786
115,linear,0.008695652173913044,0.6455665724192536,0.651891993906702,0.4370340661299168,0.4370340661299168,0.10884809653253086,0.98,1.5384615384615388,1.0707512486174096,0.6455665724192536,0.008695652173910459,1.0,0.6455665730126952,0.4378885376591158,7.0,17.0,23.0,0.008695652173913044,1.0,0.0,0.7391971726375419,2.7612107132227384,1.0,0.43985095710519145,0.01704244078727933,0.006325421487448413,0.20853250628933684,6786
116,constant,0.01,0.6229862231853927,0.6277772431559778,0.404336275971912,0.404336275971912,0.10478295499786917,0.98,1.492537313432836,1.0707512486174096,0.6229862231853927,0.010000000000002942,1.0,0.6229862243994131,0.4377479322557163,8.0,17.0,24.0,0.009999999999999998,1.0,0.01954612731933595,0.8751063685691893,2.658202787690746,1.0,0.43985095710519145,0.01704244078727933,0.004791019970585175,0.21864994721348063,6903
116,linear,0.008620689655172414,0.6435793496960226,0.6493665922294215,0.433518782188142,0.433518782188142,0.10701422967181116,0.98,1.5151515151515154,1.0707512486174096,0.6435793496960226,0.008620689655175456,1.0,0.6435793502598302,0.43762223430870295,9.0,17.0,25.0,0.008620689655172415,1.0,0.0,0.7318661356227527,2.7687242130905734,1.0,0.43985095710519145,0.01704244078727933,0.005787242533398906,0.2100605675078806,6903
117,constant,0.01,0.619730353940904,0.6230482289067824,0.3991706184038689,0.3991706184038689,0.10289975225260209,0.98,1.492537313432836,1.0707512486174096,0.619730353940904,0.009999999999999504,1.0,0.6197303550291933,0.4376193515372025,9.0,17.0,25.0,0.01,1.0,0.0,0.384067721281063,2.6475864308907453,1.0,0.43985095710519145,0.01704244078727933,0.00331787496587832,0.22055973553703512,7021
117,linear,0.008547008547008548,0.6415556005411246,0.6451514434969614,0.43004400663121034,0.43004400663121034,0.10520919267804547,0.98,1.5151515151515154,1.0707512486174096,0.6415556005411246,0.00854700854700803,1.0,0.6415556024727597,0.4377315581211522,8.0,17.0,24.0,0.008547008547008548,1.0,0.05918654724955561,0.02615478396695994,2.7581078562905734,1.0,0.43985095710519145,0.01704244078727933,0.0035958429558368143,0.21151159390991425,7021
118,constant,0.01,0.6164708739299013,0.6189765755985546,0.3939601637178649,0.3939601637178649,0.10105039520847842,0.98,1.492537313432836,1.0707512486174096,0.6164708739299013,0.009999999999996472,1.0,0.6164708759074721,0.43773330871007876,8.0,17.0,24.0,0.01,1.0,0.12973497509956358,0.7392062355774591,2.655099930758583,1.0,0.43985095710519145,0.01704244078727933,0.0025057016686532707,0.2225107102120364,7140
118,linear,0.00847457627118644,0.6395012921178052,0.6407193940419915,0.42653367313436563,0.42653367313436563,0.10343262148178849,0.98,1.5151515151515154,1.0707512486174096,0.6395012921178052,0.008474576271182917,1.0,0.6395012929309797,0.4376261991958777,9.0,17.0,25.0,0.008474576271186439,1.0,0.13836738477693872,0.18483781902744686,2.765621356158411,1.0,0.43985095710519145,0.01704244078727933,0.0012181019241863655,0.21296761898343952,7140
119,constant,0.01,0.6132125022518377,0.6144691112123927,0.38871162318140395,0.38871162318140395,0.09923427557651351,0.98,1.4705882352941178,1.0707512486174096,0.6132125022518377,0.010000000000000968,1.0,0.6132125031506735,0.4376248260427386,9.0,17.0,25.0,0.010000000000000002,1.0,0.16818512678146358,0.2173440674402989,2.644483573958583,1.0,0.43985095710519145,0.01704244078727933,0.0012566089605550168,0.2245008790704337,7260
119,linear,0.008403361344537815,0.6374323859262069,0.640931899868919,0.42298762967221537,0.42298762967221537,0.10168415214276784,0.98,1.5151515151515154,1.0707512486174096,0.6374323859262069,0.00840336134453866,1.0,0.6374323868270289,0.2849526067126182,18.0,17.0,34.0,0.008403361344537813,1.0,0.0,0.6752485188756137,2.792135855390487,1.0,0.43985095710519145,0.01704244078727933,0.0034995139427120847,0.2144447562539915,7260
120,constant,0.01,0.6099520766662899,0.6104929406404791,0.38364909441869055,0.38364909441869055,0.09745079600014461,0.98,1.4705882352941178,1.0707512486174096,0.6099520766662899,0.00999999999999701,1.0,0.6099520772031829,0.4376177978700651,9.0,17.0,25.0,0.01,1.0,0.27516180138336493,0.4584532850874622,2.651997073826418,1.0,0.43985095710519145,0.01704244078727933,0.0005408639741891763,0.22630298224759937,7381
120,linear,0.008333333333333333,0.6354482303501771,0.6411790617807551,0.4194075541605763,0.4194075541605763,0.09996342114669098,0.98,1.492537313432836,1.0707512486174096,0.6354482303501771,0.00833333333333041,1.0,0.6354482309590402,0.4377411850693786,8.0,17.0,24.0,0.008333333333333333,1.0,0.0,0.3391432780090977,2.7996493552583237,1.0,0.43985095710519145,0.01704244078727933,0.005730831430578065,0.21604067618960077,7381
121,constant,0.01,0.6066915250474064,0.6067084378691647,0.3785446391308783,0.3785446391308783,0.09569936985874913,0.98,1.4705882352941178,1.0707512486174096,0.6066915250474064,0.01000000000000298,1.0,0.606691526656687,0.43775184027318886,8.0,17.0,24.0,0.01,1.0,0.4095688864588738,0.830908391202559,2.6595105736942557,1.0,0.43985095710519145,0.01704244078727933,1.6912821758308105e-05,0.2281468859165281,7503
121,linear,0.008264462809917356,0.633435273458376,0.637626124925351,0.41597420428695286,0.41597420428695286,0.09827006568110055,0.98,1.492537313432836,1.0707512486174096,0.633435273458376,0.008264462809920088,1.0,0.6334352744006742,0.437619462554745,9.0,17.0,25.0,0.008264462809917356,1.0,0.0,0.4987710243509783,2.8071628551261596,1.0,0.43985095710519145,0.01704244078727933,0.004190851466974954,0.21746106917142316,7503
122,constant,0.01,0.6034721802904245,0.6077151440772766,0.37339791009356815,0.37339791009356815,0.09397942107469368,0.98,1.4705882352941178,1.0707512486174096,0.6034721802904245,0.009999999999998618,1.0,0.6034721810003925,0.4462414894867178,14.0,17.0,30.0,0.01,1.0,0.0,0.5476614449312521,2.6678952162584957,1.0,0.43985095710519145,0.01704244078727933,0.004242963786852072,0.23007427019685633,7626
122,linear,0.00819672131147541,0.6313902489668537,0.6336215223609201,0.41250730913998535,0.41250730913998535,0.09660372389156308,0.98,1.492537313432836,1.0707512486174096,0.6313902489668537,0.008196721311473587,1.0,0.6313902495252677,0.43761793220864476,9.0,17.0,25.0,0.00819672131147541,1.0,0.12658843994140626,0.6507842739698386,2.814676354993997,1.0,0.43985095710519145,0.01704244078727933,0.0022312733940663687,0.21888293982686835,7626
123,constant,0.01,0.6002690141096362,0.6057648890954359,0.3683097944946505,0.3683097944946505,0.09229038392385103,0.98,1.4492753623188408,1.0707512486174096,0.6002690141096362,0.009999999999999554,1.0,0.6002690149106794,0.43780257340754153,12.0,17.0,28.0,0.009999999999999998,1.0,0.0,0.7203115613900397,2.6754087161263316,1.0,0.43985095710519145,0.01704244078727933,0.005495874985799731,0.23195921961498567,7750
123,linear,0.008130081300813009,0.6293175934541028,0.6297165265856562,0.4090067303246674,0.4090067303246674,0.0949841924932622,0.98,1.492537313432836,1.0577263889117783,0.6293175934541028,0.008130081300812645,1.0,0.6293175940119539,0.4376231280124969,9.0,17.0,25.0,0.008130081300813009,1.0,0.30324230901896954,0.849270565784439,2.822189854861832,1.0,0.43985095710519145,0.01704244078727933,0.00039893313155348054,0.22031086312943537,7750
124,constant,0.01,0.5970717888005587,0.6027063529138641,0.3633175541317223,0.3633175541317223,0.09063170284952284,0.98,1.4492753623188408,1.0707512486174096,0.5970717888005587,0.01000000000000698,1.0,0.5970717895682578,0.4377444848119078,8.0,17.0,24.0,0.010000000000000002,1.0,0.006614165753126137,0.9561337252564118,2.6829222159941684,1.0,0.43985095710519145,0.01704244078727933,0.005634564113305429,0.23375423466883638,7875
124,linear,0.008064516129032258,0.6272864421188367,0.6340008258685166,0.405472324918431,0.405472324918431,0.0934100691491325,0.98,1.492537313432836,1.0577263889117783,0.6272864421188367,0.00806451612903932,1.0,0.627286442680417,0.43770989808237193,13.0,17.0,29.0,0.008064516129032256,1.0,0.0,0.8920537821929084,2.84870435409391,1.0,0.43985095710519145,0.01704244078727933,0.00671438374967992,0.22181411720040567,7875
125,constant,0.01,0.5938734777300784,0.5980203120869945,0.35828586015114383,0.35828586015114383,0.08900283227970622,0.98,1.4492753623188408,1.0707512486174096,0.5938734777300784,0.010000000000000772,1.0,0.5938734796486513,0.437724764363832,8.0,17.0,24.0,0.009999999999999998,1.0,0.0,0.5095218708289093,2.6723058591941684,1.0,0.43985095710519145,0.01704244078727933,0.004146834356916096,0.23558761757893454,8001
125,linear,0.008,0.6252859340733796,0.6307471884285096,0.4019653662468373,0.4019653662468373,0.09186024560667311,0.98,1.4705882352941178,1.0577263889117783,0.6252859340733796,0.008000000000001008,1.0,0.6252859351853498,0.43774685642377187,8.0,17.0,24.0,0.00799999999999999,1.0,0.015653217583894728,0.9807860906946836,2.8562178539617453,1.0,0.43985095710519145,0.01704244078727933,0.0054612543551300075,0.2233205678265423,8001
126,constant,0.01,0.5906765118720964,0.5943724814632518,0.35321440075143307,0.35321440075143307,0.08740323644764462,0.98,1.4492753623188408,1.0707512486174096,0.5906765118720964,0.010000000000003945,1.0,0.5906765132455833,0.43774084025899984,8.0,17.0,24.0,0.01,1.0,0.10026655197143557,0.8580681545816518,2.679819359062004,1.0,0.43985095710519145,0.01704244078727933,0.003695969591155479,0.2374621111206633,8128
126,linear,0.007936507936507936,0.6232564009641105,0.6262951408591018,0.39854814885279943,0.39854814885279943,0.09033442051687599,0.98,1.4705882352941178,1.0577263889117783,0.6232564009641105,0.007936507936512188,1.0,0.6232564019583683,0.4376173744063089,9.0,17.0,25.0,0.00793650793650793,1.0,0.023504149913787836,0.31396830967302797,2.8456014971617454,1.0,0.43985095710519145,0.01704244078727933,0.0030387398949912603,0.22470825211131107,8128
127,constant,0.01,0.5874809128657412,0.5898683992740821,0.3482852817811567,0.3482852817811567,0.08583238921560411,0.98,1.4285714285714286,1.0707512486174096,0.5874809128657412,0.010000000000000132,1.0,0.5874809138772802,0.43761860330091523,9.0,17.0,25.0,0.010000000000000002,1.0,0.0926182508468628,0.37615515026314583,2.669203002262003,1.0,0.43985095710519145,0.01704244078727933,0.0023874864083408553,0.23919563108458453,8256
127,linear,0.007874015748031496,0.6211986551764537,0.6224864386279891,0.3950992124383622,0.3950992124383622,0.08883229274302978,0.98,1.4705882352941178,1.0577263889117783,0.6211986551764537,0.007874015748031843,1.0,0.6211986558233864,0.43762041553488684,9.0,17.0,25.0,0.007874015748031496,1.0,0.1841211453080177,0.41869501300221135,2.853114997029582,1.0,0.43985095710519145,0.01704244078727933,0.0012877834515354625,0.22609944273809146,8256
128,constant,0.01,0.5842858953183535,0.5862374557354417,0.3433743788424797,0.3433743788424797,0.08428977390181625,0.98,1.4285714285714286,1.0707512486174096,0.5842858953183535,0.009999999999994074,1.0,0.5842858959098541,0.4376152817413553,9.0,17.0,25.0,0.01,1.0,0.1933765232563019,0.759008953959749,2.6767165021298407,1.0,0.43985095710519145,0.01704244078727933,0.0019515604170882161,0.24091151647587383,8385
128,linear,0.0078125,0.6191164057822661,0.6191189392293183,0.39161842804072977,0.39161842804072977,0.08735356158292652,0.98,1.4705882352941178,1.0577263889117783,0.6191164057822661,0.007812499999994001,1.0,0.6191164065521915,0.4398093463267951,14.0,17.0,30.0,0.0078125,1.0,0.45333769308635957,0.2202617821946708,2.860628496897418,1.0,0.43985095710519145,0.01704244078727933,2.533447052144311e-06,0.22749797774153635,8385
129,constant,0.01,0.5810938602178198,0.5820028965308642,0.3384264704979112,0.3384264704979112,0.08277488311053181,0.98,1.4285714285714286,1.0707512486174096,0.5810938602178198,0.010000000000001523,1.0,0.5810938611067226,0.4376233563013411,9.0,17.0,25.0,0.01,1.0,0.22981600323691964,0.24619326265607455,2.6661001453298407,1.0,0.43985095710519145,0.01704244078727933,0.0009090363130443979,0.24266738971990864,8515
129,linear,0.007751937984496124,0.6171089431954107,0.6228989666586447,0.3881056628343068,0.3881056628343068,0.08589792697604832,0.98,1.4705882352941178,1.0577263889117783,0.6171089431954107,0.0077519379844981015,1.0,0.6171089438001162,0.4377077791712799,11.0,17.0,27.0,0.007751937984496124,1.0,0.0,0.7448791511399876,2.8871429961294957,1.0,0.43985095710519145,0.01704244078727933,0.005790023463234095,0.22900328036110384,8515
130,constant,0.01,0.5779034290097292,0.5783914749839324,0.3334535279343197,0.3334535279343197,0.08128721856512859,0.98,1.4084507042253522,1.0707512486174096,0.5779034290097292,0.009999999999999348,1.0,0.5779034296078642,0.4376173392957479,9.0,17.0,25.0,0.01,1.0,0.3060534028336406,0.5604077458293923,2.6736136451976757,1.0,0.43985095710519145,0.01704244078727933,0.0004880459742031551,0.24444990107540954,8646
130,linear,0.007692307692307693,0.6150973766259769,0.6196319171180533,0.3846632774971054,0.3846632774971054,0.08446508969660353,0.98,1.4492753623188408,1.0577263889117783,0.6150973766259769,0.007692307692307065,1.0,0.6150973782138083,0.43774602242084204,8.0,17.0,24.0,0.007692307692307693,1.0,0.039239215850830095,0.8299154507667063,2.8946564959973315,1.0,0.43985095710519145,0.01704244078727933,0.0045345404920764665,0.23043409912887147,8646
131,constant,0.01,0.5747157129934836,0.5747568239182106,0.32866881445658336,0.32866881445658336,0.0798262909442184,0.98,1.4084507042253522,1.0707512486174096,0.5747157129934836,0.009999999999997148,1.0,0.5747157136496748,0.4376231002921599,9.0,17.0,25.0,0.01,1.0,0.39931836700998247,0.062344104836523084,2.662997288397676,1.0,0.43985095710519145,0.01704244078727933,4.111092472702804e-05,0.2460468985369002,8778
131,linear,0.007633587786259542,0.613059128473051,0.615471697227057,0.38127180860385224,0.38127180860385224,0.08305475153323043,0.98,1.4492753623188408,1.0577263889117783,0.613059128473051,0.007633587786256676,1.0,0.6130591293920877,0.4376158593713375,9.0,17.0,25.0,0.007633587786259541,1.0,0.10986996261490277,0.1737877666343487,2.8840401391973307,1.0,0.43985095710519145,0.01704244078727933,0.0024125687540059726,0.23178731986919876,8778
132,constant,0.01,0.5715496965306099,0.5720913260716131,0.32384975456186993,0.32384975456186993,0.07839161972070029,0.98,1.4084507042253522,1.0707512486174096,0.5715496965306099,0.009999999999998774,1.0,0.5715496978254092,0.4417090636850197,12.0,17.0,28.0,0.01,1.0,0.5963445901870729,0.011570630911459661,2.670510788265513,1.0,0.43985095710519145,0.01704244078727933,0.0005416295410031191,0.24769994196874,8911
132,linear,0.007575757575757576,0.6109958386097626,0.6117869947189116,0.3778504085361558,0.3778504085361558,0.08166661545613814,0.98,1.4492753623188408,1.0577263889117783,0.6109958386097626,0.007575757575756225,1.0,0.6109958393558276,0.4376222262979497,9.0,17.0,25.0,0.007575757575757576,1.0,0.23624759914819152,0.28972153739630396,2.8915536390651684,1.0,0.43985095710519145,0.01704244078727933,0.0007911561091490382,0.23314543007360677,8911
133,constant,0.01,0.5684036752594629,0.5735912307060951,0.3189961016990822,0.3189961016990822,0.07698273300370555,0.98,1.4084507042253522,1.0707512486174096,0.5684036752594629,0.009999999999999057,1.0,0.5684036758742486,0.4148787865009015,8.0,17.0,24.0,0.01,1.0,0.0,0.9109972830671018,2.6970252874975893,1.0,0.43985095710519145,0.01704244078727933,0.005187555446632186,0.24940757356038068,9045
133,linear,0.007518796992481203,0.6089201917558585,0.6091684926480355,0.3743989584148326,0.3743989584148326,0.08030038577240857,0.98,1.4492753623188408,1.0577263889117783,0.6089201917558585,0.007518796992480346,1.0,0.60892019336418,0.44157373025886915,13.0,17.0,29.0,0.007518796992481203,1.0,0.5598329544998707,0.01940987019133013,2.899067138933004,1.0,0.43985095710519145,0.01704244078727933,0.00024830089217697804,0.23452123334102593,9045
134,constant,0.01,0.5652738571897786,0.5695869000569538,0.3141738992919916,0.3141738992919916,0.0755991673833841,0.98,1.3888888888888888,1.0707512486174096,0.5652738571897786,0.0100000000000002,1.0,0.5652738590738507,0.4355313604672184,8.0,17.0,24.0,0.010000000000000004,1.0,0.0,0.3210607342351986,2.6864089306975893,1.0,0.43985095710519145,0.01704244078727933,0.004313042867175154,0.25109995789778705,9180
134,linear,0.007462686567164179,0.6069122766314374,0.6121036838962542,0.3709173360579384,0.3709173360579384,0.07895576827014113,0.98,1.4492753623188408,1.0577263889117783,0.6069122766314374,0.0074626865671643255,1.0,0.6069122771674016,0.43770323053033255,10.0,17.0,26.0,0.007462686567164181,1.0,0.0,0.6540734894349677,2.925581638165082,1.0,0.43985095710519145,0.01704244078727933,0.005191407264816816,0.235994940573499,9180
135,constant,0.01,0.5621496582425807,0.5662072424085194,0.30948863627558965,0.30948863627558965,0.07424046777847998,0.98,1.3888888888888888,1.0707512486174096,0.5621496582425807,0.010000000000001357,1.0,0.5621496596188014,0.4377175000652615,10.0,17.0,26.0,0.009999999999999998,1.0,0.0034082030057907115,0.7020982465178509,2.6939224305654257,1.0,0.43985095710519145,0.01704244078727933,0.00405758416593871,0.25266102196699103,9316
135,linear,0.007407407407407408,0.604896364652721,0.6088847643156889,0.36753024433710657,0.36753024433710657,0.07763247035208279,0.98,1.4285714285714286,1.0577263889117783,0.604896364652721,0.007407407407409393,1.0,0.6048963665788919,0.43774295509564815,8.0,17.0,24.0,0.007407407407407408,1.0,0.056034791283309446,0.74672195557839,2.933095138032917,1.0,0.43985095710519145,0.01704244078727933,0.003988399662967934,0.23736612031561444,9316
136,constant,0.01,0.5590298541454034,0.5625220605613561,0.3047713655979013,0.3047713655979013,0.07290618728664627,0.98,1.3888888888888888,1.0707512486174096,0.5590298541454034,0.009999999999999665,1.0,0.5590298549454461,0.437718921114354,10.0,17.0,26.0,0.009999999999999998,1.0,0.09532871246337893,0.12170923757096337,2.6833060737654257,1.0,0.43985095710519145,0.01704244078727933,0.0034922064159527144,0.2542584885475021,9453
136,linear,0.007352941176470588,0.6028561235398774,0.605117397673015,0.36417365858629636,0.36417365858629636,0.07633020115934748,0.98,1.4285714285714286,1.0577263889117783,0.6028561235398774,0.007352941176470509,1.0,0.6028561243619791,0.4376149084212506,9.0,17.0,25.0,0.007352941176470588,1.0,0.16903629290172834,0.07943224521754505,2.9224787812329165,1.0,0.43985095710519145,0.01704244078727933,0.002261274133137592,0.23868246495358103,9453
137,constant,0.01,0.5559137301278931,0.5585942310874334,0.3000218685966278,0.3000218685966278,0.07159588703745058,0.98,1.3888888888888888,1.0707512486174096,0.5559137301278931,0.009999999999998111,1.0,0.5559137307127773,0.4376171938241159,9.0,17.0,25.0,0.01,1.0,0.10008073521894402,0.5844296254242123,2.6908195736332607,1.0,0.43985095710519145,0.01704244078727933,0.0026805009595403106,0.2558918615312653,9591
137,linear,0.0072992700729927005,0.6007933912413892,0.601424880619281,0.3607888910465633,0.3607888910465633,0.07504867168579499,0.98,1.4285714285714286,1.0577263889117783,0.6007933912413892,0.007299270072989828,1.0,0.6007933920832449,0.4376229857552183,9.0,17.0,25.0,0.0072992700729927005,1.0,0.2646423221129226,0.23492785017272624,2.929992281100754,1.0,0.43985095710519145,0.01704244078727933,0.000631489377891814,0.2400045001948259,9591
138,constant,0.01,0.552801053191539,0.5551346545795346,0.29534693348941565,0.29534693348941565,0.07030913604802203,0.98,1.36986301369863,1.0707512486174096,0.552801053191539,0.01000000000000144,1.0,0.5528010537208514,0.43761138444401726,9.0,17.0,25.0,0.01,1.0,0.1880702029913664,0.06831482935909065,2.680203216833261,1.0,0.43985095710519145,0.01704244078727933,0.002333601387995543,0.2574541197021234,9730
138,linear,0.007246376811594203,0.5987200653318999,0.5989135054927539,0.3573758332145536,0.3573758332145536,0.07378759488360628,0.98,1.4285714285714286,1.0577263889117783,0.5987200653318999,0.007246376811596082,1.0,0.5987200658515242,0.4412092249855501,14.0,17.0,30.0,0.007246376811594203,1.0,0.5373414307658093,0.03160443601431357,2.937505780968589,1.0,0.43985095710519145,0.01704244078727933,0.00019344016085398597,0.24134423211734635,9730
139,constant,0.01,0.5496930858615254,0.5511604744726404,0.29077054858897866,0.29077054858897866,0.06904551108129262,0.98,1.36986301369863,1.0707512486174096,0.5496930858615254,0.010000000000002994,1.0,0.5496930864954456,0.43762074610441465,9.0,17.0,25.0,0.01,1.0,0.19462653473019603,0.49384428182191975,2.6877167167010985,1.0,0.43985095710519145,0.01704244078727933,0.0014673886111149503,0.25892253727254677,9870
139,linear,0.007194244604316547,0.5967079744537424,0.6015561050070725,0.3539343737586421,0.3539343737586421,0.07254668576056117,0.98,1.4285714285714286,1.0577263889117783,0.5967079744537424,0.007194244604319186,1.0,0.5967079758388255,0.4378758481807413,12.0,17.0,28.0,0.007194244604316548,1.0,0.0,0.6334989226272688,2.9640202802006668,1.0,0.43985095710519145,0.01704244078727933,0.00484813055333011,0.24277360069510023,9870
140,constant,0.01,0.5465892840887699,0.5478268942500499,0.2861644422557512,0.2861644422557512,0.06780459650678665,0.98,1.36986301369863,1.0707512486174096,0.5465892840887699,0.009999999999995034,1.0,0.546589285016184,0.4376146839206855,9.0,17.0,25.0,0.01,1.0,0.26692408695816994,0.03566385048521375,2.6771003599010976,1.0,0.43985095710519145,0.01704244078727933,0.0012376101612799895,0.2604248418330187,10011
140,linear,0.007142857142857143,0.5946935329140174,0.5984655825985439,0.3505926744644198,0.3505926744644198,0.07132566146949577,0.98,1.4084507042253522,1.0577263889117783,0.5946935329140174,0.007142857142851976,1.0,0.5946935349117436,0.43773876768923736,8.0,17.0,24.0,0.0071428571428571435,1.0,0.06415367163717747,0.7230927073087663,2.9715337800685027,1.0,0.43985095710519145,0.01704244078727933,0.0037720496845264906,0.2441008584495976,10011
141,constant,0.01,0.5434903150810055,0.5439732282988496,0.28152842146323154,0.28152842146323154,0.06658598416391179,0.98,1.36986301369863,1.0707512486174096,0.5434903150810055,0.010000000000002124,1.0,0.5434903158109543,0.4376181144372464,9.0,17.0,25.0,0.01,1.0,0.2983515948057174,0.3881850556425385,2.6846138597689335,1.0,0.43985095710519145,0.01704244078727933,0.00048291321784410535,0.261961893617774,10153
141,linear,0.0070921985815602835,0.5926570432222596,0.5950104249304886,0.34727964107141596,0.34727964107141596,0.0701242413903897,0.98,1.4084507042253522,1.0577263889117783,0.5926570432222596,0.0070921985815617095,1.0,0.5926570439379845,0.4376143160954655,9.0,17.0,25.0,0.0070921985815602835,1.0,0.18765292167663575,0.03646257224234688,2.9609174232685027,1.0,0.43985095710519145,0.01704244078727933,0.002353381708228963,0.2453774021508437,10153
142,constant,0.01,0.5403966835202317,0.5407451676178414,0.27699661355778915,0.27699661355778915,0.06538927322770714,0.98,1.3513513513513513,1.0707512486174096,0.5403966835202317,0.009999999999999476,1.0,0.5403966843139109,0.43761880969871536,9.0,17.0,25.0,0.010000000000000002,1.0,0.34853094816207897,0.9345994105479855,2.6921273596367707,1.0,0.43985095710519145,0.01704244078727933,0.00034848409760968035,0.2634000699624426,10296
142,linear,0.007042253521126761,0.5906001206671246,0.5912933636747709,0.3439401358413475,0.3439401358413475,0.06894214720550772,0.98,1.4084507042253522,1.0577263889117783,0.5906001206671246,0.007042253521125999,1.0,0.5906001215789582,0.4376227607952438,9.0,17.0,25.0,0.007042253521126762,1.0,0.2645292147994041,0.2384657566566188,2.9684309231363395,1.0,0.43985095710519145,0.01704244078727933,0.0006932430076462825,0.2466599848257771,10296
143,constant,0.01,0.537308180596335,0.5373081815194869,0.27253796392342133,0.27253796392342133,0.06421407007700444,0.98,1.3513513513513513,1.0707512486174096,0.537308180596335,0.010000000000002418,1.0,0.5373081820955579,0.43971580342614214,7.0,17.0,23.0,0.01,1.0,0.4399580121040344,0.20896028579643752,2.68151100283677,1.0,0.43985095710519145,0.01704244078727933,9.231518882657497e-10,0.26477021667291367,10440
143,linear,0.006993006993006993,0.5885266907685166,0.5885445594927439,0.3405740606662566,0.3405740606662566,0.0677791029679963,0.98,1.4084507042253522,1.0577263889117783,0.5885266907685166,0.006993006993008569,1.0,0.5885266917708917,0.44087526691334555,16.0,17.0,32.0,0.006993006993006993,1.0,0.46982836071401834,0.15424647925434196,2.975944423004177,1.0,0.43985095710519145,0.01704244078727933,1.786872422726571e-05,0.24795263010225999,10440
144,constant,0.01,0.5342384870005524,0.5344997593192897,0.2680518184889856,0.2680518184889856,0.06305998816495828,0.98,1.3513513513513513,1.0707512486174096,0.5342384870005524,0.010000000000002262,1.0,0.5342384881328366,0.44104464725375186,13.0,17.0,29.0,0.009999999999999998,1.0,0.5442067999392748,0.34110455041356935,2.6890245027046076,1.0,0.43985095710519145,0.01704244078727933,0.0002612723187372934,0.2661866685115668,10585
144,linear,0.006944444444444444,0.5865052062985862,0.5911853143913557,0.33718131501373205,0.33718131501373205,0.06663483516431319,0.98,1.4084507042253522,1.0577263889117783,0.5865052062985862,0.006944444444446806,1.0,0.5865052078373852,0.5837026460379258,13.0,17.0,29.0,0.006944444444444444,1.0,0.0,0.7033060997765423,3.002458922236253,1.0,0.43985095710519145,0.01704244078727933,0.0046801080927695304,0.2493238912848541,10585
145,constant,0.01,0.5311868473759348,0.5336728212115203,0.26353800769215174,0.26353800769215174,0.06192664789190362,0.93,1.3513513513513513,1.0707512486174096,0.5311868473759348,0.010000000000001851,1.0,0.5311868480700469,0.44529835456013567,16.0,17.0,32.0,0.01,1.0,0.0,0.5545146314697106,2.693048189484985,1.0,0.4402453925130065,0.01615740189279443,0.0024859738355854644,0.26764883968378306,10731
145,linear,0.006896551724137931,0.5844969164754708,0.5883363239190122,0.33387459214451887,0.33387459214451887,0.06550907277084682,0.98,1.3888888888888888,1.0577263889117783,0.5844969164754708,0.006896551724139428,1.0,0.5844969181377458,0.4377332712340365,10.0,17.0,26.0,0.006896551724137931,1.0,0.06289910972118377,0.7569016925099904,3.0099724221040907,1.0,0.43985095710519145,0.01704244078727933,0.003839407443541498,0.2506223243309519,10731
146,constant,0.01,0.5281470642490771,0.5316310889274241,0.2591446007811823,0.2591446007811823,0.06081367648049812,0.98,1.3333333333333333,1.0707512486174096,0.5281470642490771,0.00999999999999904,1.0,0.5281470648118191,0.43475937654323327,7.0,17.0,23.0,0.01,1.0,0.0,0.7893315090035606,2.7049226451366835,1.0,0.43985095710519145,0.01704244078727933,0.003484024678346964,0.2690024634678948,10878
146,linear,0.00684931506849315,0.5824691005263845,0.5849833787287753,0.33061332775915375,0.33061332775915375,0.06440154730506249,0.98,1.3888888888888888,1.0577263889117783,0.5824691005263845,0.006849315068492099,1.0,0.5824691011227059,0.43761355145162384,9.0,17.0,25.0,0.00684931506849315,1.0,0.17913696197792883,0.054793829254374815,2.9993560653040907,1.0,0.43985095710519145,0.01704244078727933,0.0025142782023908072,0.2518557727672307,10878
147,constant,0.01,0.5251187272144171,0.5289003373798803,0.2548119682874683,0.2548119682874683,0.05972070785310841,0.98,1.3333333333333333,1.0707512486174096,0.5251187272144171,0.009999999999997828,1.0,0.525118728251476,0.42912260401840857,10.0,17.0,26.0,0.01,1.0,0.07569029834121466,0.04335828862086659,2.6943062883366826,1.0,0.43985095710519145,0.01704244078727933,0.0037816101654631895,0.2703067589269488,11026
147,linear,0.006802721088435374,0.5804225532269477,0.5813487362672156,0.3273272604843044,0.3273272604843044,0.06331199287149332,0.98,1.3888888888888888,1.0577263889117783,0.5804225532269477,0.006802721088432343,1.0,0.5804225541541846,0.43762176071425385,9.0,17.0,25.0,0.006802721088435374,1.0,0.24237442389130592,0.2927264942140498,3.0068695651719253,1.0,0.43985095710519145,0.01704244078727933,0.000926183040267925,0.2530952927426433,11026
148,constant,0.01,0.5220985035820911,0.5248215011368909,0.2504539979149383,0.2504539979149383,0.058647382511400385,0.98,1.3333333333333333,1.0707512486174096,0.5220985035820911,0.010000000000005251,1.0,0.5220985044252228,0.4376956961054978,10.0,17.0,26.0,0.01,1.0,1.0,0.6095787869881986,2.7018197882045194,1.0,0.43985095710519145,0.01704244078727933,0.0027229975547997665,0.2716445056671528,11175
148,linear,0.006756756756756757,0.5783575487164694,0.5784268067802238,0.3240163024211349,0.3240163024211349,0.062240146202876705,0.98,1.3888888888888888,1.0577263889117783,0.5783575487164694,0.006756756756763491,1.0,0.5783575506741969,0.43774090469578736,8.0,17.0,24.0,0.006756756756756757,1.0,0.38430734165012836,0.33803844352376544,3.014383065039763,1.0,0.43985095710519145,0.01704244078727933,6.925806375446264e-05,0.2543412462953345,11175
149,constant,0.01,0.519087113770415,0.5220860271582649,0.24607054148391083,0.24607054148391083,0.05759334741809304,0.98,1.3333333333333333,1.0707512486174096,0.519087113770415,0.010000000000005897,1.0,0.5190871156107282,0.43789704218037745,12.0,17.0,28.0,0.009999999999999997,1.0,0.1525523066520691,0.9655227699280484,2.709333288072356,1.0,0.43985095710519145,0.01704244078727933,0.0029989133878498553,0.2730165722865042,11325
149,linear,0.006711409395973154,0.5763174068408028,0.5809045675970295,0.3206803635912171,0.3206803635912171,0.061185746696719674,0.98,1.3888888888888888,1.0577263889117783,0.5763174068408028,0.006711409395977285,1.0,0.5763174079734282,0.4499982150936659,9.0,17.0,25.0,0.006711409395973154,1.0,0.0,0.8912363096462721,3.040897564271839,1.0,0.43985095710519145,0.01704244078727933,0.004587160756226671,0.2556370432495857,11325
150,constant,0.01,0.5160814985796174,0.5179552255968171,0.2418103008700243,0.2418103008700243,0.056558255880837974,0.98,1.3157894736842106,1.0707512486174096,0.5160814985796174,0.00999999999999573,1.0,0.5160815000695275,0.8460587988333033,15.0,17.0,31.0,0.009999999999999998,1.0,1.0,0.5250956630096272,2.6987169312723553,1.0,0.43985095710519145,0.01704244078727933,0.0018737270171996778,0.2742711977095931,11476
150,linear,0.006666666666666667,0.5743124269626881,0.5784680394388017,0.3173977854499609,0.3173977854499609,0.06015159548121036,0.98,1.36986301369863,1.047205032865026,0.5743124269626881,0.006666666666662454,1.0,0.5743124277436594,0.43772167633009407,10.0,17.0,26.0,0.0066666666666666645,1.0,0.0532414926914498,0.8507221932221973,3.0484110641396756,1.0,0.43985095710519145,0.01704244078727933,0.004155612476113513,0.25691464151272725,11476
151,constant,0.01,0.5130824759801494,0.5151701185731123,0.23761139074451998,0.23761139074451998,0.05555115453820425,0.98,1.3157894736842106,1.0577263889117783,0.5130824759801494,0.009999999999995393,1.0,0.5130824775140947,0.43771454200013443,10.0,17.0,26.0,0.01,1.0,0.21592149750795214,0.9615068034234191,2.7062304311401926,1.0,0.43985095710519145,0.01704244078727933,0.0020876425929629017,0.27547108523562946,11628
151,linear,0.006622516556291391,0.572297509603787,0.574972721488968,0.31419606505191533,0.31419606505191533,0.05915161945163138,0.98,1.36986301369863,1.047205032865026,0.572297509603787,0.006622516556287473,1.0,0.572297511397348,0.4377228584820258,8.0,17.0,24.0,0.006622516556291392,1.0,0.14442716538906097,0.14908567214539464,3.0377947073396747,1.0,0.43985095710519145,0.01704244078727933,0.0026752118851810502,0.2581014445518717,11628
152,constant,0.01,0.510090191639271,0.5111886103526352,0.23338922674698026,0.23338922674698026,0.05456440780560073,0.98,1.3157894736842106,1.0577263889117783,0.510090191639271,0.010000000000002021,1.0,0.510090192245892,0.43761645380767944,11.0,17.0,27.0,0.009999999999999998,1.0,0.22219553589820862,0.4735269890006631,2.6956140743401926,1.0,0.43985095710519145,0.01704244078727933,0.0010984187133641354,0.2767009648922908,11781
152,linear,0.006578947368421052,0.5702653345855332,0.5716006845977415,0.31097116777824374,0.31097116777824374,0.058167510148374575,0.98,1.36986301369863,1.047205032865026,0.5702653345855332,0.006578947368422664,1.0,0.5702653354405439,0.43762012367350217,9.0,17.0,25.0,0.006578947368421052,1.0,0.20690201632678512,0.3956944357876808,3.0453082072075115,1.0,0.43985095710519145,0.01704244078727933,0.0013353500122083029,0.25929416680728945,11781
153,constant,0.01,0.5071045653385765,0.5083671981306872,0.2291436800957577,0.2291436800957577,0.0535951885055483,0.98,1.3157894736842106,1.0577263889117783,0.5071045653385765,0.010000000000003898,1.0,0.5071045661233249,0.4376106160686594,10.0,17.0,26.0,0.01,1.0,0.2746705860248768,0.9813411157108486,2.7031275742080276,1.0,0.43985095710519145,0.01704244078727933,0.0012626327921106961,0.2779608852428188,11935
153,linear,0.006535947712418301,0.568216208850202,0.568675372190357,0.30772301559921234,0.30772301559921234,0.05719904364831479,0.98,1.36986301369863,1.047205032865026,0.568216208850202,0.006535947712421765,1.0,0.5682162095098136,0.4376173590740938,9.0,17.0,25.0,0.006535947712418301,1.0,0.3172469134442508,0.5599741165309463,3.0528217070753483,1.0,0.43985095710519145,0.01704244078727933,0.00045916334015505544,0.26049319325098963,11935
154,constant,0.01,0.5041261341553585,0.504602242135422,0.22501093640723246,0.22501093640723246,0.05264318530092094,0.98,1.2987012987012987,1.0577263889117783,0.5041261341553585,0.00999999999999696,1.0,0.5041261348335165,0.43761692842201255,9.0,17.0,25.0,0.01,1.0,0.30153473571408534,0.4246970191742946,2.6925112174080277,1.0,0.43985095710519145,0.01704244078727933,0.00047610798006358923,0.279115197748126,12090
154,linear,0.006493506493506494,0.5661575886552634,0.5662400664309162,0.30445152870076864,0.30445152870076864,0.05624599804226164,0.98,1.36986301369863,1.047205032865026,0.5661575886552634,0.00649350649350399,1.0,0.5661575898428385,0.44044144501761623,16.0,17.0,32.0,0.006493506493506494,1.0,0.4959655039012429,0.44399769474248374,3.060335206943184,1.0,0.43985095710519145,0.01704244078727933,8.247777565273395e-05,0.2617060599544948,12090
155,constant,0.01,0.5011549070873774,0.5017066256347854,0.22095287892576387,0.22095287892576387,0.051708092384826806,0.98,1.2987012987012987,1.0577263889117783,0.5011549070873774,0.009999999999991805,1.0,0.5011549079006647,0.4376149953318786,9.0,17.0,25.0,0.010000000000000002,1.0,0.3330101314000785,0.9899043158453906,2.7000247172758653,1.0,0.43985095710519145,0.01704244078727933,0.0005517185474079866,0.28020202816161355,12246
155,linear,0.0064516129032258064,0.5641472803648118,0.5686602423016776,0.30118193985813746,0.30118193985813746,0.05530815347317841,0.98,1.3513513513513513,1.047205032865026,0.5641472803648118,0.0064516129032195415,1.0,0.5641472816871713,0.4564510756535888,9.0,17.0,25.0,0.0064516129032258064,1.0,0.028349947929382346,0.04413622087707764,3.068719849507424,1.0,0.43985095710519145,0.01704244078727933,0.004512961936865789,0.2629653405066743,12246
156,constant,0.01,0.498191088244974,0.4982558017944071,0.2168735723308607,0.2168735723308607,0.05078960938237545,0.98,1.2987012987012987,1.0577263889117783,0.498191088244974,0.009999999999999799,1.0,0.49819108878313373,0.4376179871504682,9.0,17.0,25.0,0.01,1.0,0.38906949758529663,0.35171100565103086,2.6894083604758645,1.0,0.43985095710519145,0.01704244078727933,6.471354943310414e-05,0.2813175159141133,12403
156,linear,0.00641025641025641,0.5621458610206711,0.5650471972656432,0.29804710648393296,0.29804710648393296,0.054385292170628395,0.98,1.3513513513513513,1.047205032865026,0.5621458610206711,0.006410256410255445,1.0,0.5621458620086167,0.4377066425767283,12.0,17.0,28.0,0.006410256410256409,1.0,0.07589577045291662,0.33947779621789387,3.076233349375261,1.0,0.43985095710519145,0.01704244078727933,0.0029013362449721303,0.26409875453673815,12403
157,constant,0.01,0.4952350418353244,0.4952921825793637,0.2127729053562768,0.2127729053562768,0.049887441254190076,0.98,1.2987012987012987,1.0577263889117783,0.4952350418353244,0.00999999999999895,1.0,0.4952350426579274,0.4376171622981795,9.0,17.0,25.0,0.01,1.0,0.40299422992393374,0.8935125629966467,2.6969218603437004,1.0,0.43985095710519145,0.01704244078727933,5.714074403928571e-05,0.2824621364790476,12561
157,linear,0.006369426751592357,0.5601315526336859,0.5620751539711395,0.2948906772025027,0.2948906772025027,0.053477198481658966,0.98,1.3513513513513513,1.047205032865026,0.5601315526336859,0.006369426751592384,1.0,0.560131553293047,0.437617667610587,9.0,17.0,25.0,0.006369426751592357,1.0,0.16697896269033663,0.5495244457598435,3.0837468492430977,1.0,0.43985095710519145,0.01704244078727933,0.0019436013374536376,0.26524087543118313,12561
158,constant,0.01,0.4922971289939365,0.4923884752054681,0.20876162435205659,0.20876162435205659,0.04900129820163357,0.98,1.282051282051282,1.0577263889117783,0.4922971289939365,0.010000000000001976,1.0,0.49229713012408416,0.44088193716387664,15.0,17.0,31.0,0.01,1.0,0.49440279155969624,0.20836206833700052,2.6863055035437,1.0,0.43985095710519145,0.01704244078727933,9.13462115315622e-05,0.28353550464187993,12720
158,linear,0.006329113924050633,0.5581016920042666,0.5592506327617275,0.2917125834004184,0.2917125834004184,0.052583658898321374,0.98,1.3513513513513513,1.047205032865026,0.5581016920042666,0.006329113924051654,1.0,0.5581016928121829,0.43761385347599446,9.0,17.0,25.0,0.006329113924050633,1.0,0.2689840197068406,0.8105526164199569,3.0912603491109323,1.0,0.43985095710519145,0.01704244078727933,0.001148940757460859,0.26638910860384823,12720
159,constant,0.01,0.4893646633512738,0.48982782889903664,0.2048509792829799,0.2048509792829799,0.04813089557371807,0.98,1.282051282051282,1.0577263889117783,0.4893646633512738,0.010000000000006278,1.0,0.4893646646335732,0.4411272488691396,14.0,17.0,30.0,0.01,1.0,0.5655790299060752,0.4212940927083082,2.693819003411535,1.0,0.43985095710519145,0.01704244078727933,0.0004631655477628227,0.2845136840682939,12880
159,linear,0.006289308176100629,0.5560571456740047,0.556225675034594,0.28851275493320905,0.28851275493320905,0.051704462082016456,0.98,1.3513513513513513,1.047205032865026,0.5560571456740047,0.0062893081761072,1.0,0.5560571467549078,0.4376198834039805,9.0,17.0,25.0,0.006289308176100629,1.0,0.37062492370605465,0.09603030456400644,3.0806439923109314,1.0,0.43985095710519145,0.01704244078727933,0.000168529360589309,0.2675443907407956,12880
160,constant,0.01,0.48645414687477995,0.48755022633305867,0.20092100610074937,0.20092100610074937,0.04727595377566804,0.93,1.282051282051282,1.0577263889117783,0.48645414687477995,0.009999999999998899,1.0,0.4864541474748917,0.44554826882323095,10.0,17.0,26.0,0.01,1.0,0.0,0.8407814412276269,2.6980994571395183,1.0,0.4402453925130065,0.01615740189279443,0.0010960794582787203,0.2855331407740306,13041
160,linear,0.00625,0.554020241185949,0.555961799564427,0.2852911201461922,0.2852911201461922,0.050839398884843345,0.98,1.3513513513513513,1.047205032865026,0.554020241185949,0.006249999999998933,1.0,0.5540202417095403,0.44146027155716006,15.0,17.0,31.0,0.00625,1.0,0.0,0.5539346625817189,3.1062873488466067,1.0,0.43985095710519145,0.01704244078727933,0.001941558378478092,0.26872912103975677,13041
161,constant,0.01,0.4835503283949246,0.48628563479874226,0.19697160927740165,0.19697160927740165,0.04643619817910751,0.93,1.282051282051282,1.0577263889117783,0.4835503283949246,0.009999999999999194,1.0,0.48355033033946193,0.44196623109850613,11.0,17.0,27.0,0.01,1.0,0.0,0.9466997990838254,2.707672565340804,1.0,0.4402453925130065,0.01615740189279443,0.002735306403817639,0.286578719117523,13203
161,linear,0.006211180124223602,0.5520173113878636,0.5553887744850126,0.2821837352029176,0.2821837352029176,0.04998826236812173,0.98,1.3333333333333333,1.047205032865026,0.5520173113878636,0.006211180124222901,1.0,0.5520173123757778,0.43716692727279083,12.0,17.0,28.0,0.006211180124223604,1.0,0.0032029395103454605,0.6526655056617603,3.1146719914108454,1.0,0.43985095710519145,0.01704244078727933,0.0033714630971489745,0.26983357618494597,13203
162,constant,0.01,0.4806573667300642,0.48237237713300524,0.19307545750560984,0.19307545750560984,0.04561135903384273,0.93,1.2658227848101264,1.0577263889117783,0.4806573667300642,0.009999999999997856,1.0,0.4806573679540197,0.46571066430935426,11.0,17.0,27.0,0.01,1.0,0.0380324392579496,0.453367534222935,2.6957682152465354,1.0,0.4402453925130065,0.01615740189279443,0.0017150104029410307,0.28758190922445437,13366
162,linear,0.006172839506172839,0.5500230095491788,0.5527890321780546,0.27910264691447806,0.27910264691447806,0.04915084781824814,0.98,1.3333333333333333,1.047205032865026,0.5500230095491788,0.006172839506169137,1.0,0.5500230107639807,0.4377238481718452,11.0,17.0,27.0,0.006172839506172838,1.0,0.1287150740623474,0.7598375585365151,3.1221854912786817,1.0,0.43985095710519145,0.01704244078727933,0.0027660226288758194,0.27092036263470076,13366
163,constant,0.01,0.47777749497595234,0.48003082415141274,0.1893182210012161,0.1893182210012161,0.044801171381211716,0.93,1.2658227848101264,1.0577263889117783,0.47777749497595234,0.01000000000000503,1.0,0.4777774958555452,0.4291523967475302,10.0,17.0,26.0,0.01,1.0,0.057400417327880884,0.8190412776581671,2.7053413234478176,1.0,0.4402453925130065,0.01615740189279443,0.0022533291754603946,0.28845927397473625,13530
163,linear,0.006134969325153374,0.5480153597439429,0.5498429731483534,0.2760014367476459,0.2760014367476459,0.04832695276003789,0.98,1.3333333333333333,1.047205032865026,0.5480153597439429,0.0061349693251585785,1.0,0.5480153604312932,0.4376107172285632,10.0,17.0,26.0,0.006134969325153374,1.0,0.22527576945722105,0.07730496982625762,3.1115691344786827,1.0,0.43985095710519145,0.01704244078727933,0.0018276134044105108,0.272013922996297,13530
164,constant,0.01,0.47490487187474756,0.47643387970630535,0.18554348989180458,0.18554348989180458,0.044005374968973006,0.93,1.2658227848101264,1.0577263889117783,0.47490487187474756,0.00999999999999939,1.0,0.474904872918795,0.43648762419416176,15.0,17.0,31.0,0.01,1.0,0.1408167779445648,0.3420067493725562,2.6934369733535473,1.0,0.4402453925130065,0.01615740189279443,0.0015290078315577937,0.289361381982943,13695
164,linear,0.006097560975609756,0.5459941590425796,0.5466284981129315,0.2728800436586234,0.2728800436586234,0.047516376967698316,0.98,1.3333333333333333,1.047205032865026,0.5459941590425796,0.006097560975608353,1.0,0.5459941599308412,0.43761905834512516,9.0,17.0,25.0,0.006097560975609756,1.0,0.2875042831990869,0.333248741265573,3.1190826343465194,1.0,0.43985095710519145,0.01704244078727933,0.0006343390703518192,0.27311411538395625,13695
165,constant,0.01,0.47204523155205863,0.47383578963518735,0.18175118271824875,0.18175118271824875,0.043223714167706234,0.93,1.2658227848101264,1.0577263889117783,0.47204523155205863,0.009999999999998148,1.0,0.4720452323032657,0.43784360936881345,9.0,17.0,25.0,0.009999999999999998,1.0,0.13111739121377466,0.7690051049774486,2.703010081554835,1.0,0.4402453925130065,0.01615740189279443,0.0017905580831287238,0.2902940488338099,13861
165,linear,0.006060606060606061,0.543959834716404,0.5440383080449946,0.26973840530783444,0.26973840530783444,0.04671892247356913,0.98,1.3333333333333333,1.047205032865026,0.543959834716404,0.006060606060603972,1.0,0.543959835301849,0.4376179846720345,9.0,17.0,25.0,0.006060606060606061,1.0,0.38757252693176275,0.4637454514647382,3.1265961342143562,1.0,0.43985095710519145,0.01704244078727933,7.847332859067802e-05,0.27422142940856953,13861
166,constant,0.01,0.46919251863996514,0.47032998603736076,0.17796358895418907,0.17796358895418907,0.042455937888697656,0.93,1.25,1.0577263889117783,0.46919251863996514,0.009999999999998883,1.0,0.46919251998013195,0.43769283159129513,12.0,17.0,28.0,0.009999999999999998,1.0,0.20674615500465732,0.32357314752922584,2.6911057314605644,1.0,0.4402453925130065,0.01615740189279443,0.0011374673973956195,0.2912289296857761,14028
166,linear,0.006024096385542169,0.5419367903386061,0.5431582408626914,0.2666213785542899,0.2666213785542899,0.045934393574760556,0.98,1.3157894736842106,1.047205032865026,0.5419367903386061,0.006024096385541841,1.0,0.5419367910053564,0.4413595693858727,15.0,17.0,31.0,0.006024096385542169,1.0,0.6501825094223029,0.04414510729868634,3.1341096340821903,1.0,0.43985095710519145,0.01704244078727933,0.001221450524085288,0.2753154117843162,14028
167,constant,0.01,0.46635011763876855,0.46791929601535365,0.17436520260425326,0.17436520260425326,0.04170179950328427,0.93,1.25,1.0577263889117783,0.46635011763876855,0.009999999999997185,1.0,0.46635011922335556,0.6919853802920514,10.0,17.0,26.0,0.009999999999999998,1.0,0.0,0.7608962733410598,2.700678839661847,1.0,0.4402453925130065,0.01615740189279443,0.0015691783765851008,0.2919849150345153,14196
167,linear,0.005988023952095809,0.5399440497596034,0.5433147279283772,0.26362208820306576,0.26362208820306576,0.045162596837812,0.98,1.3157894736842106,1.047205032865026,0.5399440497596034,0.005988023952092652,1.0,0.5399440511571418,0.4781038307225808,9.0,17.0,25.0,0.00598802395209581,1.0,0.0762273073050892,0.10948378867738194,3.142494276646432,1.0,0.43985095710519145,0.01704244078727933,0.0033706781687737886,0.27632196155653765,14196
168,constant,0.01,0.46351590863544745,0.46423978230189344,0.17075106465968093,0.17075106465968093,0.04096105676363062,0.93,1.25,1.0577263889117783,0.46351590863544745,0.010000000000000094,1.0,0.4635159091976095,0.4376071892674047,12.0,17.0,28.0,0.01,1.0,0.2620026069751475,0.3322964102733856,2.688774489567578,1.0,0.4402453925130065,0.01615740189279443,0.0007238736664459955,0.2927648439757665,14365
168,linear,0.005952380952380952,0.5379576429995742,0.5401135116503143,0.2606041686979963,0.2606041686979963,0.04440334110148861,0.98,1.3157894736842106,1.047205032865026,0.5379576429995742,0.005952380952379246,1.0,0.5379576444452455,0.7501822498596005,8.0,17.0,24.0,0.005952380952380954,1.0,0.1266518570482731,0.3994491877092721,3.1500077765142707,1.0,0.43985095710519145,0.01704244078727933,0.0021558686507401337,0.27735347430157786,14365
169,constant,0.01,0.46069089546419945,0.4623545533806325,0.1671211061693616,0.1671211061693616,0.04023347172491278,0.93,1.25,1.0577263889117783,0.46069089546419945,0.009999999999999053,1.0,0.46069089706164007,0.4377058753658828,12.0,17.0,28.0,0.010000000000000007,1.0,0.0,0.7805467216583707,2.6983475977688642,1.0,0.4402453925130065,0.01615740189279443,0.0016636579164330811,0.29356978929483785,14535
169,linear,0.005917159763313609,0.5359621574754919,0.5374758763371204,0.25756756747767073,0.25756756747767073,0.04365643747782581,0.98,1.3157894736842106,1.047205032865026,0.5359621574754919,0.005917159763312388,1.0,0.5359621580201718,0.4376152496957162,12.0,17.0,28.0,0.005917159763313609,1.0,0.21043377816677092,0.6142085699502281,3.157521276382104,1.0,0.43985095710519145,0.01704244078727933,0.0015137188616284325,0.2783945899978212,14535
170,constant,0.01,0.45787487189877085,0.45825000097103175,0.16347525788035833,0.16347525788035833,0.039518810668884664,0.93,1.25,1.0577263889117783,0.45787487189877085,0.010000000000005267,1.0,0.4578748725041554,0.4376120498709709,12.0,17.0,28.0,0.01,1.0,0.31480436325073247,0.3443292810470409,2.6864432476745934,1.0,0.4402453925130065,0.01615740189279443,0.00037512907226089354,0.2943996140184125,14706
170,linear,0.0058823529411764705,0.5339546144075114,0.5349164089229017,0.25451223086927477,0.25451223086927477,0.04292169935152803,0.98,1.3157894736842106,1.047205032865026,0.5339546144075114,0.005882352941181776,1.0,0.5339546152222799,0.4376133772516945,9.0,17.0,25.0,0.0058823529411764705,1.0,0.29552840888500215,0.9411222466169495,3.1650347762499402,1.0,0.43985095710519145,0.01704244078727933,0.0009617945153903573,0.2794423835382366,14706
171,constant,0.01,0.4550679369373589,0.456998181066111,0.16000068039251247,0.16000068039251247,0.03881684402880194,0.93,1.2345679012345678,1.0577263889117783,0.4550679369373589,0.009999999999994768,1.0,0.45506793746395136,0.4376073536772669,12.0,17.0,28.0,0.01,1.0,0.0,0.8218286292687753,2.696016355875878,1.0,0.4402453925130065,0.01615740189279443,0.00193024412875209,0.29506725654484645,14878
171,linear,0.005847953216374269,0.5319355397686438,0.53202368774493,0.25143810410323963,0.25143810410323963,0.04219894237782016,0.98,1.3157894736842106,1.047205032865026,0.5319355397686438,0.005847953216368684,1.0,0.5319355406144388,0.43761900482094335,9.0,17.0,25.0,0.005847953216374269,1.0,0.3884460568428039,0.17466533128821546,3.154418419449941,1.0,0.43985095710519145,0.01704244078727933,8.814797628620141e-05,0.2804974356654042,14878
172,constant,0.01,0.45227028859151513,0.4523961603695152,0.15655194076449097,0.15655194076449097,0.038127346315679544,0.93,1.2345679012345678,1.0577263889117783,0.45227028859151513,0.01000000000000072,1.0,0.4522702891918362,0.4376130455778125,11.0,17.0,27.0,0.01,1.0,0.36829714151099324,0.34974652720566735,2.684112005781607,1.0,0.4402453925130065,0.01615740189279443,0.0001258717780000529,0.29571834782702416,15051
172,linear,0.005813953488372093,0.5299244727684077,0.5302686957876165,0.2484622737219906,0.2484622737219906,0.041487984478847544,0.98,1.2987012987012987,1.047205032865026,0.5299244727684077,0.005813953488373157,1.0,0.5299244746414319,0.2123881656395159,13.0,17.0,29.0,0.005813953488372093,1.0,0.5396789219230413,0.09447843453358977,3.161931919317778,1.0,0.43985095710519145,0.01704244078727933,0.00034422301920877807,0.2814621990464171,15051
173,constant,0.01,0.44948197132764506,0.4514815943726212,0.15308904183330785,0.15308904183330785,0.037450096045859034,0.98,1.2345679012345678,1.0577263889117783,0.44948197132764506,0.010000000000006086,1.0,0.44948197197676937,0.43761103942094,12.0,17.0,28.0,0.01,1.0,1.0,0.8666745678926688,2.6911000042506297,1.0,0.43985095710519145,0.01704244078727933,0.00199962304497614,0.2963929294943372,15225
173,linear,0.005780346820809248,0.5279368340341981,0.5310310580877027,0.24553364283970247,0.24553364283970247,0.040788645838713215,0.98,1.2987012987012987,1.047205032865026,0.5279368340341981,0.0057803468208148905,1.0,0.527936834619437,0.41620239299183837,10.0,17.0,26.0,0.005780346820809248,1.0,0.9018222942948342,0.8485020298396664,3.1884464185498533,1.0,0.43985095710519145,0.01704244078727933,0.0030942240535045684,0.28240319119449564,15225
174,constant,0.01,0.44670314277324796,0.4467082083199335,0.14961192546588042,0.14961192546588042,0.03678487566986261,0.93,1.2345679012345678,1.0577263889117783,0.44670314277324796,0.010000000000005647,1.0,0.4467031445818231,0.43773269843026075,10.0,17.0,26.0,0.01,1.0,0.4247222262900323,0.3404022782879068,2.6817807638886246,1.0,0.4402453925130065,0.01615740189279443,5.065546685556477e-06,0.29709121730736754,15400
174,linear,0.005747126436781609,0.5259611374642061,0.5290748386738414,0.2425877788405676,0.2425877788405676,0.040100748897238574,0.98,1.2987012987012987,1.047205032865026,0.5259611374642061,0.005747126436786809,1.0,0.5259611387461595,0.4378620693038463,9.0,17.0,25.0,0.005747126436781609,1.0,1.0,0.9476179956149804,3.1959599184176914,1.0,0.43985095710519145,0.01704244078727933,0.003113701209635278,0.28337335862363855,15400
175,constant,0.01,0.44393393384500884,0.4453767803938343,0.1462316579507138,0.1462316579507138,0.03613147150251086,0.98,1.2195121951219512,1.0577263889117783,0.44393393384500884,0.009999999999997861,1.0,0.4439339345845285,0.4376139186980906,12.0,17.0,28.0,0.01,1.0,1.0,0.8959837798383486,2.687997147318466,1.0,0.43985095710519145,0.01704244078727933,0.0014428465488254827,0.29770227589429504,15576
175,linear,0.005714285714285714,0.5239816870544126,0.5253854573827045,0.23962463604478113,0.23962463604478113,0.03942411834252724,0.98,1.2987012987012987,1.047205032865026,0.5239816870544126,0.005714285714285108,1.0,0.52398168781586,0.43760778994152705,12.0,17.0,28.0,0.005714285714285714,1.0,0.21119875513832093,0.31422672454696887,3.1853435616176906,1.0,0.43985095710519145,0.01704244078727933,0.0014037703282918645,0.2843570510096315,15576
176,constant,0.01,0.44118451528038677,0.44124681379680164,0.14295258907446162,0.14295258907446162,0.03548967365428179,0.88,1.2195121951219512,1.0577263889117783,0.44118451528038677,0.010000000000001659,1.0,0.4411845165412017,0.44079106732839446,16.0,17.0,32.0,0.01,1.0,0.4865822149440646,0.3019125749319581,2.6814879105695697,1.0,0.44063524601551607,0.015273582206009237,6.22985164148715e-05,0.29823192620592515,15753
176,linear,0.005681818181818182,0.5219923174424915,0.5227858950870043,0.23664416783230757,0.23664416783230757,0.03875858110240965,0.98,1.2987012987012987,1.047205032865026,0.5219923174424915,0.00568181818181785,1.0,0.5219923181303593,0.43761436347941063,12.0,17.0,28.0,0.005681818181818182,1.0,0.27658791854046283,0.5502783210566924,3.1928570614855274,1.0,0.43985095710519145,0.01704244078727933,0.0007935776445128218,0.28534814961018395,15753
177,constant,0.01,0.43843275576279256,0.43939523493639776,0.1396609262752848,0.1396609262752848,0.034859275963889165,0.98,1.2195121951219512,1.0577263889117783,0.43843275576279256,0.009999999999997617,1.0,0.43843275681969174,0.985561005428818,21.0,17.0,37.0,0.01,1.0,1.0,0.8243904791115095,2.684894290386303,1.0,0.43985095710519145,0.01704244078727933,0.0009624791736052019,0.29877182948750775,15931
177,linear,0.005649717514124294,0.519992708374964,0.5203528252974221,0.23364632665506813,0.23364632665506813,0.038103966334840665,0.98,1.2987012987012987,1.047205032865026,0.519992708374964,0.005649717514122521,1.0,0.5199927091675584,0.4376149733217945,9.0,17.0,25.0,0.005649717514124294,1.0,0.35009041377634265,0.8618340602199333,3.2003705613533624,1.0,0.43985095710519145,0.01704244078727933,0.0003601169224580758,0.2863463817198959,15931
178,constant,0.01,0.4357113766611969,0.4361542853103978,0.13635662118369174,0.13635662118369174,0.03424007593205839,0.88,1.2195121951219512,1.0577263889117783,0.4357113766611969,0.009999999999999697,1.0,0.4357113772806546,0.4411113050887405,14.0,17.0,30.0,0.01,1.0,0.5542687755660154,0.20390500934073266,2.6799192794273314,1.0,0.44063524601551607,0.015273582206009237,0.00044290864920087936,0.2993547554775052,16110
178,linear,0.0056179775280898875,0.5179867738998493,0.5179931456442419,0.23080109652372982,0.23080109652372982,0.03746010541731895,0.98,1.282051282051282,1.047205032865026,0.5179867738998493,0.005617977528089109,1.0,0.5179867745350096,0.4408786816913093,10.0,17.0,26.0,0.0056179775280898875,1.0,0.45249078053457187,0.06687318413109379,3.1897542045533616,1.0,0.43985095710519145,0.01704244078727933,6.371744392663636e-06,0.28718567737611944,16110
179,constant,0.01,0.43298234269781904,0.43413509884271173,0.1330634760542081,0.1330634760542081,0.033631874656478794,0.98,1.2048192771084336,1.0577263889117783,0.43298234269781904,0.00999999999999871,1.0,0.43298234389164364,0.44245678108527325,8.0,17.0,24.0,0.01,1.0,0.6319786071777342,0.41952090743930937,2.681791433454137,1.0,0.43985095710519145,0.01704244078727933,0.001152756144892686,0.29991886664361095,16290
179,linear,0.00558659217877095,0.5160094483357237,0.5183964758746361,0.2279515136079634,0.2279515136079634,0.03682683193539431,0.93,1.282051282051282,1.047205032865026,0.5160094483357237,0.005586592178768395,1.0,0.516009449715954,0.4426399233586855,10.0,17.0,26.0,0.005586592178770949,1.0,0.0,0.8074098841392965,3.212731622960914,1.0,0.4402453925130065,0.01615740189279443,0.0023870275389124007,0.2880579347277603,16290
180,constant,0.01,0.4302831510662767,0.4316599543901424,0.12995783223597912,0.12995783223597912,0.03303447676791126,0.88,1.2048192771084336,1.0577263889117783,0.4302831510662767,0.009999999999997285,1.0,0.4302831520537954,0.4420050571651636,9.0,17.0,25.0,0.01,1.0,0.6197725594043726,0.9836066511493549,2.6830266942960583,1.0,0.44063524601551607,0.015273582206009237,0.001376803323865694,0.30032531883029756,16471
180,linear,0.005555555555555556,0.514043362799484,0.5168477560473222,0.22508605331427245,0.22508605331427245,0.03620398167032408,0.93,1.282051282051282,1.047205032865026,0.514043362799484,0.005555555555552891,1.0,0.5140433642147751,0.43670657451086664,9.0,17.0,25.0,0.005555555555555557,1.0,0.0,0.7709624182614419,3.2223047311622004,1.0,0.4402453925130065,0.01615740189279443,0.0028043932478382105,0.2889573094852116,16471
181,constant,0.01,0.42758142827567497,0.4293038478695235,0.12684106300861198,0.12684106300861198,0.03244769036743086,0.96,1.2048192771084336,1.0577263889117783,0.42758142827567497,0.009999999999999225,1.0,0.42758142962637613,0.34764381200718075,15.0,17.0,31.0,0.01,1.0,0.12188749311026184,0.9985926463990835,2.6809660842524883,1.0,0.44000929498479696,0.016688284064167433,0.0017224195938485565,0.300740365267063,16653
181,linear,0.0055248618784530384,0.5120817410020916,0.5152113398779499,0.22220467646618625,0.22220467646618625,0.035591392585938346,0.98,1.282051282051282,1.047205032865026,0.5120817410020916,0.00552486187845048,1.0,0.5120817417350657,0.43769063248662554,12.0,17.0,28.0,0.0055248618784530384,1.0,1.0,0.9622260216825357,3.231295703521112,1.0,0.43985095710519145,0.01704244078727933,0.003129598875858286,0.28987706453590534,16653
182,constant,0.01,0.4249001201696733,0.4263638436181636,0.12371312851733418,0.12371312851733418,0.03187132696478414,0.88,1.2048192771084336,1.0577263889117783,0.4249001201696733,0.010000000000002805,1.0,0.4249001208556933,0.4460351151253799,9.0,17.0,25.0,0.009999999999999998,1.0,0.6597614018712196,0.7889062281618189,2.68145806315382,1.0,0.44063524601551607,0.015273582206009237,0.0014637234484902728,0.30118699165233914,16836
182,linear,0.005494505494505495,0.5101139947512261,0.5110675802145539,0.21930734309215782,0.21930734309215782,0.03498890481476919,0.93,1.282051282051282,1.047205032865026,0.5101139947512261,0.005494505494508531,1.0,0.5101139960164799,0.8483166186444905,11.0,17.0,27.0,0.005494505494505495,1.0,0.24698174092918634,0.3296997260942841,3.219973489269214,1.0,0.4402453925130065,0.01615740189279443,0.0009535854633277996,0.29080665165906827,16836
183,constant,0.01,0.422222312635221,0.4235917046894358,0.12057398876460013,0.12057398876460013,0.03130520141784144,0.93,1.2048192771084336,1.0577263889117783,0.422222312635221,0.01000000000000246,1.0,0.42222231416511397,0.3935670785017909,10.0,17.0,26.0,0.01,1.0,0.16963201758044305,0.059276252508882854,2.672348298926556,1.0,0.4402453925130065,0.01615740189279443,0.0013693920542148241,0.30164832387062085,17020
183,linear,0.00546448087431694,0.5081374810257796,0.5090476556098463,0.21641623951784517,0.21641623951784517,0.0343966849554034,0.98,1.2658227848101264,1.0386714364661032,0.5081374810257796,0.005464480874320021,1.0,0.5081374816844064,0.4376124526904276,11.0,17.0,27.0,0.005464480874316939,1.0,1.0,0.5671429499606434,3.228192846588949,1.0,0.43985095710519145,0.01704244078727933,0.0009101745840667252,0.29172124150793444,17020
184,constant,0.01,0.4195618074862943,0.42113765621935706,0.11757093554117481,0.11757093554117481,0.03074913187312467,0.88,1.1904761904761905,1.0577263889117783,0.4195618074862943,0.009999999999996102,1.0,0.419561808985402,0.45246432043283924,10.0,17.0,26.0,0.01,1.0,0.702150703407824,0.7217497186244106,2.6798894320115836,1.0,0.44063524601551607,0.015273582206009237,0.001575848733062768,0.3019908719451195,17205
184,linear,0.005434782608695652,0.5061523457774623,0.5062828636558783,0.21366809008752696,0.21366809008752696,0.03382337949915846,0.98,1.2658227848101264,1.0386714364661032,0.5061523457774623,0.0054347826086911105,1.0,0.5061523466897053,0.4376149378885881,9.0,17.0,25.0,0.005434782608695652,1.0,0.38644886761903763,0.8967636793330809,3.235706346456786,1.0,0.43985095710519145,0.01704244078727933,0.00013051787841600326,0.2924842556899353,17205
185,constant,0.01,0.4169057674432427,0.4178590225110572,0.1146322144640527,0.1146322144640527,0.03020293970739148,0.93,1.1904761904761905,1.0577263889117783,0.4169057674432427,0.010000000000003824,1.0,0.41690576936370116,0.43271146673931393,11.0,17.0,27.0,0.010000000000000002,1.0,0.2138425320386886,0.1479235883841306,2.6700170570335735,1.0,0.4402453925130065,0.01615740189279443,0.000953255067814518,0.30227355297919,17391
185,linear,0.005405405405405406,0.5041749465196483,0.5043188203826701,0.21090540786564949,0.21090540786564949,0.03325934042588873,0.98,1.2658227848101264,1.0386714364661032,0.5041749465196483,0.005405405405410109,1.0,0.5041749480548849,0.441035523277964,14.0,17.0,30.0,0.005405405405405406,1.0,0.49489310747012494,0.021003498692038897,3.225089989656787,1.0,0.43985095710519145,0.01704244078727933,0.00014387386302172622,0.29326953865399885,17391
186,constant,0.01,0.41426747075461906,0.41599077527768863,0.11168370667214866,0.11168370667214866,0.0296664494702571,0.88,1.1904761904761905,1.0577263889117783,0.41426747075461906,0.009999999999993688,1.0,0.41426747188321505,0.43461336170126613,8.0,17.0,24.0,0.01,1.0,0.7452627182006836,0.7153882808259109,2.6783208008693453,1.0,0.44063524601551607,0.015273582206009237,0.0017233045230695687,0.3025837640824704,17578
186,linear,0.005376344086021506,0.50221828985793,0.5044163088972297,0.208128160418104,0.208128160418104,0.03270442753369711,0.93,1.2658227848101264,1.0386714364661032,0.50221828985793,0.005376344086017328,1.0,0.502218291852747,0.4482212346905419,10.0,17.0,26.0,0.005376344086021506,1.0,0.0,0.7669107064774691,3.2485853164829437,1.0,0.4402453925130065,0.01615740189279443,0.0021980190392996146,0.29409012943982604,17578
187,constant,0.01,0.41163342662666474,0.4122270866931944,0.10872537957312622,0.10872537957312622,0.02913948882783532,0.93,1.1904761904761905,1.0577263889117783,0.41163342662666474,0.010000000000002934,1.0,0.4116334282386155,0.43714869433375003,11.0,17.0,27.0,0.01,1.0,0.2553498800843954,0.23876169883497245,2.667685815140587,1.0,0.4402453925130065,0.01615740189279443,0.0005936600665296665,0.3029080470535385,17766
187,linear,0.0053475935828877,0.5002703608218503,0.503040508056326,0.2053363146299767,0.2053363146299767,0.03215850239603801,0.93,1.2658227848101264,1.0386714364661032,0.5002703608218503,0.005347593582889333,1.0,0.5002703626359749,0.4367196967525758,10.0,17.0,26.0,0.0053475935828877,1.0,0.0,0.818424106979093,3.258158424684226,1.0,0.4402453925130065,0.01615740189279443,0.0027701472344757727,0.2949340461918736,17766
188,constant,0.01,0.4090164685030557,0.41092636268162597,0.10579369689934237,0.10579369689934237,0.028621888507380615,0.88,1.1764705882352942,1.0577263889117783,0.4090164685030557,0.010000000000000576,1.0,0.4090164692613409,0.4371177636547445,11.0,17.0,27.0,0.010000000000000002,1.0,0.7882177159190178,0.7438391905207319,2.6767521697271106,1.0,0.44063524601551607,0.015273582206009237,0.0019098941785702928,0.3032227716037133,17955
188,linear,0.005319148936170213,0.49832476631240424,0.49985510381972476,0.20252983671443903,0.20252983671443903,0.03162142835335192,0.98,1.2658227848101264,1.0386714364661032,0.49832476631240424,0.005319148936171123,1.0,0.4983247675045471,0.4376927177823606,11.0,17.0,27.0,0.005319148936170213,1.0,0.233104158192873,0.10541256132104672,3.2485016319566995,1.0,0.43985095710519145,0.01704244078727933,0.0015303375073205117,0.2957949295979652,17955
189,constant,0.01,0.4064053883387838,0.40682060292527894,0.10303569286649117,0.10303569286649117,0.028113482242913566,0.88,1.1764705882352942,1.0577263889117783,0.4064053883387838,0.01000000000000506,1.0,0.40640538973919554,0.4377954785695498,10.0,17.0,26.0,0.01,1.0,0.7012739390134815,0.3214679901546348,2.6635746850857904,1.0,0.44063524601551607,0.015273582206009237,0.0004152145864951273,0.30336969547229264,18145
189,linear,0.005291005291005291,0.49637418336096606,0.49746368590039175,0.19974540391152895,0.19974540391152895,0.031093070504019455,0.93,1.25,1.0386714364661032,0.49637418336096606,0.005291005291009276,1.0,0.4963741841710206,0.8204937166121054,11.0,17.0,27.0,0.00529100529100529,1.0,0.0,0.423885452834264,3.2558271827912435,1.0,0.4402453925130065,0.01615740189279443,0.0010895025394256908,0.2966287794494371,18145
190,constant,0.01,0.40380851307817095,0.4059443068335929,0.10026918231090709,0.10026918231090709,0.02761410672181213,0.88,1.1764705882352942,1.0577263889117783,0.40380851307817095,0.009999999999995752,1.0,0.4038085143686152,0.43781361454436113,10.0,17.0,26.0,0.010000000000000002,1.0,0.8306646542856468,0.8001316999467768,2.6751835385848723,1.0,0.44063524601551607,0.015273582206009237,0.002135793755421944,0.30353933076726386,18336
190,linear,0.005263157894736842,0.49441624186278177,0.49586442172449335,0.19709021288268014,0.19709021288268014,0.030573295694679564,0.98,1.25,1.0386714364661032,0.49441624186278177,0.005263157894730832,1.0,0.4944162424852252,0.4376115771637175,11.0,17.0,27.0,0.005263157894736842,1.0,1.0,0.6843872100996955,3.2635286316923695,1.0,0.43985095710519145,0.01704244078727933,0.0014481798617115849,0.29732602898010163,18336
191,constant,0.01,0.40121978373619555,0.4018626134592179,0.09749413899588844,0.09749413899588844,0.027123601532351597,0.88,1.1764705882352942,1.0577263889117783,0.40121978373619555,0.010000000000002602,1.0,0.4012197842716737,0.43767441347689,12.0,17.0,28.0,0.01,1.0,0.7467728286981582,0.3955148463261989,2.662006053943552,1.0,0.44063524601551607,0.015273582206009237,0.0006428297230223756,0.3037256447403071,18528
191,linear,0.005235602094240838,0.49245106319740245,0.4924971910096953,0.19442174902138598,0.19442174902138598,0.0300619725099546,0.98,1.25,1.0386714364661032,0.49245106319740245,0.005235602094243797,1.0,0.49245106419765433,0.43761610273070545,9.0,17.0,25.0,0.005235602094240838,1.0,0.4079286932945252,0.04756845850075617,3.2529122748923704,1.0,0.43985095710519145,0.01704244078727933,4.612781229285101e-05,0.29802931417601647,18528
192,constant,0.01,0.3986434132353,0.4010429447317716,0.09471053660381168,0.09471053660381168,0.02664180911217639,0.88,1.1764705882352942,1.0577263889117783,0.3986434132353,0.009999999999996144,1.0,0.3986434139973441,0.43767937444287863,12.0,17.0,28.0,0.009999999999999997,1.0,0.8725224465131758,0.8879584352367582,2.6736149074426376,1.0,0.44063524601551607,0.015273582206009237,0.0023995314964715964,0.3039328766314883,18721
192,linear,0.005208333333333333,0.49050051028886066,0.4908058338386795,0.1917399853659032,0.1917399853659032,0.029558971261622297,0.98,1.25,1.0386714364661032,0.49050051028886066,0.005208333333331026,1.0,0.4905005112961012,0.4411388643462066,14.0,17.0,30.0,0.005208333333333332,1.0,0.52199387550354,0.07030455841430967,3.260425774760207,1.0,0.43985095710519145,0.01704244078727933,0.0003053235498188256,0.29876052492295746,18721
193,constant,0.01,0.3960768011251099,0.3969911752129406,0.09205144961325573,0.09205144961325573,0.026168574697687175,0.88,1.1627906976744187,1.0577263889117783,0.3960768011251099,0.01000000000000217,1.0,0.3960768017552268,0.4376866759904895,10.0,17.0,26.0,0.01,1.0,0.7904451787471771,0.4650553306296603,2.6604374228013175,1.0,0.44063524601551607,0.015273582206009237,0.0009143740878306827,0.30402535151185417,18915
193,linear,0.0051813471502590676,0.4885619820754723,0.49082247223175024,0.18904489437955352,0.18904489437955352,0.029064163977273554,0.93,1.25,1.0386714364661032,0.4885619820754723,0.0051813471502623765,1.0,0.4885619827653976,0.3679375407489278,13.0,17.0,29.0,0.005181347150259071,1.0,0.0,0.8878705085287258,3.2844390100049696,1.0,0.4402453925130065,0.01615740189279443,0.002260490156277939,0.2995170876959188,18915
194,constant,0.01,0.39352117388557656,0.39388179581344107,0.0894690396129183,0.0894690396129183,0.025703746274326943,0.93,1.1627906976744187,1.0577263889117783,0.39352117388557656,0.009999999999997594,1.0,0.3935211753684604,0.43769598934675025,11.0,17.0,27.0,0.01,1.0,0.3440510779750185,0.00854818402521605,2.648787739367363,1.0,0.4402453925130065,0.01615740189279443,0.00036062192786451286,0.30405213427265826,19110
194,linear,0.005154639175257732,0.48663180717538024,0.48991551147708867,0.186336447958244,0.186336447958244,0.028577424388492315,0.93,1.25,1.0386714364661032,0.48663180717538024,0.0051546391752541635,1.0,0.48663180915357634,0.4366480946641615,12.0,17.0,28.0,0.005154639175257732,1.0,0.0,0.9608559020509349,3.2940121182062554,1.0,0.4402453925130065,0.01615740189279443,0.0032837043017084344,0.30029535921713624,19110
195,constant,0.01,0.39097645191433666,0.39220269960466236,0.08687928465739925,0.08687928465739925,0.025247174527750205,0.88,1.1627906976744187,1.0577263889117783,0.39097645191433666,0.009999999999993516,1.0,0.3909764525686863,0.43769346146108434,11.0,17.0,27.0,0.01,1.0,0.8326999307057122,0.5365879042288967,2.6588687916590827,1.0,0.44063524601551607,0.015273582206009237,0.0012262476903256991,0.3040971672569374,19306
195,linear,0.005128205128205128,0.4847059263440808,0.4857624948341108,0.18364666090364856,0.18364666090364856,0.028098627918592068,0.93,1.2345679012345678,1.0386714364661032,0.4847059263440808,0.005128205128198831,1.0,0.48470592799739565,0.4376957648486352,10.0,17.0,26.0,0.005128205128205127,1.0,0.22617035685107112,0.3280021383597126,3.282107768111987,1.0,0.4402453925130065,0.01615740189279443,0.001056568490030052,0.3010592654404322,19306
196,constant,0.01,0.3884420317067287,0.38853509044873125,0.08428216385599308,0.08428216385599308,0.024798712795859552,0.93,1.1627906976744187,1.0577263889117783,0.3884420317067287,0.009999999999996725,1.0,0.38844203225471213,0.4378133950921972,12.0,17.0,28.0,0.01,1.0,0.3863389905542134,0.12905835685560613,2.6464564974743765,1.0,0.4402453925130065,0.01615740189279443,9.305874200254971e-05,0.3041598678507356,19503
196,linear,0.00510204081632653,0.4827774002593338,0.4846285307505354,0.1810912622816283,0.1810912622816283,0.027627651669942604,0.93,1.2345679012345678,1.0386714364661032,0.4827774002593338,0.005102040816324104,1.0,0.4827774020852955,0.43771333622348985,11.0,17.0,27.0,0.00510204081632653,1.0,0.0,0.5969509903345827,3.291680876313269,1.0,0.4402453925130065,0.01615740189279443,0.0018511304912016135,0.3016861379777055,19503
197,constant,0.01,0.3859189327596674,0.3874938962263104,0.08167816280991202,0.08167816280991202,0.02435821702169416,0.88,1.1494252873563218,1.0577263889117783,0.3859189327596674,0.01000000000000253,1.0,0.3859189340115115,0.6850742558838019,13.0,17.0,29.0,0.010000000000000002,1.0,0.8738362431526183,0.6186221629414388,2.6573001605168445,1.0,0.44063524601551607,0.015273582206009237,0.0015749634666430423,0.30424076994975535,19701
197,linear,0.005076142131979695,0.4808428145854723,0.4831524245178133,0.17852380165047588,0.17852380165047588,0.027164374410917493,0.98,1.2345679012345678,1.0386714364661032,0.4808428145854723,0.005076142131982345,1.0,0.48084281529244294,0.43760980334944216,11.0,17.0,27.0,0.005076142131979695,1.0,1.0,0.9460226707642249,3.298864416795795,1.0,0.43985095710519145,0.01704244078727933,0.002309609932341028,0.3023190129349964,19701
198,constant,0.01,0.38340622519574585,0.3835260114192019,0.0792815083284727,0.0792815083284727,0.023925545707155153,0.88,1.1494252873563218,1.0577263889117783,0.38340622519574585,0.010000000000002124,1.0,0.3834062267689739,0.43771432497741114,9.0,17.0,25.0,0.01,1.0,0.7917640208615921,0.21937043494849212,2.6441226758755243,1.0,0.44063524601551607,0.015273582206009237,0.00011978622345604206,0.30412471686727316,19900
198,linear,0.005050505050505051,0.47890219789703203,0.4794116361043706,0.17594425702964933,0.17594425702964933,0.02670867656249301,0.96,1.2345679012345678,1.0386714364661032,0.47890219789703203,0.005050505050507428,1.0,0.4789021985775447,0.4376169601504093,11.0,17.0,27.0,0.005050505050505051,1.0,0.0,0.21790555267411152,3.2886911340015303,1.0,0.44000929498479696,0.016688284064167433,0.0005094382073385639,0.3029579408673827,19900
199,constant,0.01,0.38090476694756725,0.3828616022678583,0.07687859901079763,0.07687859901079763,0.02350055986755293,0.88,1.1494252873563218,1.0577263889117783,0.38090476694756725,0.00999999999999589,1.0,0.38090476860305944,0.7127882068484325,12.0,17.0,28.0,0.010000000000000002,1.0,0.9141022803611121,0.7231850549234653,2.6557315293746098,1.0,0.44063524601551607,0.015273582206009237,0.0019568353202910616,0.3040261679367696,20100
199,linear,0.005025125628140704,0.47697214351338496,0.47734191624015954,0.17335260595342517,0.17335260595342517,0.02626044018452598,0.98,1.2345679012345678,1.0386714364661032,0.47697214351338496,0.005025125628136492,1.0,0.47697214465946935,0.44099787888067493,14.0,17.0,30.0,0.005025125628140703,1.0,1.0,0.28096730593020086,3.295761559863629,1.0,0.43985095710519145,0.01704244078727933,0.0003697727267745754,0.3036195375599598,20100
200,constant,0.01,0.37841981310842243,0.3789251572846436,0.07446941853289146,0.07446941853289146,0.023083122986961843,0.88,1.1494252873563218,1.0577263889117783,0.37841981310842243,0.010000000000002781,1.0,0.3784198150582955,0.4410129582016006,8.0,17.0,24.0,0.01,1.0,0.8338520121527835,0.29239128858229735,2.6425540447332896,1.0,0.44063524601551607,0.015273582206009237,0.0005053441762211675,0.30395039457553097,20301
200,linear,0.005,0.47505072401688675,0.47688613387308354,0.17074882547728387,0.17074882547728387,0.025819548961738055,0.98,1.2345679012345678,1.0386714364661032,0.47505072401688675,0.0050000000000022336,1.0,0.47505072456037517,0.4420559051011874,12.0,17.0,28.0,0.005,1.0,0.6694519079872407,0.492235462459068,3.30414620242787,1.0,0.43985095710519145,0.01704244078727933,0.0018354098561967902,0.3043018985396029,20301
201,constant,0.01,0.3759352774595067,0.37830242436414374,0.07205395052815644,0.07205395052815644,0.02267310097436793,0.88,1.1494252873563218,1.0577263889117783,0.3759352774595067,0.010000000000000066,1.0,0.37593527915600045,0.43986798020862483,12.0,17.0,28.0,0.01,1.0,0.9537609666585922,0.8705088710986665,2.6541628982323715,1.0,0.44063524601551607,0.015273582206009237,0.0023671469046370186,0.3038813269313503,20503
201,linear,0.004975124378109453,0.47313936648861626,0.47438691968414515,0.1681412988106803,0.1681412988106803,0.025385888189431455,0.93,1.2195121951219512,1.0386714364661032,0.47313936648861626,0.004975124378109434,1.0,0.4731393674548907,0.5061989139427138,13.0,17.0,29.0,0.004975124378109453,1.0,0.15604591369628906,0.3430243985224587,3.3083883534327283,1.0,0.4402453925130065,0.01615740189279443,0.0012475531955288832,0.30499806767793597,20503
202,constant,0.01,0.37347809480938826,0.3744029226282778,0.06970364955697839,0.06970364955697839,0.022270362120595577,0.88,1.1363636363636365,1.0577263889117783,0.37347809480938826,0.009999999999998923,1.0,0.37347809590866626,0.44077380829812873,8.0,17.0,24.0,0.01,1.0,0.8741662085056305,0.3576623551208067,2.6409854135910513,1.0,0.44063524601551607,0.015273582206009237,0.0009248278188895287,0.3037744452524099,20706
202,linear,0.0049504950495049506,0.4712382411806666,0.4725827978682618,0.16569200036877185,0.16569200036877185,0.024959344758960812,0.93,1.2195121951219512,1.0386714364661032,0.4712382411806666,0.004950495049502076,1.0,0.4712382420476946,0.4371863091699387,13.0,17.0,29.0,0.0049504950495049506,1.0,0.0,0.6030593226367973,3.3179614616340127,1.0,0.4402453925130065,0.01615740189279443,0.0013445566875951998,0.30554624081189474,20706
203,constant,0.01,0.37101317033570275,0.37102128834201886,0.06748871544668755,0.06748871544668755,0.02187477705599927,0.88,1.1363636363636365,1.0577263889117783,0.37101317033570275,0.01000000000000598,1.0,0.3710131710245256,0.4408250209901287,10.0,17.0,26.0,0.010000000000000002,1.0,0.4536598145961761,0.9763213592598542,2.6324839749606928,1.0,0.44063524601551607,0.015273582206009237,8.1180063161157e-06,0.3035244548890152,20910
203,linear,0.0049261083743842365,0.46933521899893504,0.4722636510093755,0.1632317989904024,0.1632317989904024,0.024539807142983792,0.96,1.2195121951219512,1.0386714364661032,0.46933521899893504,0.0049261083743898084,1.0,0.4693352202856572,0.43769076206420315,13.0,17.0,29.0,0.004926108374384234,1.0,0.0,0.8679543003833614,3.327027955318276,1.0,0.44000929498479696,0.016688284064167433,0.0029284320104404626,0.30610342000853263,20910
204,constant,0.01,0.36857987822608335,0.3699556830172498,0.06526850781994087,0.06526850781994087,0.021486218708906893,0.88,1.1363636363636365,1.0577263889117783,0.36857987822608335,0.010000000000001336,1.0,0.3685798790067484,0.44075678789429473,8.0,17.0,24.0,0.01,1.0,0.913188245240599,0.4241383285943817,2.6394167824488166,1.0,0.44063524601551607,0.015273582206009237,0.0013758047911664462,0.3033113704061425,21115
204,linear,0.004901960784313725,0.46742785983591695,0.46776207853348645,0.1607606771727902,0.1607606771727902,0.024127165380512502,0.93,1.2195121951219512,1.0386714364661032,0.46742785983591695,0.004901960784316024,1.0,0.4674278605835027,0.4376096425673309,12.0,17.0,28.0,0.0049019607843137246,1.0,0.3378020761534569,0.24380263283694448,3.315630219741028,1.0,0.4402453925130065,0.01615740189279443,0.0003342186975694994,0.30666718266312676,21115
205,constant,0.01,0.3661438798560844,0.3662861528122956,0.06304301412107094,0.06304301412107094,0.02110456226480117,0.88,1.1363636363636365,1.0577263889117783,0.3661438798560844,0.010000000000005614,1.0,0.36614388176113793,0.4408628705671477,9.0,17.0,25.0,0.01,1.0,0.49640396833419786,0.06274020517709056,2.6262392978074964,1.0,0.44063524601551607,0.015273582206009237,0.00014227295621122016,0.30310086573501344,21321
205,linear,0.004878048780487805,0.4655156650214604,0.46710427231245555,0.15827861700400592,0.15827861700400592,0.023721311061786342,0.96,1.2195121951219512,1.0386714364661032,0.4655156650214604,0.004878048780493169,1.0,0.46551566572268144,0.8535257906249017,11.0,17.0,27.0,0.004878048780487804,1.0,0.0,0.49993255572391054,3.3242348521831477,1.0,0.44000929498479696,0.016688284064167433,0.0015886072909951365,0.3072370480174545,21321
206,constant,0.01,0.36372584898531574,0.3655799969572322,0.06081222176451684,0.06081222176451684,0.02072968512622616,0.88,1.1363636363636365,1.0577263889117783,0.36372584898531574,0.010000000000003473,1.0,0.3637258499223452,0.4408159535415389,14.0,17.0,30.0,0.01,1.0,0.9512981176376343,0.5049309734368463,2.6378481513065783,1.0,0.44063524601551607,0.015273582206009237,0.0018541479719164644,0.3029136272207989,21528
206,linear,0.0048543689320388345,0.4636004770491705,0.46522188083094623,0.15578560016841303,0.15578560016841303,0.023322137312985946,0.98,1.2195121951219512,1.0386714364661032,0.4636004770491705,0.0048543689320411495,1.0,0.4636004776560549,0.4399543930280645,12.0,17.0,28.0,0.0048543689320388345,1.0,1.0,0.7724542867002818,3.3310973449670525,1.0,0.43985095710519145,0.01704244078727933,0.001621403781775721,0.3078148768807575,21528
207,constant,0.01,0.3613179168202276,0.36175759025852683,0.05870520177272265,0.05870520177272265,0.02036146687340594,0.88,1.1235955056179776,1.0577263889117783,0.3613179168202276,0.009999999999998836,1.0,0.3613179174928625,0.44176151610900194,13.0,17.0,29.0,0.01,1.0,0.8729921281337738,0.10206269123750385,2.624670666665258,1.0,0.44063524601551607,0.015273582206009237,0.000439673438299204,0.302612715047505,21736
207,linear,0.004830917874396135,0.4617063734410229,0.4621155263881877,0.15328160795195533,0.15328160795195533,0.022929538780806724,0.93,1.2195121951219512,1.0386714364661032,0.4617063734410229,0.004830917874394072,1.0,0.4617063745124878,0.44127349880825906,15.0,17.0,31.0,0.004830917874396135,1.0,0.0,0.9263085891319123,3.3346689387534716,1.0,0.4402453925130065,0.01615740189279443,0.00040915294716481476,0.30842476548906755,21736
208,constant,0.01,0.3589163657345991,0.36127142125944234,0.05667459341854586,0.05667459341854586,0.019999789225562805,0.88,1.1235955056179776,1.0577263889117783,0.3589163657345991,0.009999999999998335,1.0,0.3589163669663232,0.4409347019523308,15.0,17.0,31.0,0.01,1.0,0.9890098730102181,0.6296081395658835,2.6362795201643436,1.0,0.44063524601551607,0.015273582206009237,0.0023550555248432192,0.30224177231605326,21945
208,linear,0.004807692307692308,0.45981906118615923,0.46116248227202566,0.15091028210364832,0.15091028210364832,0.022543411616910015,0.93,1.2048192771084336,1.0386714364661032,0.45981906118615923,0.004807692307690681,1.0,0.459819062412172,0.4459569986512454,9.0,17.0,25.0,0.004807692307692308,1.0,0.0,0.8312199535279764,3.344242046954758,1.0,0.4402453925130065,0.01615740189279443,0.0013434210858664364,0.3089087790825109,21945
209,constant,0.01,0.3565353970912049,0.35749008655925035,0.05463960453417194,0.05463960453417194,0.019644536002922562,0.88,1.1235955056179776,1.0577263889117783,0.3565353970912049,0.0099999999999984,1.0,0.35653539795393807,0.44195688955948337,12.0,17.0,28.0,0.01,1.0,0.9103966413094895,0.12114915754452098,2.6231020355230235,1.0,0.44063524601551607,0.015273582206009237,0.0009546894680454443,0.30189579255703297,22155
209,linear,0.004784688995215311,0.4579353412478939,0.4605065515460306,0.1485630728327486,0.1485630728327486,0.02216365346226802,0.93,1.2048192771084336,1.0386714364661032,0.4579353412478939,0.004784688995212427,1.0,0.4579353417987279,0.502515915445016,14.0,17.0,30.0,0.004784688995215311,1.0,0.0,0.9317894364998112,3.353815155156042,1.0,0.4402453925130065,0.01615740189279443,0.0025712102981366725,0.3093722684151453,22155
210,constant,0.01,0.35415208191494163,0.35697074671525325,0.05260022566970146,0.05260022566970146,0.019295593089394724,0.88,1.1235955056179776,1.0577263889117783,0.35415208191494163,0.010000000000002712,1.0,0.3541520835852491,0.44175711991811084,11.0,17.0,27.0,0.01,1.0,1.0,0.8793376084013514,2.634710889022109,1.0,0.44063524601551607,0.015273582206009237,0.002818664800311621,0.30155185624524017,22366
210,linear,0.004761904761904762,0.45605665267586426,0.45678563083235757,0.14620605210469284,0.14620605210469284,0.021790163431418964,0.93,1.2048192771084336,1.0386714364661032,0.45605665267586426,0.004761904761906445,1.0,0.4560566537030875,0.4376824516656456,11.0,17.0,27.0,0.004761904761904762,1.0,0.261000041756779,0.291364599811158,3.3419108050617714,1.0,0.4402453925130065,0.01615740189279443,0.0007289781564933095,0.3098506005711714,22366
211,constant,0.01,0.3517966288895953,0.3532933665399355,0.0505564473548491,0.0505564473548491,0.018952848395915618,0.88,1.1235955056179776,1.0577263889117783,0.3517966288895953,0.010000000000003222,1.0,0.35179662979069387,0.4416406358670984,13.0,17.0,29.0,0.01,1.0,0.9463427662849426,0.1248092932841497,2.6215334043807887,1.0,0.44063524601551607,0.015273582206009237,0.0014967376503401963,0.3012401815347462,22578
211,linear,0.004739336492890996,0.4541792544585825,0.4555573134157639,0.14383920604555844,0.14383920604555844,0.021422842096646973,0.96,1.2048192771084336,1.0386714364661032,0.4541792544585825,0.0047393364928945865,1.0,0.45417925569226025,0.43769593150283903,10.0,17.0,26.0,0.004739336492890996,1.0,0.0,0.5884501679290852,3.351438291205357,1.0,0.44000929498479696,0.016688284064167433,0.001378058957181405,0.31034004841302404,22578
212,constant,0.01,0.3494406414016889,0.3497508066196265,0.04868187227979992,0.04868187227979992,0.018616191824442598,0.88,1.1111111111111112,1.0577263889117783,0.3494406414016889,0.010000000000000156,1.0,0.3494406425390854,0.44408212800004215,9.0,17.0,25.0,0.01,1.0,0.5365685746073723,0.39599132458294106,2.6130319657504266,1.0,0.44063524601551607,0.015273582206009237,0.0003101652179375858,0.300758769121889,22791
212,linear,0.0047169811320754715,0.4522985916042339,0.4550488825349434,0.14146252044127072,0.14146252044127072,0.021061591472101373,0.96,1.2048192771084336,1.0386714364661032,0.4522985916042339,0.004716981132075987,1.0,0.4522985921743939,0.43781478587900696,12.0,17.0,28.0,0.0047169811320754715,1.0,0.0,0.9529070654224201,3.3597785703647665,1.0,0.44000929498479696,0.016688284064167433,0.002750290930709498,0.3108360711629632,22791
213,constant,0.01,0.34710248801665683,0.34916310678139584,0.046837534928011126,0.046837534928011126,0.01828551523258786,0.88,1.1111111111111112,1.0577263889117783,0.34710248801665683,0.009999999999997584,1.0,0.3471024885725438,0.4411510366035211,8.0,17.0,24.0,0.010000000000000002,1.0,0.9814989431761205,0.13071966638225385,2.6199647732385505,1.0,0.44063524601551607,0.015273582206009237,0.0020606187647390084,0.3002649530886457,23005
213,linear,0.004694835680751174,0.45041422625764016,0.4506172646496349,0.1390759807421238,0.1390759807421238,0.020706314997868354,0.96,1.2048192771084336,1.0386714364661032,0.45041422625764016,0.004694835680747326,1.0,0.45041422685761595,0.4376134655344815,11.0,17.0,27.0,0.004694835680751174,1.0,0.0,0.25196519199481077,3.3486451880702286,1.0,0.44000929498479696,0.016688284064167433,0.0002030383919947587,0.31133824551551637,23005
214,constant,0.01,0.34477290717081094,0.34555429523461845,0.0449896219266388,0.0449896219266388,0.017960712398880432,0.88,1.1111111111111112,1.0577263889117783,0.34477290717081094,0.009999999999995558,1.0,0.3447729081488825,0.4163194797575001,12.0,17.0,28.0,0.01,1.0,0.5834245040314272,0.6268724735501231,2.611463334608192,1.0,0.44063524601551607,0.015273582206009237,0.0007813880638075088,0.29978328524417214,23220
214,linear,0.004672897196261682,0.44853688381338325,0.4497357601287342,0.13676118563061934,0.13676118563061934,0.02035691752400823,0.96,1.1904761904761905,1.0386714364661032,0.44853688381338325,0.004672897196256996,1.0,0.4485368852014053,0.44082249585967614,15.0,17.0,31.0,0.004672897196261682,1.0,0.022104362957179536,0.46443295749810765,3.356985467229638,1.0,0.44000929498479696,0.016688284064167433,0.0011988763153509274,0.3117756981827639,23220
215,constant,0.01,0.342452381808894,0.3450741858247357,0.043138126343507555,0.043138126343507555,0.017641678988645215,0.88,1.1111111111111112,1.0577263889117783,0.342452381808894,0.010000000000001424,1.0,0.3424523833770552,0.2782884025166972,13.0,17.0,29.0,0.01,1.0,1.0,0.20701772651343814,2.6183961420963158,1.0,0.44063524601551607,0.015273582206009237,0.002621804015841722,0.2993142554653864,23436
215,linear,0.004651162790697674,0.44666322508983797,0.44816198969815135,0.13453218553789115,0.13453218553789115,0.02001330529456985,0.98,1.1904761904761905,1.0386714364661032,0.44666322508983797,0.004651162790697979,1.0,0.4466632265607274,0.2843612540241759,16.0,17.0,32.0,0.004651162790697674,1.0,1.0,0.31376708428705175,3.36333027313831,1.0,0.43985095710519145,0.01704244078727933,0.0014987646083133854,0.3121310395519468,23436
216,constant,0.01,0.34014907860983895,0.3414467404492671,0.04128365431802772,0.04128365431802772,0.01732831252048812,0.88,1.0989010989010988,1.0577263889117783,0.34014907860983895,0.010000000000004413,1.0,0.34014907944422135,0.4163210080726384,11.0,17.0,27.0,0.01,1.0,0.625,0.7294111651170111,2.609894703465957,1.0,0.44063524601551607,0.015273582206009237,0.0012976618394281436,0.29886542429181123,23653
216,linear,0.004629629629629629,0.44480849185802934,0.4453102041750661,0.13229442642057798,0.13229442642057798,0.019675385931593896,0.93,1.1904761904761905,1.0386714364661032,0.44480849185802934,0.004629629629633485,1.0,0.44480849259405375,0.4488971666773689,11.0,17.0,27.0,0.0046296296296296285,1.0,0.09954544903594068,0.6149631796497678,3.3681913903825147,1.0,0.4402453925130065,0.01615740189279443,0.0005017123170367732,0.31251406543745136,23653
217,constant,0.01,0.33784979885912064,0.3408504744904791,0.03962975175027805,0.03962975175027805,0.017020512333376526,0.88,1.0989010989010988,1.0577263889117783,0.33784979885912064,0.009999999999992633,1.0,0.33784980007966126,0.326697732335676,11.0,17.0,27.0,0.01,1.0,1.0,0.5848750779069704,2.6168275109540775,1.0,0.44063524601551607,0.015273582206009237,0.0030006756313584737,0.2982200471088426,23871
217,linear,0.004608294930875576,0.442955357030313,0.44435623631769317,0.13004789793728377,0.13004789793728377,0.019343068419115567,0.93,1.1904761904761905,1.0386714364661032,0.442955357030313,0.004608294930865624,1.0,0.44295535825449084,0.4341176781393523,10.0,17.0,26.0,0.004608294930875576,1.0,0.0,0.7733780104563642,3.377764498583801,1.0,0.4402453925130065,0.01615740189279443,0.0014008792873801412,0.31290745909302925,23871
218,constant,0.01,0.335568856997171,0.33742375516647394,0.03797299599898152,0.03797299599898152,0.016718179554304456,0.88,1.0989010989010988,1.0577263889117783,0.335568856997171,0.010000000000003824,1.0,0.3355688584055781,0.44140321727526277,6.0,17.0,22.0,0.01,1.0,0.9815437496872619,0.8001354245949173,2.608326072323719,1.0,0.44063524601551607,0.015273582206009237,0.0018548981693029543,0.29759586099818947,24090
218,linear,0.0045871559633027525,0.44110433826185125,0.44212937450402995,0.12779258946019456,0.12779258946019456,0.019016263087177007,0.93,1.1904761904761905,1.0386714364661032,0.44110433826185125,0.004587155963305741,1.0,0.4411043393143927,0.437717155016772,9.0,17.0,25.0,0.004587155963302753,1.0,0.272260431945324,0.0047818905474260815,3.36586014848953,1.0,0.4402453925130065,0.01615740189279443,0.0010250362421787007,0.3133117488016567,24090
219,constant,0.01,0.3332923768355306,0.33376725280925945,0.03631338214204871,0.03631338214204871,0.01642121706653215,0.88,1.0989010989010988,1.0577263889117783,0.3332923768355306,0.010000000000006974,1.0,0.3332923780047814,0.39589697261507295,10.0,17.0,26.0,0.01,1.0,0.5853339016437529,0.21445751635507637,2.5951485876823988,1.0,0.44063524601551607,0.015273582206009237,0.00047487597372886103,0.2969789946934819,24310
219,linear,0.0045662100456621,0.43925617072468004,0.4395505533968226,0.12552849007894473,0.12552849007894473,0.01869488159585867,0.96,1.1904761904761905,1.0386714364661032,0.43925617072468004,0.004566210045668099,1.0,0.4392561719353706,0.43769509243687527,11.0,17.0,27.0,0.0045662100456621,1.0,0.0,0.4151732842722389,3.375848627092438,1.0,0.44000929498479696,0.016688284064167433,0.00029438267214254576,0.3137276806457353,24310
220,constant,0.01,0.3310333061433691,0.33350735450352126,0.03465090524889891,0.03465090524889891,0.016129529478389765,0.88,1.0989010989010988,1.0577263889117783,0.3310333061433691,0.00999999999999002,1.0,0.3310333080577201,0.44054190291102907,7.0,17.0,23.0,0.009999999999999998,1.0,1.0,0.870664349636552,2.6067574411814842,1.0,0.44063524601551607,0.015273582206009237,0.002474048360152137,0.2963824008944702,24531
220,linear,0.004545454545454545,0.43740661280958976,0.4391629414955483,0.12325714432026313,0.12325714432026313,0.018378836919339166,0.96,1.1764705882352942,1.0386714364661032,0.43740661280958976,0.004545454545444426,1.0,0.43740661423667954,0.4377007632720224,11.0,17.0,27.0,0.004545454545454545,1.0,0.0,0.7213287258357381,3.3841889062518438,1.0,0.44000929498479696,0.016688284064167433,0.0017563286859585414,0.3141494684893266,24531
221,constant,0.01,0.32878289636889385,0.3298278697789889,0.03300840917281278,0.03300840917281278,0.015843023092635213,0.82,1.0869565217391304,1.0577263889117783,0.32878289636889385,0.009999999999995474,1.0,0.3287828980228394,0.41578704141525014,11.0,17.0,27.0,0.01,1.0,0.253901720046997,0.56653403330063,2.5933980271777664,1.0,0.44109686405639015,0.014214720384555755,0.0010449734100950736,0.29577448719608107,24753
221,linear,0.004524886877828055,0.435554507458438,0.43559705052923603,0.1211510637105665,0.1211510637105665,0.01806804332999155,0.93,1.1764705882352942,1.0386714364661032,0.435554507458438,0.004524886877822152,1.0,0.43555450822672365,0.4376099024454176,11.0,17.0,27.0,0.004524886877828055,1.0,0.4072360508143902,0.10820711264643221,3.37310201479783,1.0,0.4402453925130065,0.01615740189279443,4.2543070798040095e-05,0.3144034437478715,24753
222,constant,0.01,0.3265414665461252,0.32957518452436313,0.031542161416782455,0.031542161416782455,0.015561605876356322,0.88,1.0869565217391304,1.0577263889117783,0.3265414665461252,0.009999999999998987,1.0,0.32654146726966177,0.44436547550218053,10.0,17.0,26.0,0.01,1.0,1.0,0.9546867486548407,2.605188810039246,1.0,0.44063524601551607,0.015273582206009237,0.0030337179782379264,0.29499930512934275,24976
222,linear,0.0045045045045045045,0.4337107667605508,0.43411542070355746,0.1190372183208892,0.1190372183208892,0.017762416382524446,0.96,1.1764705882352942,1.0386714364661032,0.4337107667605508,0.004504504504503619,1.0,0.4337107684281708,0.44082159932427467,14.0,17.0,30.0,0.004504504504504504,1.0,0.008387573242187502,0.3298660433714361,3.3813958031167153,1.0,0.44000929498479696,0.016688284064167433,0.0004046539430066498,0.3146735484396616,24976
223,constant,0.01,0.324316572829689,0.32587712671410934,0.030073690391695385,0.030073690391695385,0.015285187431407566,0.82,1.0869565217391304,1.0577263889117783,0.324316572829689,0.009999999999997582,1.0,0.3243165735799852,0.465064508072561,8.0,17.0,24.0,0.009999999999999997,1.0,0.0,0.20004334078978936,2.588976325848575,1.0,0.44109686405639015,0.014214720384555755,0.0015605538844203348,0.2942428824379936,25200
223,linear,0.004484304932735426,0.43186842499292627,0.43302628647417885,0.11691560085421837,0.11691560085421837,0.017461872898175336,0.96,1.1764705882352942,1.0386714364661032,0.43186842499292627,0.004484304932733255,1.0,0.4318684265982499,0.27685165063795825,14.0,17.0,30.0,0.004484304932735426,1.0,0.10920985676348209,0.6179346639176138,3.3897360822761247,1.0,0.44000929498479696,0.016688284064167433,0.0011578614812525756,0.3149528241387079,25200
224,constant,0.01,0.3220962790655794,0.3233569685964424,0.028602992726412202,0.028602992726412202,0.015013678965371976,0.82,1.0869565217391304,1.0577263889117783,0.3220962790655794,0.010000000000000992,1.0,0.32209628070033314,0.4485922301720754,10.0,17.0,26.0,0.01,1.0,0.0,0.7522377656563853,2.5992397360171857,1.0,0.44109686405639015,0.014214720384555755,0.0012606895308630017,0.2934932863391672,25425
224,linear,0.004464285714285714,0.43003821978763107,0.4302386891262621,0.11478620377250337,0.11478620377250337,0.017170015223695073,0.88,1.1764705882352942,1.031727258934357,0.43003821978763107,0.004464285714287875,1.0,0.4300382214610757,0.44271613588897607,13.0,17.0,29.0,0.004464285714285713,1.0,0.13440214693546298,0.497360564150037,3.3878886291221755,1.0,0.44063524601551607,0.015273582206009237,0.00020046933863104854,0.3152520160151277,25425
225,constant,0.01,0.3198946903735293,0.3219342551599887,0.027130065044682183,0.027130065044682183,0.014747158604424986,0.82,1.0869565217391304,1.047205032865026,0.3198946903735293,0.00999999999999429,1.0,0.3198946920661802,0.4414031073159222,7.0,17.0,23.0,0.01,1.0,0.004036164283752431,0.5309217861189628,2.588310634954532,1.0,0.44109686405639015,0.014214720384555755,0.0020395647864593913,0.2927646253288471,25651
225,linear,0.0044444444444444444,0.4282173800353462,0.4291297678268438,0.11264901929996662,0.11264901929996662,0.016883160544002834,0.88,1.1764705882352942,1.031727258934357,0.4282173800353462,0.004444444444439222,1.0,0.4282173820262562,0.44976077623399224,11.0,17.0,27.0,0.0044444444444444444,1.0,0.6358468063408508,0.7229560575346448,3.3994974826212574,1.0,0.44063524601551607,0.015273582206009237,0.0009123877914976042,0.3155683607353796,25651
226,constant,0.01,0.3176977947989504,0.31838569131805206,0.025654903965135145,0.025654903965135145,0.014487706226571438,0.82,1.0869565217391304,1.047205032865026,0.3176977947989504,0.009999999999995842,1.0,0.31769779591951525,0.4556891637100456,11.0,17.0,27.0,0.009999999999999998,1.0,0.28013131599873303,0.45055741036737695,2.57738153389188,1.0,0.44109686405639015,0.014214720384555755,0.0006878965191016717,0.29204289083381524,25878
226,linear,0.004424778761061947,0.42639622760588164,0.4285733300899472,0.11050403942633158,0.11050403942633158,0.016601002840921458,0.96,1.1764705882352942,1.031727258934357,0.42639622760588164,0.004424778761057203,1.0,0.4263962291629633,0.5377868414117812,13.0,17.0,29.0,0.0044247787610619494,1.0,0.0,0.9334652011192828,3.4113923452740536,1.0,0.44000929498479696,0.016688284064167433,0.0021771024840655517,0.31589218817955006,25878
227,constant,0.01,0.3155152667691765,0.31804811219423457,0.02423193490242226,0.02423193490242226,0.014232818493215135,0.82,1.0707512486174096,1.047205032865026,0.3155152667691765,0.009999999999997755,1.0,0.3155152680377142,0.44219205174117404,11.0,17.0,27.0,0.009999999999999998,1.0,0.03755664825439452,0.7662316736025644,2.5876449440604907,1.0,0.44109686405639015,0.014214720384555755,0.00253284542505805,0.29128333186675426,26106
227,linear,0.004405286343612335,0.4245795210114761,0.42486406035928703,0.10842913296537682,0.10842913296537682,0.01632346807624034,0.93,1.1627906976744187,1.031727258934357,0.4245795210114761,0.0044052863436106135,1.0,0.42457952229595225,0.6296915517219506,10.0,17.0,26.0,0.0044052863436123335,1.0,0.31932430230081116,0.3254347869145349,3.399382600118573,1.0,0.4402453925130065,0.01615740189279443,0.0002845393478109193,0.3161503880460993,26106
228,constant,0.01,0.31334500750025307,0.314450255973611,0.02302862557202967,0.02302862557202967,0.01398241509682698,0.82,1.0707512486174096,1.047205032865026,0.31334500750025307,0.00999999999999944,1.0,0.31334500919552094,0.4385809916545473,7.0,17.0,23.0,0.01,1.0,0.006373659193515781,0.15946381352711048,2.5729598325626837,1.0,0.44109686405639015,0.014214720384555755,0.0011052484733579115,0.2903163819282234,26335
228,linear,0.0043859649122807015,0.42276448968517955,0.4238830908242624,0.10644335590863119,0.10644335590863119,0.016050483286433156,0.96,1.1627906976744187,1.031727258934357,0.42276448968517955,0.004385964912281667,1.0,0.4227644904235833,0.4376803360942971,11.0,17.0,27.0,0.0043859649122807015,1.0,0.0,0.6377168974536874,3.4085992421389246,1.0,0.44000929498479696,0.016688284064167433,0.0011186011390828532,0.31632113377654836,26335
229,constant,0.01,0.31118130481601897,0.31422909602257176,0.021823832330248316,0.021823832330248316,0.013736417142758828,0.82,1.0707512486174096,1.047205032865026,0.31118130481601897,0.010000000000000122,1.0,0.31118130545493056,0.4122076467337095,11.0,17.0,27.0,0.009999999999999998,1.0,0.07142376881092788,0.9772387386156394,2.586979253166453,1.0,0.44109686405639015,0.014214720384555755,0.003047791206552797,0.28935747248577065,26565
229,linear,0.004366812227074236,0.4209481186308806,0.421081049622079,0.10445074411617161,0.10445074411617161,0.015781976570299283,0.93,1.1627906976744187,1.031727258934357,0.4209481186308806,0.004366812227071905,1.0,0.4209481193011993,0.4376034940613911,13.0,17.0,29.0,0.004366812227074236,1.0,0.3851608239114284,0.031700424274872005,3.3970513582255872,1.0,0.4402453925130065,0.01615740189279443,0.0001329309911983767,0.316497374514709,26565
230,constant,0.01,0.30903618567742003,0.3106449614253553,0.020617553347130668,0.020617553347130668,0.013494747124386081,0.82,1.0707512486174096,1.047205032865026,0.30903618567742003,0.009999999999994291,1.0,0.30903618624081025,0.4408123698422579,8.0,17.0,24.0,0.01,1.0,0.032833875739015604,0.4877839965089312,2.5722941416686456,1.0,0.44109686405639015,0.014214720384555755,0.001608775747935276,0.28841863233028936,26796
230,linear,0.004347826086956522,0.41913541195846754,0.419143752102856,0.10245129266726216,0.10245129266726216,0.015517877076618248,0.93,1.1627906976744187,1.031727258934357,0.41913541195846754,0.004347826086951713,1.0,0.41913541251097347,0.44089616524095404,15.0,17.0,31.0,0.004347826086956522,1.0,0.4575511520379223,0.31731278946450864,3.406624466426873,1.0,0.4402453925130065,0.01615740189279443,8.340144388441217e-06,0.3166841192912054,26796
231,constant,0.01,0.3068934235954608,0.30735363829684087,0.01940978679047234,0.01940978679047234,0.01325732889868775,0.82,1.0707512486174096,1.047205032865026,0.3068934235954608,0.010000000000005059,1.0,0.3068934244732199,0.4573667062801,12.0,17.0,28.0,0.01,1.0,0.3044194102287292,0.3919912921276192,2.561365040605994,1.0,0.44109686405639015,0.014214720384555755,0.00046021470138007947,0.28748363680498845,27028
231,linear,0.004329004329004329,0.4173261590005159,0.4181369415755768,0.10044499644125882,0.10044499644125882,0.015258114991823673,0.96,1.1627906976744187,1.031727258934357,0.4173261590005159,0.004329004329010848,1.0,0.4173261602318575,0.44090122273650256,19.0,17.0,35.0,0.004329004329004329,1.0,0.09329773471690714,0.6148678880698871,3.4141464181632055,1.0,0.44000929498479696,0.016688284064167433,0.0008107825750608977,0.3168811625592571,27028
232,constant,0.01,0.3047691005889785,0.30691711138610667,0.018200530825809635,0.018200530825809635,0.013024087662255995,0.82,1.0707512486174096,1.047205032865026,0.3047691005889785,0.01000000000000174,1.0,0.3047691025306262,0.3560252196755154,9.0,17.0,25.0,0.010000000000000002,1.0,0.06385273933410646,0.7339598708465181,2.5716284507746043,1.0,0.44109686405639015,0.014214720384555755,0.0021480107971281748,0.28656856976316886,27261
232,linear,0.004310344827586207,0.415525398908679,0.41565905523364033,0.0984318501203737,0.0984318501203737,0.015002621527703394,0.88,1.1627906976744187,1.031727258934357,0.415525398908679,0.004310344827587943,1.0,0.415525400220131,0.44133186834753985,15.0,17.0,31.0,0.004310344827586207,1.0,0.5000967979431153,0.6214454321896579,3.4110764887045915,1.0,0.44063524601551607,0.015273582206009237,0.00013365632496131763,0.3170935487883053,27261
233,constant,0.01,0.3026534528828322,0.3034208592087098,0.016989783616416565,0.016989783616416565,0.012794949927727837,0.82,1.0707512486174096,1.047205032865026,0.3026534528828322,0.01000000000000595,1.0,0.3026534535377404,0.44019471788163633,12.0,17.0,28.0,0.01,1.0,0.03692924380302427,0.15789014139767268,2.5569433392767973,1.0,0.44109686405639015,0.014214720384555755,0.0007674063258776287,0.2856636692664156,27495
233,linear,0.004291845493562232,0.4137362484719979,0.41471898225314985,0.09641184819237336,0.09641184819237336,0.014751328909131448,0.88,1.1627906976744187,1.031727258934357,0.4137362484719979,0.0042918454935702115,1.0,0.4137362498702401,0.4461289390393215,9.0,17.0,25.0,0.004291845493562235,1.0,0.6052292823791506,0.8310584034824259,3.422685342203677,1.0,0.44063524601551607,0.015273582206009237,0.0009827337811519343,0.31732440027962455,27495
234,constant,0.01,0.30054582408699965,0.3032532167404992,0.015958936177350114,0.015958936177350114,0.012569843500631424,0.82,1.0577263889117783,1.047205032865026,0.30054582408699965,0.009999999999995263,1.0,0.30054582570160127,0.41845704345640167,10.0,17.0,26.0,0.009999999999999998,1.0,0.09546042680740358,0.9649159803671602,2.5709627598805667,1.0,0.44109686405639015,0.014214720384555755,0.002707392653499563,0.28458688790964953,27730
234,linear,0.004273504273504274,0.4119452171939616,0.41382683909262175,0.0945194138163108,0.0945194138163108,0.014504170361837779,0.88,1.1494252873563218,1.031727258934357,0.4119452171939616,0.00427350427350017,1.0,0.41194521852318566,0.43311379594162547,11.0,17.0,27.0,0.004273504273504275,1.0,0.7033205339685082,0.9673314738514329,3.434294195702759,1.0,0.44063524601551607,0.015273582206009237,0.0018816218986601463,0.3174258033776508,27730
235,constant,0.01,0.298456742622232,0.2997674965522819,0.014969167376707726,0.014969167376707726,0.012348697456639779,0.82,1.0577263889117783,1.047205032865026,0.298456742622232,0.010000000000006785,1.0,0.29845674345502027,0.44068411919329054,8.0,17.0,24.0,0.010000000000000002,1.0,0.05968069272930736,0.4792938922079425,2.5562776483827596,1.0,0.44109686405639015,0.014214720384555755,0.0013107539300499238,0.28348757524552426,27966
235,linear,0.00425531914893617,0.41016085302229777,0.4103999670100189,0.09265941620794715,0.09265941620794715,0.014261080100220737,0.88,1.1494252873563218,1.031727258934357,0.41016085302229777,0.00425531914894155,1.0,0.4101608540557024,0.43710024143940174,12.0,17.0,28.0,0.00425531914893617,1.0,0.30130641148425635,0.3389930463587314,3.4211167110614387,1.0,0.44063524601551607,0.015273582206009237,0.00023911398772114012,0.3175014368143506,27966
236,constant,0.01,0.2963685417875014,0.29670954396722715,0.013978403046189025,0.013978403046189025,0.012131442119224607,0.82,1.0577263889117783,1.047205032865026,0.2963685417875014,0.009999999999997839,1.0,0.29636854340565183,0.43626806260300055,7.0,17.0,23.0,0.01,1.0,0.3247737832367421,0.4112931126909283,2.545348547320106,1.0,0.44109686405639015,0.014214720384555755,0.00034100217972576896,0.28239013874131236,28203
236,linear,0.00423728813559322,0.4083828359423087,0.40933590738836395,0.09079345758109736,0.09079345758109736,0.014021993315207624,0.88,1.1494252873563218,1.031727258934357,0.4083828359423087,0.004237288135590627,1.0,0.4083828371928838,0.4371359654741143,11.0,17.0,27.0,0.004237288135593219,1.0,0.7243693038821222,0.6593694545323253,3.432725564560524,1.0,0.44063524601551607,0.015273582206009237,0.0009530714460552758,0.3175893783612113,28203
237,constant,0.01,0.2943012633580241,0.2961901588391199,0.01298664218446921,0.01298664218446921,0.011918009037703325,0.82,1.0577263889117783,1.047205032865026,0.2943012633580241,0.00999999999999745,1.0,0.2943012647886821,0.37247079142158335,11.0,17.0,27.0,0.01,1.0,0.08820962015306574,0.7340020280529026,2.555611957488718,1.0,0.44109686405639015,0.014214720384555755,0.0018888954810958314,0.2813146211735549,28441
237,linear,0.004219409282700422,0.4066035273383342,0.4068524289724824,0.08892153501987565,0.08892153501987565,0.013786846162167847,0.93,1.1494252873563218,1.031727258934357,0.4066035273383342,0.0042194092826961915,1.0,0.4066035288460699,0.43768932489878054,11.0,17.0,27.0,0.004219409282700422,1.0,0.3606596290803281,0.02577585539109168,3.421000701653346,1.0,0.4402453925130065,0.01615740189279443,0.000248901634148202,0.31768199231845856,28441
238,constant,0.01,0.2922406460247888,0.29279270441414784,0.011993883789216842,0.011993883789216842,0.011708330965672246,0.82,1.0577263889117783,1.047205032865026,0.2922406460247888,0.009999999999999619,1.0,0.2922406477848872,0.4413098050780428,7.0,17.0,23.0,0.01,1.0,0.06479005813598634,0.18767130388906048,2.540926845990911,1.0,0.44109686405639015,0.014214720384555755,0.0005520583893590669,0.28024676223557193,28680
238,linear,0.004201680672268907,0.4048247628682218,0.40491563303946354,0.08704364544274945,0.08704364544274945,0.013555575748883077,0.88,1.1494252873563218,1.031727258934357,0.4048247628682218,0.004201680672267032,1.0,0.40482476308157284,0.43782122982938976,12.0,17.0,28.0,0.004201680672268907,1.0,0.7402459351345894,0.3782124492495234,3.4311569334182894,1.0,0.44063524601551607,0.015273582206009237,9.087017124176366e-05,0.3177811174254723,28680
239,constant,0.01,0.2901881143071287,0.2926735064431626,0.011502341839819309,0.011085306944522588,0.011502341839819309,0.82,1.047205032865026,1.047205032865026,0.2901881143071287,0.009999999999996312,1.0,0.2901881151984133,0.4484811414591605,10.0,17.0,26.0,0.01,1.0,0.11752380948601061,0.9853162153748175,2.5549462665946785,1.0,0.44109686405639015,0.014214720384555755,0.0024853921360338815,0.2786857724673094,28920
239,linear,0.0041841004184100415,0.4030492762949641,0.40404009235878413,0.08515978560484727,0.08515978560484727,0.01332812012357869,0.93,1.1494252873563218,1.031727258934357,0.4030492762949641,0.004184100418404391,1.0,0.4030492775620851,0.4398913096306501,11.0,17.0,27.0,0.00418410041841004,1.0,0.8517197072505951,0.7263138330396516,3.440146918055916,1.0,0.4402453925130065,0.01615740189279443,0.0009908160638200103,0.31788949069011685,28920
240,constant,0.01,0.2881546558903453,0.28928472629134966,0.011299976759109445,0.010272156088009465,0.011299976759109445,0.82,1.047205032865026,1.047205032865026,0.2881546558903453,0.009999999999994388,1.0,0.28815465707395405,0.44066500803861397,8.0,17.0,24.0,0.01,1.0,0.08424264304339883,0.5011687267172253,2.5402611550968732,1.0,0.44109686405639015,0.014214720384555755,0.0011300704010043794,0.27685467913123585,29161
240,linear,0.004166666666666667,0.4012832245015672,0.4013946898491581,0.08326995210021382,0.08326995210021382,0.013104418263020322,0.88,1.1494252873563218,1.031727258934357,0.4012832245015672,0.004166666666662494,1.0,0.40128322514642834,0.4409619574249389,9.0,17.0,25.0,0.004166666666666667,1.0,0.4881576076149942,0.057417677250988605,3.429588302276051,1.0,0.44063524601551607,0.015273582206009237,0.00011146534759087778,0.3180132724013534,29161
241,constant,0.01,0.28612166225391344,0.286429463093095,0.01110117196433622,0.009458336605253748,0.01110117196433622,0.82,1.047205032865026,1.047205032865026,0.28612166225391344,0.01000000000000004,1.0,0.2861216639786217,0.439431943060717,9.0,17.0,25.0,0.010000000000000002,1.0,0.338744783401489,0.5351298004224078,2.5293320540342195,1.0,0.44109686405639015,0.014214720384555755,0.0003078008391815823,0.2750204902895772,29403
241,linear,0.004149377593360996,0.3995247319797724,0.40015986839284723,0.08154550232372648,0.08154550232372648,0.012884410060679034,0.88,1.1363636363636365,1.031727258934357,0.3995247319797724,0.0041493775933627835,1.0,0.3995247335318617,0.2825929246219402,14.0,17.0,30.0,0.004149377593360996,1.0,0.5732355125248432,0.19355628127266966,3.4411971557751366,1.0,0.44063524601551607,0.015273582206009237,0.0006351364130748327,0.3179792296560459,29403
242,constant,0.01,0.28411008844268565,0.28585067546621934,0.010905864818033207,0.008643847946466998,0.010905864818033207,0.82,1.047205032865026,1.047205032865026,0.28411008844268565,0.01000000000000292,1.0,0.2841100901417762,0.38178220706955923,11.0,17.0,27.0,0.01000000000000001,1.0,0.11040668822824955,0.7646905791255612,2.53959546420283,1.0,0.44109686405639015,0.014214720384555755,0.0017405870235336907,0.27320422362465246,29646
242,linear,0.004132231404958678,0.3977625122451116,0.3989156862009302,0.07981611087451457,0.07981611087451457,0.012668036314968902,0.93,1.1363636363636365,1.031727258934357,0.3977625122451116,0.004132231404962787,1.0,0.3977625138299712,0.44331663638596147,9.0,17.0,25.0,0.004132231404958678,1.0,0.9712479403242469,0.7004703237439934,3.447388784364216,1.0,0.4402453925130065,0.01615740189279443,0.0011531739558185983,0.31794640137059704,29646
243,constant,0.01,0.28210444581742367,0.282548093240537,0.010713993784738753,0.007830376186299448,0.010713993784738753,0.82,1.0386714364661032,1.047205032865026,0.28210444581742367,0.009999999999996869,1.0,0.28210444665781115,0.44083679062094855,8.0,17.0,24.0,0.01,1.0,0.0891043038573116,0.2440778395375885,2.5249103527050245,1.0,0.44109686405639015,0.014214720384555755,0.0004436474231133136,0.2713904520326849,29890
243,linear,0.00411522633744856,0.3960164942450503,0.3965180371629983,0.07808157402884841,0.07808157402884841,0.012455238717559648,0.88,1.1363636363636365,1.031727258934357,0.3960164942450503,0.00411522633744688,1.0,0.3960164960496346,0.4162093059863225,11.0,17.0,27.0,0.004115226337448561,1.0,0.5903625540435311,0.525636937551225,3.44430457064386,1.0,0.44063524601551607,0.015273582206009237,0.0005015429179480169,0.3179349202162019,29890
244,constant,0.01,0.28010532610778416,0.2814953411778625,0.010525498411608051,0.007162185034037205,0.010525498411608051,0.82,1.0386714364661032,1.047205032865026,0.28010532610778416,0.009999999999999147,1.0,0.28010532795032544,0.42789579693426844,10.0,17.0,26.0,0.01,1.0,0.0,0.43163471516765994,2.535173762873639,1.0,0.44109686405639015,0.014214720384555755,0.0013900150700783542,0.2695798276961761,30135
244,linear,0.004098360655737705,0.3942712956310584,0.3957164873660565,0.07634189051794393,0.07634189051794393,0.012245959841767873,0.88,1.1363636363636365,1.031727258934357,0.3942712956310584,0.004098360655736973,1.0,0.39427129742278794,0.48448318983475747,9.0,17.0,25.0,0.004098360655737703,1.0,0.6935558317927644,0.7926787083945319,3.4559134241429437,1.0,0.44063524601551607,0.015273582206009237,0.0014451917349981303,0.31792940511311446,30135
245,constant,0.01,0.2781276492026549,0.279180039726178,0.010340319309366202,0.006493543878665409,0.010340319309366202,0.82,1.0386714364661032,1.047205032865026,0.2781276492026549,0.009999999999999301,1.0,0.27812765021989005,0.4407127367007246,8.0,17.0,24.0,0.010000000000000004,1.0,0.10621008872985847,0.5510684279060529,2.524244661810985,1.0,0.44109686405639015,0.014214720384555755,0.0010523905235230724,0.26778732989328874,30381
245,linear,0.004081632653061225,0.39252712044591814,0.3927816960020313,0.07459705893590507,0.07459705893590507,0.01204014313102922,0.88,1.1363636363636365,1.031727258934357,0.39252712044591814,0.004081632653061983,1.0,0.3925271214532787,0.5864465653085769,10.0,17.0,26.0,0.004081632653061225,1.0,0.3367907539010049,0.130297768234165,3.4427359395016235,1.0,0.44063524601551607,0.015273582206009237,0.00025457555611313465,0.3179300615100131,30381
246,constant,0.01,0.2761504381321772,0.27649263437497695,0.010158398133596449,0.005824452417122816,0.010158398133596449,0.82,1.0386714364661032,1.047205032865026,0.2761504381321772,0.009999999999999514,1.0,0.2761504394990529,0.44018947455317475,9.0,17.0,25.0,0.01,1.0,0.34555051662027836,0.7979785793809384,2.513315560748333,1.0,0.44109686405639015,0.014214720384555755,0.0003421962427997416,0.2659920399985808,30628
246,linear,0.0040650406504065045,0.39078922964739604,0.39145528203840474,0.07284707774165056,0.07284707774165056,0.011837732887454282,0.88,1.1363636363636365,1.031727258934357,0.39078922964739604,0.004065040650406562,1.0,0.3907892303777018,0.43722127598086524,11.0,17.0,27.0,0.0040650406504065045,1.0,0.712209203094244,0.5126982524773596,3.4543447930007054,1.0,0.44063524601551607,0.015273582206009237,0.000666052391008698,0.3179421519057455,30628
247,constant,0.01,0.2741926108166954,0.275882635383069,0.009979677566357554,0.005190734095595784,0.009979677566357554,0.82,1.031727258934357,1.047205032865026,0.2741926108166954,0.010000000000003431,1.0,0.27419261195136,0.3957543890645955,10.0,17.0,26.0,0.01,1.0,0.130263760672824,0.8258092807549862,2.523578970916944,1.0,0.44109686405639015,0.014214720384555755,0.0016900245663736269,0.26421293325033784,30876
247,linear,0.004048582995951417,0.3890516187592934,0.3906808582832668,0.07111082079032804,0.07111082079032804,0.011638674260470506,0.88,1.1235955056179776,1.031727258934357,0.3890516187592934,0.0040485829959554485,1.0,0.3890516200072458,0.43768584897175394,12.0,17.0,28.0,0.004048582995951417,1.0,0.8164459362626073,0.8915620247895439,3.465953646499791,1.0,0.44063524601551607,0.015273582206009237,0.0016292395239734248,0.31794079796896535,30876
248,constant,0.01,0.2722421301151725,0.2726704588912049,0.009804101298124677,0.004641173458674319,0.009804101298124677,0.82,1.031727258934357,1.047205032865026,0.2722421301151725,0.009999999999993308,1.0,0.2722421313926319,0.44095899235197533,8.0,17.0,24.0,0.009999999999999998,1.0,0.10942448907298966,0.324482633079018,2.5088938594191363,1.0,0.44109686405639015,0.014214720384555755,0.00042832877603238284,0.2624380288170478,31125
248,linear,0.004032258064516129,0.38731935361526504,0.38732989987710204,0.0695206133294961,0.0695206133294961,0.011442913235552462,0.88,1.1235955056179776,1.031727258934357,0.38731935361526504,0.004032258064509897,1.0,0.38731935415345875,0.44092803099664385,9.0,17.0,25.0,0.004032258064516129,1.0,0.4599834437831305,0.24793284333900953,3.4527761618584707,1.0,0.44063524601551607,0.015273582206009237,1.0546261836996695e-05,0.31779874028576893,31125
249,constant,0.01,0.2702947222697808,0.27068676644369116,0.009631614010047883,0.0040913092289899256,0.009631614010047883,0.82,1.031727258934357,1.047205032865026,0.2702947222697808,0.00999999999999912,1.0,0.27029472291990064,0.4338327774945733,10.0,17.0,26.0,0.01,1.0,0.6213233411312097,0.03561936178292379,2.497964758356485,1.0,0.44109686405639015,0.014214720384555755,0.0003920441739103664,0.26066310825973293,31375
249,linear,0.004016064257028112,0.38559154561866865,0.38651200808463326,0.06792601649264607,0.06792601649264607,0.011250396623042315,0.88,1.1235955056179776,1.031727258934357,0.38559154561866865,0.004016064257026456,1.0,0.38559154681115065,0.44077352181273255,15.0,17.0,31.0,0.004016064257028114,1.0,0.8341082294238729,0.5585964111229251,3.4643850153575526,1.0,0.44063524601551607,0.015273582206009237,0.000920462465964611,0.3176655291260226,31375
250,constant,0.01,0.26837314170419896,0.2694376294398052,0.009462161356522841,0.003561678407037694,0.009462161356522841,0.82,1.0260613253795796,1.047205032865026,0.26837314170419896,0.010000000000005763,1.0,0.2683731428065551,0.44144274631514513,16.0,17.0,32.0,0.01,1.0,0.12541537294164298,0.6281734564133423,2.5082281685250987,1.0,0.44109686405639015,0.014214720384555755,0.0010644877356062454,0.2589109803476761,31626
250,linear,0.004,0.38386517332969994,0.3839352262764636,0.06632703043466459,0.06632703043466459,0.011061072047062607,0.88,1.1235955056179776,1.031727258934357,0.38386517332969994,0.004000000000004421,1.0,0.38386517399448944,0.440800746522637,9.0,17.0,25.0,0.004,1.0,0.4815969288349152,0.6576559754286349,3.455883576727194,1.0,0.44063524601551607,0.015273582206009237,7.005294676365459e-05,0.31753814289503535,31626
251,constant,0.01,0.26645208612340626,0.26674413195061053,0.009295689948068111,0.0031095896699081527,0.009295689948068111,0.82,1.0260613253795796,1.047205032865026,0.26645208612340626,0.010000000000009147,1.0,0.2664520868832204,0.44068275994552064,8.0,17.0,24.0,0.01,1.0,0.3530499450862405,0.06379791308495207,2.4935430570272916,1.0,0.44109686405639015,0.014214720384555755,0.0002920458272042681,0.25715639617533814,31878
251,linear,0.00398406374501992,0.38215446071509196,0.38310679278497695,0.06472365519547285,0.06472365519547285,0.010874887934522796,0.88,1.1235955056179776,1.031727258934357,0.38215446071509196,0.003984063745029434,1.0,0.382154462273454,0.441921389268615,11.0,17.0,27.0,0.00398406374501992,1.0,0.5829402961535377,0.03167400592045809,3.462816384215318,1.0,0.44063524601551607,0.015273582206009237,0.0009523320698849869,0.3174308055196191,31878
252,constant,0.01,0.26454575368337585,0.2662707727351233,0.009132147334503756,0.002657295817999561,0.009132147334503756,0.82,1.0260613253795796,1.047205032865026,0.26454575368337585,0.010000000000000448,1.0,0.26454575448975354,0.40239690349291135,12.0,17.0,28.0,0.01,1.0,0.14770113346748986,0.9183999698625355,2.5075624776310574,1.0,0.44109686405639015,0.014214720384555755,0.001725019051747434,0.2554136063488721,32131
252,linear,0.003968253968253968,0.3804383812257995,0.3817619116717479,0.06311589070166279,0.06311589070166279,0.010691793504221512,0.88,1.1235955056179776,1.031727258934357,0.3804383812257995,0.003968253968253202,1.0,0.3804383823864469,0.4436179157941409,10.0,17.0,26.0,0.003968253968253968,1.0,0.9404265861958265,0.35893893141862926,3.4744252377144034,1.0,0.44063524601551607,0.015273582206009237,0.0013235304459484065,0.3173224905241367,32131
253,constant,0.01,0.26265060368790466,0.26314488003514896,0.008971481988425827,0.0022565541399403033,0.008971481988425827,0.82,1.0214282435933986,1.047205032865026,0.26265060368790466,0.00999999999999412,1.0,0.26265060539100227,0.4410696556220005,8.0,17.0,24.0,0.01,1.0,0.12603380978107448,0.42783053162271123,2.4928773661332504,1.0,0.44109686405639015,0.014214720384555755,0.0004942763472443046,0.2536791216994788,32385
253,linear,0.003952569169960474,0.3787337784098895,0.3791513021868249,0.06150373676809784,0.06150373676809784,0.01051173875604555,0.88,1.1235955056179776,1.031727258934357,0.3787337784098895,0.00395256916995443,1.0,0.37873377985735085,0.42793931754438547,11.0,17.0,27.0,0.003952569169960475,1.0,0.5871562734362668,0.43647859842093994,3.4659237990840412,1.0,0.44063524601551607,0.015273582206009237,0.00041752377693543563,0.31723004164179164,32385
254,constant,0.01,0.26075765904513026,0.2608326698521627,0.00881364328897162,0.001884395809637951,0.00881364328897162,0.82,1.0214282435933986,1.047205032865026,0.26075765904513026,0.009999999999997558,1.0,0.26075766060629324,0.5503631654862651,11.0,17.0,27.0,0.01,1.0,0.37619837524835026,0.34665025007067873,2.4819482650705984,1.0,0.44109686405639015,0.014214720384555755,7.501080703242735e-05,0.25194401575615866,32640
254,linear,0.003937007874015748,0.37703338519567947,0.3784583920117355,0.05990640976383799,0.05990640976383799,0.010334674460267243,0.88,1.1111111111111112,1.031727258934357,0.37703338519567947,0.003937007874013687,1.0,0.37703338660493585,0.43391215598616195,10.0,17.0,26.0,0.003937007874015745,1.0,0.6901010721921921,0.7524541536000249,3.4775326525831267,1.0,0.44063524601551607,0.015273582206009237,0.001425006816056007,0.3171269754318415,32640
255,constant,0.01,0.2588895315265615,0.26004273215786483,0.008658581505870528,0.0015459924371447054,0.008658581505870528,0.82,1.0176329677282876,1.047205032865026,0.2588895315265615,0.010000000000002363,1.0,0.2588895327438539,0.4445736842532343,9.0,17.0,25.0,0.010000000000000002,1.0,0.14190686792135238,0.7329160990223145,2.4922116752392123,1.0,0.44109686405639015,0.014214720384555755,0.0011532006313033083,0.250230950020691,32896
255,linear,0.00392156862745098,0.3753326000877497,0.37550350972525115,0.05845386597969515,0.05845386597969515,0.010160552146941192,0.88,1.1111111111111112,1.031727258934357,0.3753326000877497,0.003921568627452758,1.0,0.3753326010396301,0.4377169604223879,7.0,17.0,23.0,0.003921568627450981,1.0,0.3546172214424589,0.08951492577263535,3.4643551679418065,1.0,0.44063524601551607,0.015273582206009237,0.0001709096375014374,0.31687873410805456,32896
256,constant,0.01,0.25702291507075864,0.2571706510913531,0.008506247783775555,0.0012395625993617543,0.008506247783775555,0.82,1.0176329677282876,1.047205032865026,0.25702291507075864,0.00999999999999662,1.0,0.25702291631201746,0.44088203777844476,8.0,17.0,24.0,0.01,1.0,0.3654717483339482,0.2067063524334884,2.4775265637414052,1.0,0.44109686405639015,0.014214720384555755,0.00014773602059448,0.24851666728698307,33153
256,linear,0.00390625,0.37363986640045016,0.3744078900215282,0.05699762763700922,0.05699762763700922,0.009989324095401547,0.88,1.1111111111111112,1.031727258934357,0.37363986640045016,0.003906249999995344,1.0,0.3736398683600547,0.4400384253687992,8.0,17.0,24.0,0.00390625,1.0,0.7084381222724914,0.49316372633155053,3.475964021440892,1.0,0.44063524601551607,0.015273582206009237,0.0007680236210780289,0.31664223876344094,33153
257,constant,0.01,0.25516604972580426,0.256051895301975,0.008356594126870424,0.000973554870007276,0.008356594126870424,0.75,1.0145194496200836,1.047205032865026,0.25516604972580426,0.009999999999996002,1.0,0.255166051649722,0.4468465226617562,9.0,17.0,25.0,0.01,1.0,0.0,0.4275033975232473,2.4787324233855426,1.0,0.44162702635886963,0.012981928356567085,0.0008858455761707185,0.24680945559893383,33411
257,linear,0.0038910505836575876,0.37194627172162664,0.3737502889392774,0.055537695864451675,0.055537695864451675,0.00982094332386068,0.88,1.1111111111111112,1.031727258934357,0.37194627172162664,0.0038910505836534976,1.0,0.37194627276658415,0.6310385810491503,11.0,17.0,27.0,0.0038910505836575876,1.0,0.8089310467243195,0.8826225082783863,3.487572874939974,1.0,0.44063524601551607,0.015273582206009237,0.0018040172176507774,0.31640857585717497,33411
258,constant,0.01,0.2533263899669897,0.25395801209582297,0.008209573383747538,0.0007338045556031236,0.008209573383747538,0.82,1.0119621593100256,1.047205032865026,0.2533263899669897,0.009999999999992591,1.0,0.253326391731018,0.4411105407684309,16.0,17.0,32.0,0.009999999999999988,1.0,0.139680540561676,0.5542987839381576,2.476860872847364,1.0,0.44109686405639015,0.014214720384555755,0.0006316221288332757,0.24511681658324216,33670
258,linear,0.003875968992248062,0.37026275132770675,0.37042324370544066,0.0540740716958622,0.0540740716958622,0.009655363579110145,0.88,1.1111111111111112,1.031727258934357,0.37026275132770675,0.003875968992239594,1.0,0.37026275204423453,0.4408501644053616,9.0,17.0,25.0,0.003875968992248062,1.0,0.7204941824078559,0.24655858820527488,3.4743953902986537,1.0,0.44063524601551607,0.015273582206009237,0.00016049237773391178,0.31618867963184455,33670
259,constant,0.01,0.25148964516024,0.2517288931545584,0.008065139232551973,0.0005284932459063141,0.008065139232551973,0.82,1.0098596583090638,1.047205032865026,0.25148964516024,0.009999999999995754,1.0,0.25148964583226924,0.44106655210155415,9.0,17.0,25.0,0.010000000000000002,1.0,0.3604957530274987,0.8328673595028784,2.465931771784712,1.0,0.44109686405639015,0.014214720384555755,0.00023924799431834787,0.24342450592768805,33930
259,linear,0.003861003861003861,0.3685803721644729,0.3697824342030912,0.05260675607160337,0.05260675607160337,0.00949253932632468,0.88,1.1111111111111112,1.031727258934357,0.3685803721644729,0.003861003860999719,1.0,0.36858037323747544,0.4407717091384197,15.0,17.0,31.0,0.003861003861003861,1.0,0.8268109045922758,0.5792893057117541,3.486004243797739,1.0,0.44063524601551607,0.015273582206009237,0.001202062038618279,0.31597361609286956,33930
260,constant,0.01,0.24967133080037737,0.250981715665937,0.007923246166386821,0.000359156708218622,0.007923246166386821,0.82,1.0081296672217952,1.047205032865026,0.24967133080037737,0.010000000000004367,1.0,0.24967133183118806,0.44518821672938214,10.0,17.0,26.0,0.01,1.0,0.15592706203460693,0.8668193290656259,2.4761951819533263,1.0,0.44109686405639015,0.014214720384555755,0.0013103848655596495,0.24174808463399056,34191
260,linear,0.0038461538461538464,0.3669009192317243,0.3670412428403757,0.05113574983988689,0.05113574983988689,0.00933242573896979,0.88,1.1111111111111112,1.031727258934357,0.3669009192317243,0.0038461538461585405,1.0,0.366900919854457,0.4407953199303512,9.0,17.0,25.0,0.003846153846153847,1.0,0.49661684036254883,0.7868941229089825,3.4775028051673806,1.0,0.44063524601551607,0.015273582206009237,0.0001403236086514048,0.3157651693918374,34191
261,constant,0.01,0.24785908814346608,0.24802891185608011,0.007783849478975368,0.00022373326000835192,0.007783849478975368,0.75,1.0067052385626014,1.047205032865026,0.24785908814346608,0.009999999999999783,1.0,0.24785908982665736,0.441027041604361,10.0,17.0,26.0,0.01,1.0,0.14666200876235957,0.3666577457981714,2.459710835203548,1.0,0.44162702635886963,0.012981928356567085,0.00016982371261403673,0.2400752386644907,34453
261,linear,0.0038314176245210726,0.3652348164800047,0.36613318049034715,0.049662360522616744,0.049662360522616744,0.009174978688813586,0.88,1.0989010989010988,1.031727258934357,0.3652348164800047,0.0038314176245231595,1.0,0.36523481822683485,0.44174510898361263,13.0,17.0,29.0,0.0038314176245210726,1.0,0.5899868726730342,0.10873768687638859,3.484435612655501,1.0,0.44063524601551607,0.015273582206009237,0.000898364010342434,0.315572455957388,34453
262,constant,0.01,0.2460512084075131,0.24624496087733422,0.007646905250575438,0.00011842620204061127,0.007646905250575438,0.82,1.0055317587258423,1.047205032865026,0.2460512084075131,0.009999999999997403,1.0,0.24605120990886176,0.49772584924560564,8.0,17.0,24.0,0.01,1.0,0.6199376076692708,0.21595330310569646,2.4505809693928673,1.0,0.44109686405639015,0.014214720384555755,0.00019375246982111793,0.23840430315693767,34716
262,linear,0.003816793893129771,0.3635624593507378,0.36528178293900365,0.048350496566268664,0.048350496566268664,0.009020154736043184,0.88,1.0989010989010988,1.031727258934357,0.3635624593507378,0.0038167938931293025,1.0,0.36356246093300815,0.44315567584312987,8.0,17.0,24.0,0.003816793893129771,1.0,0.9400638644583523,0.6551848405754015,3.4960444661545846,1.0,0.44063524601551607,0.015273582206009237,0.0017193235882658753,0.3152119627844691,34716
263,constant,0.01,0.24426815898290946,0.2451009350879484,0.00751237033414162,4.750114138152295e-05,0.00751237033414162,0.75,1.0031094412257027,1.047205032865026,0.24426815898290946,0.009999999999999221,1.0,0.24426816092984932,0.44420259665884876,14.0,17.0,30.0,0.01,1.0,0.14974004216492176,0.7050865463793299,2.460082089385072,1.0,0.44162702635886963,0.012981928356567085,0.0008327761050389293,0.23675578864876784,34980
263,linear,0.0038022813688212928,0.3619063800313523,0.3625764108401368,0.04703557223646948,0.04703557223646948,0.00886791111948618,0.88,1.0989010989010988,1.031727258934357,0.3619063800313523,0.0038022813688207103,1.0,0.3619063812297482,0.45799700742899085,11.0,17.0,27.0,0.0038022813688212928,1.0,0.5986954674357554,0.5508993852778288,3.487543027524226,1.0,0.44063524601551607,0.015273582206009237,0.0006700308087845275,0.3148708077948828,34980
264,constant,0.01,0.24248511732621672,0.24264528378159012,0.007380202341730882,8.16696947136819e-06,0.007380202341730882,0.82,1.0014447181982267,1.047205032865026,0.24248511732621672,0.009999999999998942,1.0,0.24248511849744486,0.44087908442739615,8.0,17.0,24.0,0.01,1.0,0.3683383464813233,0.15348913666763223,2.4461592680636706,1.0,0.44109686405639015,0.014214720384555755,0.00016016645537339502,0.23510491498448582,35245
264,linear,0.003787878787878788,0.3602494534697219,0.36201186842371813,0.04571758935082859,0.04571758935082859,0.008718205746937355,0.88,1.0989010989010988,1.031727258934357,0.3602494534697219,0.003787878787876694,1.0,0.3602494546764361,0.45689587178702873,12.0,17.0,28.0,0.0037878787878787867,1.0,0.6933781638741494,0.846295601016951,3.499151881023308,1.0,0.44063524601551607,0.015273582206009237,0.0017624149539962053,0.31453186411889333,35245
265,constant,0.01,0.24071430905987717,0.24140064301100506,0.007250359631147439,0.0,0.007250359631147439,0.75,1.000010000100001,1.047205032865026,0.24071430905987717,0.01000000000000701,1.0,0.24071431088348977,0.4024811676777204,10.0,17.0,26.0,0.010000000000000002,1.0,0.1720154302194714,0.33732403633810765,2.4470126276221182,1.0,0.44162702635886963,0.012981928356567085,0.0006863339511278821,0.23346394942872972,35511
265,linear,0.0037735849056603774,0.35859451266080944,0.35874549803149797,0.044396549648988426,0.044396549648988426,0.008570997185590911,0.88,1.0989010989010988,1.031727258934357,0.35859451266080944,0.0037735849056675895,1.0,0.3585945139095144,0.5139685427212013,13.0,17.0,29.0,0.0037735849056603774,1.0,0.6021411210298542,0.2117839284286522,3.485974396381988,1.0,0.44063524601551607,0.015273582206009237,0.0001509853706885278,0.314197963011821,35511
266,constant,0.01,0.23895666552793665,0.23935509405384,0.0071228012928225065,0.0,0.0071228012928225065,0.75,1.000010000100001,1.047205032865026,0.23895666552793665,0.009999999999997197,1.0,0.23895666719750355,0.4421080154315643,17.0,17.0,33.0,0.01,1.0,0.14974099397659302,0.5449851608347895,2.444036564412598,1.0,0.44162702635886963,0.012981928356567085,0.00039842852590335487,0.23183386423511415,35778
266,linear,0.0037593984962406013,0.3569502510933829,0.3581558296626138,0.04307245479373778,0.04307245479373778,0.008426244652578343,0.88,1.0989010989010988,1.031727258934357,0.3569502510933829,0.003759398496237423,1.0,0.3569502528145698,0.4394990817875641,12.0,17.0,28.0,0.0037593984962406017,1.0,0.7128935575485229,0.6014404242609049,3.4975832498810733,1.0,0.44063524601551607,0.015273582206009237,0.0012055785692308696,0.31387779629964513,35778
267,constant,0.01,0.2372040319388573,0.23738841495432578,0.006997487136924936,0.0,0.006997487136924936,0.82,1.000010000100001,1.047205032865026,0.2372040319388573,0.009999999999992406,1.0,0.23720403255669545,0.4406657734939266,13.0,17.0,29.0,0.01,1.0,0.3649945095181465,0.7479017968815991,2.434564476106979,1.0,0.44109686405639015,0.014214720384555755,0.00018438301546847002,0.23020654480193237,36046
267,linear,0.003745318352059925,0.3553023241390147,0.35544713191070143,0.0417453063721035,0.0417453063721035,0.008283908005611993,0.88,1.0989010989010988,1.031727258934357,0.3553023241390147,0.00374531835205137,1.0,0.3553023250326073,0.4376713441098177,12.0,17.0,28.0,0.0037453183520599247,1.0,0.3632016986608505,0.32661521243071934,3.4890818112507147,1.0,0.44063524601551607,0.015273582206009237,0.00014480777168673908,0.3135570177669112,36046
268,constant,0.01,0.23546963083824513,0.23655663648218345,0.00687437768069856,0.0,0.00687437768069856,0.75,1.000010000100001,1.047205032865026,0.23546963083824513,0.010000000000003395,1.0,0.23546963267844745,0.4447110814656346,9.0,17.0,25.0,0.01,1.0,0.15931062400341034,0.8822945756377089,2.44440781859412,1.0,0.44162702635886963,0.012981928356567085,0.0010870056439383213,0.22859525315754656,36315
268,linear,0.0037313432835820895,0.35366839610626455,0.3543550150756436,0.04041510589642128,0.04041510589642128,0.00814394773373434,0.88,1.0989010989010988,1.031727258934357,0.35366839610626455,0.0037313432835834426,1.0,0.3536683967141309,0.4408689489573878,9.0,17.0,25.0,0.00373134328358209,1.0,0.7297357553616168,0.374742282036815,3.496014618738835,1.0,0.44063524601551607,0.015273582206009237,0.0006866189693790492,0.31325329020984327,36315
269,constant,0.01,0.2337395815515438,0.23377611571216583,0.0067534341360224,0.0,0.0067534341360224,0.75,1.000010000100001,1.047205032865026,0.2337395815515438,0.009999999999999126,1.0,0.2337395831561033,0.44103635164870003,14.0,17.0,30.0,0.01,1.0,0.3911692761321319,0.3726953551412071,2.42799103944012,1.0,0.44162702635886963,0.012981928356567085,3.653416062202042e-05,0.22698614741552142,36585
269,linear,0.0037174721189591076,0.352028457013462,0.35382111915014286,0.03921207737869459,0.03921207737869459,0.008006324948172933,0.88,1.0869565217391304,1.031727258934357,0.352028457013462,0.003717472118956915,1.0,0.35202845801851756,0.44108102089737966,14.0,17.0,30.0,0.0037174721189591076,1.0,0.8283910870552064,0.7814618763817992,3.5076234722379205,1.0,0.44063524601551607,0.015273582206009237,0.0017926621366808337,0.31281637963476744,36585
270,constant,0.01,0.2320160282148564,0.2321810883709976,0.006634618397189655,0.0,0.006634618397189655,0.82,1.000010000100001,1.047205032865026,0.2320160282148564,0.009999999999995717,1.0,0.23201603003425378,0.49195020708868104,10.0,17.0,26.0,0.01,1.0,0.6153936862945555,0.2832571538756788,2.4192136737151304,1.0,0.44109686405639015,0.014214720384555755,0.00016506015614120573,0.22538140981766674,36856
270,linear,0.003703703703703704,0.35040287957961924,0.3506405737843994,0.03804083269090208,0.03804083269090208,0.007871001373300816,0.88,1.0869565217391304,1.031727258934357,0.35040287957961924,0.003703703703698075,1.0,0.35040288010673076,0.44101067119404025,9.0,17.0,25.0,0.003703703703703704,1.0,0.5231796169653535,0.11845574546827872,3.4944459875966003,1.0,0.44063524601551607,0.015273582206009237,0.0002376942047801478,0.31236204688871716,36856
271,constant,0.01,0.23031493891602273,0.2310994798162664,0.006517893028901744,0.0,0.006517893028901744,0.75,1.000010000100001,1.047205032865026,0.23031493891602273,0.009999999999995445,1.0,0.23031493963078978,0.4438331466456868,10.0,17.0,26.0,0.01,1.0,0.8378727423958482,0.7437796218245505,2.428362293621646,1.0,0.44162702635886963,0.012981928356567085,0.0007845409002436854,0.223797045887121,37128
271,linear,0.0036900369003690036,0.3487785263096805,0.35011571105168693,0.0368671032593082,0.0368671032593082,0.00773793933770242,0.88,1.0869565217391304,1.031727258934357,0.3487785263096805,0.003690036900363968,1.0,0.3487785269998138,0.4410810901516299,14.0,17.0,30.0,0.0036900369003690036,1.0,0.8401895617716947,0.4098843816921372,3.5060548410956858,1.0,0.44063524601551607,0.015273582206009237,0.0013371847420064475,0.3119114230503723,37128
272,constant,0.01,0.22861416454394753,0.22875971984592547,0.0064032212544735305,0.0,0.0064032212544735305,0.75,1.000010000100001,1.047205032865026,0.22861416454394753,0.010000000000000894,1.0,0.22861416565127085,0.44091942968123055,15.0,17.0,31.0,0.01,1.0,0.3694319307804107,0.1733373197304935,2.411945514467646,1.0,0.44162702635886963,0.012981928356567085,0.00014555530197793431,0.222210943289474,37401
272,linear,0.003676470588235294,0.34715415271498035,0.34729853443824,0.035690891269977265,0.035690891269977265,0.007607671405121649,0.88,1.0869565217391304,1.0260613253795796,0.34715415271498035,0.0036764705882357663,1.0,0.3471541538593034,0.44146282103889994,13.0,17.0,29.0,0.003676470588235294,1.0,0.5131716413656251,0.3746591095017455,3.4975534024653236,1.0,0.44063524601551607,0.015273582206009237,0.0001443817232596456,0.3114632614450031,37401
273,constant,0.01,0.22692543070941087,0.22742675838913856,0.0062905669442461275,0.0,0.0062905669442461275,0.75,1.000010000100001,1.047205032865026,0.22692543070941087,0.010000000000006304,1.0,0.22692543219598718,0.445374609251226,12.0,17.0,28.0,0.01,1.0,0.5914228199515487,0.00796529742372449,2.4089694512581277,1.0,0.44162702635886963,0.012981928356567085,0.0005013276797276867,0.22063486376516475,37675
273,linear,0.003663003663003663,0.34554572600464806,0.34678664546577986,0.0345121988461099,0.0345121988461099,0.007480401053751353,0.88,1.0869565217391304,1.0260613253795796,0.34554572600464806,0.0036630036630108075,1.0,0.34554572786159715,0.4419314261787498,8.0,17.0,24.0,0.0036630036630036626,1.0,0.6180269241333003,0.8599969652914855,3.509162255964409,1.0,0.44063524601551607,0.015273582206009237,0.0012409194611318064,0.31103352715853816,37675
274,constant,0.01,0.22524954574239714,0.22576984108758527,0.006179894604203488,0.0,0.006179894604203488,0.75,1.000010000100001,1.047205032865026,0.22524954574239714,0.009999999999997178,1.0,0.22524954654698465,0.443590827060458,11.0,17.0,27.0,0.010000000000000002,1.0,0.8152817760361357,0.6048769326131983,2.412316768649172,1.0,0.44162702635886963,0.012981928356567085,0.000520295345188132,0.21906965113819366,37950
274,linear,0.0036496350364963502,0.34393063127959983,0.3459718332716387,0.033331028048934175,0.033331028048934175,0.0073552312122565225,0.88,1.0869565217391304,1.0260613253795796,0.34393063127959983,0.003649635036492009,1.0,0.3439306319221512,0.4512051992955195,12.0,17.0,28.0,0.0036496350364963502,1.0,0.948823063634336,0.4842922085986248,3.516095063452533,1.0,0.44063524601551607,0.015273582206009237,0.002041201992038888,0.31059960323066566,37950
275,constant,0.01,0.2235797248797395,0.22411077825977316,0.006071169364789308,0.0,0.006071169364789308,0.82,1.000010000100001,1.047205032865026,0.2235797248797395,0.010000000000000918,1.0,0.22357972560496986,0.6316332006371427,13.0,17.0,29.0,0.01,1.0,1.0,0.8612806287789451,2.4031971804292445,1.0,0.44109686405639015,0.014214720384555755,0.000531053380033647,0.2175085555149502,38226
275,linear,0.0036363636363636364,0.3423305629790846,0.34312339619888665,0.032147380878578824,0.032147380878578824,0.007232128006349466,0.88,1.0869565217391304,1.0260613253795796,0.3423305629790846,0.0036363636363655203,1.0,0.34233056443046683,0.47934641580017795,8.0,17.0,24.0,0.0036363636363636355,1.0,0.6303542733192442,0.49423707015117796,3.5075936248221744,1.0,0.44063524601551607,0.015273582206009237,0.0007928332198020582,0.31018318210050577,38226
276,constant,0.01,0.22192573357158335,0.22329743445661865,0.005964356969920675,0.0,0.005964356969920675,0.75,1.000010000100001,1.047205032865026,0.22192573357158335,0.009999999999998859,1.0,0.2219257344770121,0.34456434184362356,11.0,17.0,27.0,0.009999999999999998,1.0,0.8427836538059637,0.9658204751548526,2.4126880228306957,1.0,0.44162702635886963,0.012981928356567085,0.0013717008850352985,0.21596137660166267,38503
276,linear,0.0036231884057971015,0.34072870036508596,0.3426744559405316,0.030961259274931208,0.030961259274931208,0.00711105808486548,0.88,1.0869565217391304,1.0260613253795796,0.34072870036508596,0.003623188405796936,1.0,0.3407287011565713,0.43523706317273525,8.0,17.0,24.0,0.0036231884057971015,1.0,0.7229337543249128,0.8390293335986924,3.5192024783212563,1.0,0.44063524601551607,0.015273582206009237,0.001945755575445629,0.30976744109015475,38503
277,constant,0.01,0.22027624397276996,0.22055147898045724,0.005859423766194972,0.0,0.005859423766194972,0.75,1.000010000100001,1.047205032865026,0.22027624397276996,0.009999999999996274,1.0,0.22027624519421432,0.4410847093354878,11.0,17.0,27.0,0.01,1.0,0.7932514796964824,0.45382586441889233,2.396271243676698,1.0,0.44162702635886963,0.012981928356567085,0.00027523500768728004,0.214416820206575,38781
277,linear,0.0036101083032490976,0.339132298830171,0.339499843659112,0.02977801156265858,0.02977801156265858,0.006991988612404605,0.88,1.0707512486174096,1.0260613253795796,0.339132298830171,0.0036101083032455406,1.0,0.33913230008801176,0.4400617964584257,12.0,17.0,28.0,0.0036101083032490976,1.0,0.6422127008438111,0.24839604904907034,3.506024993679936,1.0,0.44063524601551607,0.015273582206009237,0.00036754482894102436,0.3093542872675124,38781
278,constant,0.01,0.21863570151509343,0.21899158552976303,0.005756336692286729,0.0,0.005756336692286729,0.75,1.000010000100001,1.047205032865026,0.21863570151509343,0.009999999999987543,1.0,0.2186357034672017,0.5356065799111767,11.0,17.0,27.0,0.01,1.0,0.0,0.47708987707957357,2.3932951804671774,1.0,0.44162702635886963,0.012981928356567085,0.0003558840146695996,0.2128793648228067,39060
278,linear,0.0035971223021582736,0.33754429438285366,0.339048257091112,0.028812821380381548,0.028812821380381548,0.0068748872620526275,0.88,1.0707512486174096,1.0260613253795796,0.33754429438285366,0.003597122302143966,1.0,0.3375442953664032,0.4408818089405406,8.0,17.0,24.0,0.0035971223021582736,1.0,0.7430164223536853,0.6339724080584885,3.5176338471790216,1.0,0.44063524601551607,0.015273582206009237,0.0015039627082583662,0.3087314730024721,39060
279,constant,0.01,0.21701413245576395,0.21814213009181654,0.005655063268530958,0.0,0.005655063268530958,0.75,1.000010000100001,1.047205032865026,0.21701413245576395,0.010000000000001563,1.0,0.2170141334910798,0.44383108518374587,9.0,17.0,25.0,0.009999999999999998,1.0,0.8206606245017609,0.8531466800166637,2.3966424978582217,1.0,0.44162702635886963,0.012981928356567085,0.0011279976360525912,0.211359069187233,39340
279,linear,0.0035842293906810036,0.33595172474733126,0.3359574522274019,0.027845839836300512,0.027845839836300512,0.006759722208181239,0.88,1.0707512486174096,1.0260613253795796,0.33595172474733126,0.003584229390681793,1.0,0.3359517261289937,0.44074124186640196,8.0,17.0,24.0,0.0035842293906810036,1.0,0.4556901037693024,0.05297616422070585,3.5044563625377014,1.0,0.44063524601551607,0.015273582206009237,5.7274800706608175e-06,0.30810588491103075,39340
280,constant,0.01,0.21539339575533276,0.21548039614790535,0.005555571586689795,0.0,0.005555571586689795,0.75,1.000010000100001,1.047205032865026,0.21539339575533276,0.009999999999999783,1.0,0.21539339681846037,0.4409753827995645,11.0,17.0,27.0,0.01,1.0,0.37678250074386604,0.2777625204655419,2.380225718704224,1.0,0.44162702635886963,0.012981928356567085,8.700039257258929e-05,0.20983782416864297,39621
280,linear,0.0035714285714285713,0.3343777271086306,0.3354760584014481,0.02687706944602697,0.02687706944602697,0.006646462119327467,0.88,1.0707512486174096,1.0260613253795796,0.3343777271086306,0.0035714285714274195,1.0,0.33437772856788833,0.44078811343485674,8.0,17.0,24.0,0.0035714285714285713,1.0,0.7602059204131366,0.4175984668874949,3.5160652160367816,1.0,0.44063524601551607,0.015273582206009237,0.0010983312928175004,0.30750065766260365,39621
281,constant,0.01,0.21378434895571455,0.21405528887454553,0.005457830299899142,0.0,0.005457830299899142,0.75,1.000010000100001,1.047205032865026,0.21378434895571455,0.010000000000007577,1.0,0.21378434963317577,0.44475775959595715,8.0,17.0,24.0,0.01,1.0,0.5911982714664188,0.2379252896421039,2.3772496554947034,1.0,0.44162702635886963,0.012981928356567085,0.00027093991883098134,0.20832651865581542,39903
281,linear,0.0035587188612099642,0.332792369363279,0.33505162332236094,0.02590651267715549,0.02590651267715549,0.006535076151152339,0.88,1.0707512486174096,1.0260613253795796,0.332792369363279,0.003558718861216693,1.0,0.3327923712039441,0.6645839736448278,10.0,17.0,26.0,0.0035587188612099642,1.0,0.8554661262780427,0.9245826848980987,3.527674069535867,1.0,0.44063524601551607,0.015273582206009237,0.0022592539590819416,0.3068858566861235,39903
282,constant,0.01,0.2121899052113886,0.21309492347527498,0.0053618086127922345,0.0,0.0053618086127922345,0.75,1.000010000100001,1.047205032865026,0.2121899052113886,0.010000000000001402,1.0,0.2121899066176078,0.44351763045387566,12.0,17.0,28.0,0.009999999999999998,1.0,0.7991009395569563,0.7412552891518223,2.3805969728857477,1.0,0.44162702635886963,0.012981928356567085,0.0009050182638863646,0.20682809659859638,40186
282,linear,0.0035460992907801418,0.3312287417930313,0.33197478248212825,0.024934171949942296,0.024934171949942296,0.006425533939478764,0.88,1.0707512486174096,1.0260613253795796,0.3312287417930313,0.003546099290778462,1.0,0.3312287427676557,0.4410874136075955,8.0,17.0,24.0,0.0035460992907801418,1.0,0.767374712228775,0.14419126033571097,3.514496584894547,1.0,0.44063524601551607,0.015273582206009237,0.0007460406890969495,0.306294569843089,40186
283,constant,0.01,0.2105993148710415,0.21086207997817488,0.005267476271796917,0.0,0.005267476271796917,0.75,1.000010000100001,1.047205032865026,0.2105993148710415,0.010000000000005107,1.0,0.2105993154750403,0.44080412040758954,13.0,17.0,29.0,0.01,1.0,0.35121052749454973,0.06138223750254472,2.36418019373175,1.0,0.44162702635886963,0.012981928356567085,0.00026276510713338364,0.2053318385992446,40470
283,linear,0.0035335689045936395,0.3296584666384929,0.331565029883852,0.023960049637970937,0.023960049637970937,0.006317805593408528,0.88,1.0707512486174096,1.0260613253795796,0.3296584666384929,0.0035335689045956644,1.0,0.3296584683936792,0.26689756535519893,12.0,17.0,28.0,0.0035335689045936395,1.0,0.8676264584064484,0.5332961872103226,3.5261054383936323,1.0,0.44063524601551607,0.015273582206009237,0.0019065632453590942,0.30569841700052197,40470
284,constant,0.01,0.2090228027376486,0.20937747579171528,0.005174803555603658,0.0,0.005174803555603658,0.75,1.000010000100001,1.047205032865026,0.2090228027376486,0.01000000000000749,1.0,0.20902280380162525,0.44420989093861274,12.0,17.0,28.0,0.01,1.0,0.5668197989463806,0.08500340636795282,2.3612041305222293,1.0,0.44162702635886963,0.012981928356567085,0.00035467305406669536,0.20384799918204494,40755
284,linear,0.0035211267605633804,0.328097831602748,0.3286315697717675,0.02298414806880633,0.02298414806880633,0.0062118616885182614,0.88,1.0707512486174096,1.0260613253795796,0.328097831602748,0.003521126760569473,1.0,0.32809783295650274,0.44244937834253484,10.0,17.0,26.0,0.0035211267605633804,1.0,0.5678315639495848,0.6019224373158943,3.51760399976327,1.0,0.44063524601551607,0.015273582206009237,0.0005337381690194709,0.3051136835339417,40755
285,constant,0.01,0.2074525910994113,0.20815413040158975,0.00508376126580123,0.0,0.00508376126580123,0.75,1.000010000100001,1.047205032865026,0.2074525910994113,0.009999999999996775,1.0,0.2074525921704071,0.4418513104869753,10.0,17.0,26.0,0.01,1.0,0.7780725954798982,0.6207598816969178,2.3645514479132737,1.0,0.44162702635886963,0.012981928356567085,0.00070153930217845,0.20236882983361007,41041
285,linear,0.0035087719298245615,0.3265427198112125,0.32827780744268625,0.022006469524636807,0.022006469524636807,0.006107673260134179,0.88,1.0707512486174096,1.0260613253795796,0.3265427198112125,0.0035087719298215955,1.0,0.32654272106029647,0.44051260452843866,7.0,17.0,23.0,0.0035087719298245606,1.0,0.6563471853733063,0.9356335279634805,3.5292128532623557,1.0,0.44063524601551607,0.015273582206009237,0.0017350876314737307,0.3045362502865757,41041
286,constant,0.01,0.20589326206835917,0.20678330046354143,0.004994320717677188,0.0,0.004994320717677188,0.75,1.000010000100001,1.047205032865026,0.20589326206835917,0.009999999999995547,1.0,0.20589326405831515,0.5524865831524598,10.0,17.0,26.0,0.01,1.0,0.992018383461982,0.7551651004541685,2.3615753847037535,1.0,0.44162702635886963,0.012981928356567085,0.0008900383951822577,0.20089894135068198,41328
286,linear,0.0034965034965034965,0.3249860040197451,0.3252005932856235,0.021027016242904484,0.021027016242904484,0.006005211796685502,0.88,1.0707512486174096,1.0260613253795796,0.3249860040197451,0.003496503496498388,1.0,0.3249860055022146,0.42406193742900505,10.0,17.0,26.0,0.0034965034965034965,1.0,0.5662914752727374,0.18033840784940194,3.5160353686210355,1.0,0.44063524601551607,0.015273582206009237,0.00021458926587841765,0.3039589877768406,41328
287,constant,0.01,0.20434823725427412,0.20465162840762696,0.004906453731180153,0.0,0.004906453731180153,0.75,1.000010000100001,1.047205032865026,0.20434823725427412,0.010000000000000875,1.0,0.2043482387018486,0.443852927284886,14.0,17.0,30.0,0.01,1.0,0.5459867372643201,0.6431371198132879,2.3514819861503202,1.0,0.44162702635886963,0.012981928356567085,0.0003033911533528444,0.19944178352309397,41616
287,linear,0.003484320557491289,0.32344505596577916,0.32481818467287926,0.02014041338949213,0.02014041338949213,0.005904449233136187,0.88,1.0577263889117783,1.0260613253795796,0.32344505596577916,0.0034843205574902614,1.0,0.323445057642027,0.4409341327568384,7.0,17.0,23.0,0.003484320557491289,1.0,0.6729812502861022,0.6563955929978618,3.527644222120121,1.0,0.44063524601551607,0.015273582206009237,0.001373128707100102,0.30330464257628703,41616
288,constant,0.01,0.20280455748270967,0.20331807347052855,0.004820132622041126,0.0,0.004820132622041126,0.75,1.000010000100001,1.047205032865026,0.20280455748270967,0.00999999999999544,1.0,0.2028045583331971,0.4410272453882131,11.0,17.0,27.0,0.009999999999999998,1.0,0.757540744543076,0.48152663641413457,2.3485059229407996,1.0,0.44162702635886963,0.012981928356567085,0.0005135159878188744,0.19798442486066856,41905
288,linear,0.003472222222222222,0.3218958634588342,0.32434104861012436,0.01934102605055843,0.01934102605055843,0.00580535794449479,0.88,1.0577263889117783,1.0260613253795796,0.3218958634588342,0.0034722222222151114,1.0,0.3218958649786817,0.43699198192534905,12.0,17.0,28.0,0.003472222222222222,1.0,0.9877621755003929,0.4433669278340473,3.5345770296082413,1.0,0.44063524601551607,0.015273582206009237,0.0024451851512901634,0.30255483740827577,41905
289,constant,0.01,0.20127450809868316,0.2020145960159103,0.004735330193050985,0.0,0.004735330193050985,0.75,1.000010000100001,1.047205032865026,0.20127450809868316,0.010000000000001267,1.0,0.20127450935544144,0.43834769671366625,7.0,17.0,23.0,0.01,1.0,0.9688513278961182,0.5312990969391018,2.3455298597312795,1.0,0.44162702635886963,0.012981928356567085,0.000740087917227128,0.1965391779056322,42195
289,linear,0.0034602076124567475,0.3203654879288871,0.3213987164656489,0.01854034076730282,0.01854034076730282,0.005707910739402106,0.88,1.0577263889117783,1.0260613253795796,0.3203654879288871,0.0034602076124599216,1.0,0.3203654891351023,0.44087723586994726,8.0,17.0,24.0,0.003460207612456747,1.0,0.690238512121141,0.4485583121938559,3.5260755909778827,1.0,0.44063524601551607,0.015273582206009237,0.0010332285367617988,0.30182514716158426,42195
290,constant,0.01,0.1997588258538623,0.201120431135981,0.00465201972549148,0.0,0.00465201972549148,0.75,1.000010000100001,1.047205032865026,0.1997588258538623,0.010000000000005886,1.0,0.1997588277332732,0.44362765497836293,13.0,17.0,29.0,0.009999999999999998,1.0,0.784183636191301,0.9640812682012928,2.348877177122324,1.0,0.44162702635886963,0.012981928356567085,0.0013616052821187052,0.1951068061283708,42486
290,linear,0.0034482758620689655,0.3188275963294754,0.3210713617419073,0.017738359890942523,0.017738359890942523,0.005612080853796324,0.88,1.0577263889117783,1.0260613253795796,0.3188275963294754,0.0034482758620730997,1.0,0.31882759699942176,0.44048110114020556,10.0,17.0,26.0,0.0034482758620689655,1.0,0.7803322011604905,0.8579940471897924,3.537684444476968,1.0,0.44063524601551607,0.015273582206009237,0.0022437654124319306,0.30108923643853286,42486
291,constant,0.01,0.1982439747255471,0.19858508623506518,0.004570174970716938,0.0,0.004570174970716938,0.75,1.000010000100001,1.047205032865026,0.1982439747255471,0.009999999999996814,1.0,0.19824397535961155,0.4408594854319391,12.0,17.0,28.0,0.01,1.0,0.7374660240282536,0.31175674713773266,2.3324603979683256,1.0,0.44162702635886963,0.012981928356567085,0.0003411115095180717,0.19367379975483018,42778
291,linear,0.003436426116838488,0.3173040692775777,0.31802423549178194,0.016935085736857758,0.016935085736857758,0.005517841944655281,0.88,1.0577263889117783,1.0260613253795796,0.3173040692775777,0.0034364261168367593,1.0,0.3173040700748201,0.44087126155244116,9.0,17.0,25.0,0.003436426116838488,1.0,0.7059552196413276,0.26564015069754304,3.524506959835648,1.0,0.44063524601551607,0.015273582206009237,0.000720166214204232,0.30036898354071995,42778
292,constant,0.01,0.19674386044176692,0.19734637570606356,0.004489770141884112,0.0,0.004489770141884112,0.75,1.000010000100001,1.047205032865026,0.19674386044176692,0.010000000000004148,1.0,0.19674386188416293,0.3803676171612654,11.0,17.0,27.0,0.01,1.0,0.9462986139114946,0.38197953187355826,2.3294843347588055,1.0,0.44162702635886963,0.012981928356567085,0.000602515264296638,0.1922540902998828,43071
292,linear,0.003424657534246575,0.3157796737510629,0.31770600887069406,0.016130520585087016,0.016130520585087016,0.005425168083815467,0.88,1.0577263889117783,1.0260613253795796,0.3157796737510629,0.0034246575342483355,1.0,0.31577967443959615,0.4406974163541327,9.0,17.0,25.0,0.0034246575342465747,1.0,0.7994657409435602,0.6671244909082438,3.53611581333473,1.0,0.44063524601551607,0.015273582206009237,0.0019263351196311396,0.2996491531659759,43071
293,constant,0.01,0.19525363290224587,0.19644386657062365,0.004410779905827509,0.0,0.004410779905827509,0.75,1.000010000100001,1.047205032865026,0.19525363290224587,0.010000000000007706,1.0,0.1952536335405293,0.2182026035631655,12.0,17.0,28.0,0.009999999999999998,1.0,0.764122748519003,0.8872347079215211,2.3328316521498498,1.0,0.44162702635886963,0.012981928356567085,0.0011902336683777825,0.19084285299641837,43365
293,linear,0.0034129692832764505,0.3142609519202972,0.3147040615001373,0.015324666680812782,0.015324666680812782,0.0053340337518674045,0.88,1.0577263889117783,1.0260613253795796,0.3142609519202972,0.003412969283282011,1.0,0.3142609526040058,0.44089078068404514,9.0,17.0,25.0,0.0034129692832764505,1.0,0.714932825398864,0.07107028912436865,3.5229383286934097,1.0,0.44063524601551607,0.015273582206009237,0.00044310957984011745,0.2989362852394844,43365
294,constant,0.01,0.19376887554718894,0.19403904930743165,0.004333179375077655,0.0,0.004333179375077655,0.75,1.000010000100001,1.047205032865026,0.19376887554718894,0.009999999999999357,1.0,0.19376887665826806,0.44032044746737664,10.0,17.0,26.0,0.01,1.0,0.3385454720119013,0.09699730362371685,2.3164148729958516,1.0,0.44162702635886963,0.012981928356567085,0.00027017376024271456,0.18943569617211128,43660
294,linear,0.003401360544217687,0.312750261282171,0.3143964684618532,0.014517526234839484,0.014517526234839484,0.0052444138321269314,0.88,1.0577263889117783,1.0260613253795796,0.312750261282171,0.0034013605442130288,1.0,0.31275026185165256,0.44089940121133714,8.0,17.0,24.0,0.003401360544217687,1.0,0.813449001312256,0.4095000287276803,3.534547182192495,1.0,0.44063524601551607,0.015273582206009237,0.0016462071796822242,0.2982327350473315,43660
295,constant,0.01,0.19229888711945597,0.1927769960588419,0.004256944100019817,0.0,0.004256944100019817,0.75,1.000010000100001,1.047205032865026,0.19229888711945597,0.00999999999999443,1.0,0.19229888791974045,0.4436105019123715,10.0,17.0,26.0,0.01,1.0,0.9243337294261436,0.27881079493031985,2.313438809786331,1.0,0.44162702635886963,0.012981928356567085,0.000478108939385935,0.18804194301943616,43956
295,linear,0.003389830508474576,0.3112363902018328,0.31140628884128596,0.013788007445282857,0.013788007445282857,0.0051562836046819445,0.88,1.047205032865026,1.0260613253795796,0.3112363902018328,0.003389830508467176,1.0,0.31123639203468845,0.44113433368841154,8.0,17.0,24.0,0.003389830508474576,1.0,0.5237770617008208,0.3799672056453951,3.5260457435621366,1.0,0.44063524601551607,0.015273582206009237,0.00016989863945315875,0.29744838275654994,43956
296,constant,0.01,0.1908316443935266,0.19186725273208788,0.00418205006119064,0.0,0.00418205006119064,0.75,1.000010000100001,1.047205032865026,0.1908316443935266,0.009999999999997651,1.0,0.19083164613255568,0.443485073295683,11.0,17.0,27.0,0.009999999999999997,1.0,0.7445502139627933,0.8030007642593091,2.3167861271773758,1.0,0.44162702635886963,0.012981928356567085,0.0010356083385612835,0.18664959433233597,44253
296,linear,0.0033783783783783786,0.30973964772165996,0.3111719437027896,0.013127633387664983,0.013127633387664983,0.005069618740514238,0.88,1.047205032865026,1.0260613253795796,0.30973964772165996,0.003378378378371984,1.0,0.3097396491821889,0.44137210838684926,7.0,17.0,23.0,0.0033783783783783786,1.0,0.8081030577421187,0.019066125558417128,3.532978551050257,1.0,0.44063524601551607,0.015273582206009237,0.0014322959811296498,0.296612014333995,44253
297,constant,0.01,0.18937838179169308,0.19072008416190253,0.004108473661710342,0.0,0.004108473661710342,0.75,1.000010000100001,1.047205032865026,0.18937838179169308,0.009999999999997353,1.0,0.18937838272706048,0.4393266824097187,8.0,17.0,24.0,0.01,1.0,0.9489670167677104,0.8745075730339008,2.313810063967857,1.0,0.44162702635886963,0.012981928356567085,0.0013417023702094466,0.18526990812998273,44551
297,linear,0.003367003367003367,0.30823391778110265,0.31082044970969086,0.012466309064661396,0.012466309064661396,0.004984395295695783,0.88,1.047205032865026,1.0260613253795796,0.30823391778110265,0.0033670033669990214,1.0,0.30823391847204895,0.3584791066748254,12.0,17.0,28.0,0.003367003367003367,1.0,0.9246669440763069,0.8245293150525919,3.5445874045493424,1.0,0.44063524601551607,0.015273582206009237,0.0025865319285882094,0.29576760871644125,44551
298,constant,0.01,0.1879371426842834,0.18830481504011495,0.004036191719848021,0.0,0.004036191719848021,0.75,1.000010000100001,1.047205032865026,0.1879371426842834,0.009999999999992676,1.0,0.18793714424489377,0.44395036472700733,10.0,17.0,26.0,0.01,1.0,0.9029330729390493,0.20373502960935938,2.297393284813857,1.0,0.44162702635886963,0.012981928356567085,0.00036767235583154423,0.1839009509644354,44850
298,linear,0.003355704697986577,0.3067480140699027,0.3079095512489442,0.011804036576691712,0.011804036576691712,0.004900589705659128,0.88,1.047205032865026,1.0260613253795796,0.3067480140699027,0.003355704697978646,1.0,0.3067480151723933,0.44097220983886176,7.0,17.0,23.0,0.003355704697986577,1.0,0.8331829309463501,0.6432757882996077,3.536085965918984,1.0,0.44063524601551607,0.015273582206009237,0.0011615371790414941,0.294943977493211,44850
299,constant,0.01,0.18649571599288897,0.18738892399793003,0.003965181461717807,0.0,0.003965181461717807,0.75,1.000010000100001,1.047205032865026,0.18649571599288897,0.009999999999997762,1.0,0.18649571702809956,0.44172562870201737,8.0,17.0,24.0,0.009999999999999998,1.0,0.7254394871299154,0.7046785079868099,2.3007406022049017,1.0,0.44162702635886963,0.012981928356567085,0.0008932080050410574,0.18253053453117116,45150
299,linear,0.0033444816053511705,0.305255507561089,0.3077033208758976,0.011140817996624586,0.011140817996624586,0.004818178779541302,0.88,1.047205032865026,1.0260613253795796,0.305255507561089,0.0033444816053486877,1.0,0.30525550820813135,0.44060864986166315,7.0,17.0,23.0,0.00334448160535117,1.0,0.9043088316393549,0.9796261262369619,3.547694819418064,1.0,0.44063524601551607,0.015273582206009237,0.002447813314808589,0.2941146895644644,45150
300,constant,0.01,0.18507157617330072,0.18630072924721092,0.003895420514103475,0.0,0.003895420514103475,0.75,1.000010000100001,1.047205032865026,0.18507157617330072,0.00999999999999561,1.0,0.185071576702342,0.4343617260471695,8.0,17.0,24.0,0.01,1.0,0.9274066071200652,0.7244976039923966,2.297764538995383,1.0,0.44162702635886963,0.012981928356567085,0.0012291530739101941,0.18117615565919726,45451
300,linear,0.0033333333333333335,0.3037754288874821,0.3046831275771096,0.01047665537015019,0.01047665537015019,0.004737139694600666,0.88,1.047205032865026,1.0260613253795796,0.3037754288874821,0.0033333333333281597,1.0,0.3037754294758834,0.4409017009513208,8.0,17.0,24.0,0.0033333333333333335,1.0,0.860473521053791,0.4019754761033412,3.534517334776744,1.0,0.44063524601551607,0.015273582206009237,0.0009076986896274786,0.2932987735173319,45451
